Column,Index_1based,Name,Origin
A,1,Record_type,PRESERVED_V1
B,2,Stage,PRESERVED_V1
C,3,Case_ID,PRESERVED_V1
D,4,Dataset,PRESERVED_V1
E,5,Cohort,PRESERVED_V1
F,6,Server,PRESERVED_V1
G,7,Role,PRESERVED_V1
H,8,Status,PRESERVED_V1
I,9,Experiment,PRESERVED_V1
J,10,Run_ID,PRESERVED_V1
K,11,Pair_ID,PRESERVED_V1
L,12,Selection,PRESERVED_V1
M,13,Step,PRESERVED_V1
N,14,Split_probe,PRESERVED_V1
O,15,Input_HW,PRESERVED_V1
P,16,N_units,PRESERVED_V1
Q,17,HQNR,PRESERVED_V1
R,18,D_s,PRESERVED_V1
S,19,D_lambda,PRESERVED_V1
T,20,JQM,PRESERVED_V1
U,21,ERGAS,PRESERVED_V1
V,22,SCC,PRESERVED_V1
W,23,SAM,PRESERVED_V1
X,24,PSNR,PRESERVED_V1
Y,25,SSIM,PRESERVED_V1
Z,26,Q4_Q8,PRESERVED_V1
AA,27,RMSE,PRESERVED_V1
AB,28,CC,PRESERVED_V1
AC,29,Infer_ms,PRESERVED_V1
AD,30,Mem_MB,PRESERVED_V1
AE,31,Train_h,PRESERVED_V1
AF,32,Eval_h,PRESERVED_V1
AG,33,Gain,PRESERVED_V1
AH,34,Gain_y,PRESERVED_V1
AI,35,Gain_x,PRESERVED_V1
AJ,36,Offset_MAE_px,PRESERVED_V1
AK,37,Offset_EPE_px,PRESERVED_V1
AL,38,Joint_shift_EPE_px,PRESERVED_V1
AM,39,Native_c_dy,PRESERVED_V1
AN,40,Native_c_dx,PRESERVED_V1
AO,41,Mean_norm_c,PRESERVED_V1
AP,42,Std_c,PRESERVED_V1
AQ,43,Residual_proxy_px,PRESERVED_V1
AR,44,Delta_HQNR,PRESERVED_V1
AS,45,Delta_ERGAS_pct,PRESERVED_V1
AT,46,Delta_offset_MAE,PRESERVED_V1
AU,47,Delta_proxy,PRESERVED_V1
AV,48,Grad_ratio,PRESERVED_V1
AW,49,Grad_cos,PRESERVED_V1
AX,50,Metric_name,PRESERVED_V1
AY,51,Estimate,PRESERVED_V1
AZ,52,CI_low,PRESERVED_V1
BA,53,CI_high,PRESERVED_V1
BB,54,N_scenes,PRESERVED_V1
BC,55,N_patches,PRESERVED_V1
BD,56,Epsilon_radius_px,PRESERVED_V1
BE,57,Direction,PRESERVED_V1
BF,58,Reference_kind,PRESERVED_V1
BG,59,Lambda_epsilon,PRESERVED_V1
BH,60,Offset_every,PRESERVED_V1
BI,61,Lambda_shiftrec,PRESERVED_V1
BJ,62,Lambda_scale,PRESERVED_V1
BK,63,A_peak_lr,PRESERVED_V1
BL,64,U_peak_lr,PRESERVED_V1
BM,65,Grad_scope,PRESERVED_V1
BN,66,Grad_rec_norm,PRESERVED_V1
BO,67,Grad_off_raw_norm,PRESERVED_V1
BP,68,Grad_off_weighted_norm,PRESERVED_V1
BQ,69,Gain_num,PRESERVED_V1
BR,70,Gain_den,PRESERVED_V1
BS,71,Attempt,PRESERVED_V1
BT,72,Gain_train64,PRESERVED_V1
BU,73,Gain_RR256,PRESERVED_V1
BV,74,Gain_FR512,PRESERVED_V1
BW,75,Low_texture_fraction,PRESERVED_V1
BX,76,Valid_fraction,PRESERVED_V1
BY,77,Train_seed,PRESERVED_V1
BZ,78,Probe_seed,PRESERVED_V1
CA,79,Initial_U_SHA,PRESERVED_V1
CB,80,Initial_A_SHA,PRESERVED_V1
CC,81,Checkpoint_SHA,PRESERVED_V1
CD,82,Teacher_SHA,PRESERVED_V1
CE,83,Data_SHA,PRESERVED_V1
CF,84,LP_SHA,PRESERVED_V1
CG,85,Source_SHA,PRESERVED_V1
CH,86,Evaluator_SHA,PRESERVED_V1
CI,87,Stream_SHA,PRESERVED_V1
CJ,88,Config_SHA,PRESERVED_V1
CK,89,Manifest_SHA,PRESERVED_V1
CL,90,Readback_status,PRESERVED_V1
CM,91,Expected_count,PRESERVED_V1
CN,92,Completed_count,PRESERVED_V1
CO,93,Scene_ID,PRESERVED_V1
CP,94,Parent_scene_ID,PRESERVED_V1
CQ,95,Crop_yxhw,PRESERVED_V1
CR,96,Scale_factor,PRESERVED_V1
CS,97,Asset_manifest_URI,PRESERVED_V1
CT,98,Raw_results_URI,PRESERVED_V1
CU,99,Record_ID,PRESERVED_V1
CV,100,Schema_version,PRESERVED_V1
CW,101,Created_UTC,PRESERVED_V1
CX,102,Reason,PRESERVED_V1
CY,103,Selection_split,PRESERVED_V1
CZ,104,Test_aware,PRESERVED_V1
DA,105,Evidence_kind,PRESERVED_V1
DB,106,Replica,PRESERVED_V1
DC,107,Control_ID,PRESERVED_V1
DD,108,Measurement_domain,PRESERVED_V1
DE,109,Epsilon_effective_count,PRESERVED_V1
DF,110,Student_A_retention,PRESERVED_V1
DG,111,Model_variant,PRESERVED_V1
DH,112,Paired_scope,PRESERVED_V1
DI,113,Campaign_ID,ADDED_V2
DJ,114,Model_scope,ADDED_V2
DK,115,Aligner_policy,ADDED_V2
DL,116,A_reference,ADDED_V2
DM,117,U_reference,ADDED_V2
DN,118,LMS_SHA,ADDED_V2
DO,119,LMS_operator_SHA,ADDED_V2
DP,120,Struct_target,ADDED_V2
DQ,121,Struct_descriptor,ADDED_V2
DR,122,Struct_branch,ADDED_V2
DS,123,Lambda_struct,ADDED_V2
DT,124,A_receives_rec,ADDED_V2
DU,125,Struct_loss,ADDED_V2
DV,126,Grad_struct_raw_norm,ADDED_V2
DW,127,Grad_struct_weighted_norm,ADDED_V2
DX,128,Grad_cos_rec_struct,ADDED_V2
DY,129,Grad_cos_eps_struct,ADDED_V2
DZ,130,Offline_shift_SHA,ADDED_V2
EA,131,Shift_estimator,ADDED_V2
EB,132,Shift_confidence,ADDED_V2
EC,133,Global_or_per_image,ADDED_V2
ED,134,N_train_seeds,ADDED_V2
EE,135,Seed_std,ADDED_V2
EF,136,Delta_gain,ADDED_V2
EG,137,Delta_proxy_GT,ADDED_V2
EH,138,Delta_proxy_LMS,ADDED_V2
EI,139,Learned_time_ms,ADDED_V2
EJ,140,Registration_ms,ADDED_V2
EK,141,Pipeline_ms,ADDED_V2
EL,142,Params_M,ADDED_V2
EM,143,FLOPs_G,ADDED_V2
EN,144,Effective_updates,ADDED_V2
EO,145,Expected_repeats,ADDED_V2
EP,146,Completed_repeats,ADDED_V2
EQ,147,Phase_dx,ADDED_V2
ER,148,Phase_dy,ADDED_V2
ES,149,Phase_MAE,ADDED_V2
ET,150,Failure_fraction,ADDED_V2
EU,151,Repeat_status,ADDED_V2
EV,152,Upload_receipt_SHA,ADDED_V2
