case_id,kind,role,server,tier,eligible_when,block_ids,layout,input_channels,width,depth,teacher_ref_alias,teacher_seed,student_seed,profile,total_updates,teacher_run_id,teacher_checkpoint_sha256,lr_U_peak,lr_A_peak,A_multiplier_after_10000,alpha,beta,lambda_E,planned_config_path,status
FH20R1_S1_S_PLH_W104_D121_WV3_TF1_TS71001_SS73101_BASE_FRESH50_v1,TRAIN,S,s1,CORE,S1_NO_A_SUPPORT_OR_INCONCLUSIVE,"[""FH20R1_S1_B01""]",PLH,11,104,"[1, 2, 1]",F1,71001,73101,BASE,50000,FH12_S1_T_P0_W112_D123_WV3_S71001_FRESH50_v1,04ef8e756ae8b229c67ef14daf1912f0658f2e5c8bfe30afa9e0b476486fc519,0.0001,3e-06,1.0,1.0,0.1,0.002,config/FH20R1_S1_S_PLH_W104_D121_WV3_TF1_TS71001_SS73101_BASE_FRESH50_v1.yaml,PLANNED_NOT_REGISTERED
FH20R1_S1_S_PLH_W104_D121_WV3_TF1_TS71001_SS73102_BASE_FRESH50_v1,TRAIN,S,s1,CORE,S1_NO_A_SUPPORT_OR_INCONCLUSIVE,"[""FH20R1_S1_B02""]",PLH,11,104,"[1, 2, 1]",F1,71001,73102,BASE,50000,FH12_S1_T_P0_W112_D123_WV3_S71001_FRESH50_v1,04ef8e756ae8b229c67ef14daf1912f0658f2e5c8bfe30afa9e0b476486fc519,0.0001,3e-06,1.0,1.0,0.1,0.002,config/FH20R1_S1_S_PLH_W104_D121_WV3_TF1_TS71001_SS73102_BASE_FRESH50_v1.yaml,PLANNED_NOT_REGISTERED
FH20R1_S1_S_PLH_W104_D121_WV3_TF1_TS71001_SS73103_BASE_FRESH50_v1,TRAIN,S,s1,CORE,S1_NO_A_SUPPORT_OR_INCONCLUSIVE,"[""FH20R1_S1_B03""]",PLH,11,104,"[1, 2, 1]",F1,71001,73103,BASE,50000,FH12_S1_T_P0_W112_D123_WV3_S71001_FRESH50_v1,04ef8e756ae8b229c67ef14daf1912f0658f2e5c8bfe30afa9e0b476486fc519,0.0001,3e-06,1.0,1.0,0.1,0.002,config/FH20R1_S1_S_PLH_W104_D121_WV3_TF1_TS71001_SS73103_BASE_FRESH50_v1.yaml,PLANNED_NOT_REGISTERED
FH20R1_S1_S_PLH_W104_D121_WV3_TF1_TS71001_SS73104_BASE_FRESH50_v1,TRAIN,S,s1,CORE,S1_NO_A_SUPPORT_OR_INCONCLUSIVE,"[""FH20R1_S1_B04""]",PLH,11,104,"[1, 2, 1]",F1,71001,73104,BASE,50000,FH12_S1_T_P0_W112_D123_WV3_S71001_FRESH50_v1,04ef8e756ae8b229c67ef14daf1912f0658f2e5c8bfe30afa9e0b476486fc519,0.0001,3e-06,1.0,1.0,0.1,0.002,config/FH20R1_S1_S_PLH_W104_D121_WV3_TF1_TS71001_SS73104_BASE_FRESH50_v1.yaml,PLANNED_NOT_REGISTERED
FH20R1_S1_S_PLH_W104_D121_WV3_TF1_TS71001_SS73105_BASE_FRESH50_v1,TRAIN,S,s1,CORE,S1_NO_A_SUPPORT_OR_INCONCLUSIVE,"[""FH20R1_S1_B05""]",PLH,11,104,"[1, 2, 1]",F1,71001,73105,BASE,50000,FH12_S1_T_P0_W112_D123_WV3_S71001_FRESH50_v1,04ef8e756ae8b229c67ef14daf1912f0658f2e5c8bfe30afa9e0b476486fc519,0.0001,3e-06,1.0,1.0,0.1,0.002,config/FH20R1_S1_S_PLH_W104_D121_WV3_TF1_TS71001_SS73105_BASE_FRESH50_v1.yaml,PLANNED_NOT_REGISTERED
FH20R1_S1_S_PLH_W104_D121_WV3_TF1_TS71001_SS73106_BASE_FRESH50_v1,TRAIN,S,s1,CORE,S1_NO_A_SUPPORT_OR_INCONCLUSIVE,"[""FH20R1_S1_B06""]",PLH,11,104,"[1, 2, 1]",F1,71001,73106,BASE,50000,FH12_S1_T_P0_W112_D123_WV3_S71001_FRESH50_v1,04ef8e756ae8b229c67ef14daf1912f0658f2e5c8bfe30afa9e0b476486fc519,0.0001,3e-06,1.0,1.0,0.1,0.002,config/FH20R1_S1_S_PLH_W104_D121_WV3_TF1_TS71001_SS73106_BASE_FRESH50_v1.yaml,PLANNED_NOT_REGISTERED
FH20R1_S1_S_PLH_W104_D121_WV3_TF1_TS71001_SS73107_BASE_FRESH50_v1,TRAIN,S,s1,CORE,S1_NO_A_SUPPORT_OR_INCONCLUSIVE,"[""FH20R1_S1_B07""]",PLH,11,104,"[1, 2, 1]",F1,71001,73107,BASE,50000,FH12_S1_T_P0_W112_D123_WV3_S71001_FRESH50_v1,04ef8e756ae8b229c67ef14daf1912f0658f2e5c8bfe30afa9e0b476486fc519,0.0001,3e-06,1.0,1.0,0.1,0.002,config/FH20R1_S1_S_PLH_W104_D121_WV3_TF1_TS71001_SS73107_BASE_FRESH50_v1.yaml,PLANNED_NOT_REGISTERED
FH20R1_S1_S_PLH_W104_D122_WV3_TF1_TS71001_SS73101_A10_FRESH50_v1,TRAIN,S,s1,CORE,S1_A_SUPPORT,"[""FH20R1_S1_B01""]",PLH,11,104,"[1, 2, 2]",F1,71001,73101,A10,50000,FH12_S1_T_P0_W112_D123_WV3_S71001_FRESH50_v1,04ef8e756ae8b229c67ef14daf1912f0658f2e5c8bfe30afa9e0b476486fc519,0.0001,3e-06,0.3333333333333333,1.0,0.1,0.002,config/FH20R1_S1_S_PLH_W104_D122_WV3_TF1_TS71001_SS73101_A10_FRESH50_v1.yaml,PLANNED_NOT_REGISTERED
FH20R1_S1_S_PLH_W104_D122_WV3_TF1_TS71001_SS73101_BASE_FRESH50_v1,TRAIN,S,s1,CORE,ALWAYS,"[""FH20R1_S1_B01""]",PLH,11,104,"[1, 2, 2]",F1,71001,73101,BASE,50000,FH12_S1_T_P0_W112_D123_WV3_S71001_FRESH50_v1,04ef8e756ae8b229c67ef14daf1912f0658f2e5c8bfe30afa9e0b476486fc519,0.0001,3e-06,1.0,1.0,0.1,0.002,config/FH20R1_S1_S_PLH_W104_D122_WV3_TF1_TS71001_SS73101_BASE_FRESH50_v1.yaml,PLANNED_NOT_REGISTERED
FH20R1_S1_S_PLH_W104_D122_WV3_TF1_TS71001_SS73102_A10_FRESH50_v1,TRAIN,S,s1,CORE,S1_A_SUPPORT,"[""FH20R1_S1_B02""]",PLH,11,104,"[1, 2, 2]",F1,71001,73102,A10,50000,FH12_S1_T_P0_W112_D123_WV3_S71001_FRESH50_v1,04ef8e756ae8b229c67ef14daf1912f0658f2e5c8bfe30afa9e0b476486fc519,0.0001,3e-06,0.3333333333333333,1.0,0.1,0.002,config/FH20R1_S1_S_PLH_W104_D122_WV3_TF1_TS71001_SS73102_A10_FRESH50_v1.yaml,PLANNED_NOT_REGISTERED
FH20R1_S1_S_PLH_W104_D122_WV3_TF1_TS71001_SS73102_BASE_FRESH50_v1,TRAIN,S,s1,CORE,ALWAYS,"[""FH20R1_S1_B02""]",PLH,11,104,"[1, 2, 2]",F1,71001,73102,BASE,50000,FH12_S1_T_P0_W112_D123_WV3_S71001_FRESH50_v1,04ef8e756ae8b229c67ef14daf1912f0658f2e5c8bfe30afa9e0b476486fc519,0.0001,3e-06,1.0,1.0,0.1,0.002,config/FH20R1_S1_S_PLH_W104_D122_WV3_TF1_TS71001_SS73102_BASE_FRESH50_v1.yaml,PLANNED_NOT_REGISTERED
FH20R1_S1_S_PLH_W104_D122_WV3_TF1_TS71001_SS73103_A10_FRESH50_v1,TRAIN,S,s1,CORE,S1_A_SUPPORT,"[""FH20R1_S1_B03""]",PLH,11,104,"[1, 2, 2]",F1,71001,73103,A10,50000,FH12_S1_T_P0_W112_D123_WV3_S71001_FRESH50_v1,04ef8e756ae8b229c67ef14daf1912f0658f2e5c8bfe30afa9e0b476486fc519,0.0001,3e-06,0.3333333333333333,1.0,0.1,0.002,config/FH20R1_S1_S_PLH_W104_D122_WV3_TF1_TS71001_SS73103_A10_FRESH50_v1.yaml,PLANNED_NOT_REGISTERED
FH20R1_S1_S_PLH_W104_D122_WV3_TF1_TS71001_SS73103_BASE_FRESH50_v1,TRAIN,S,s1,CORE,ALWAYS,"[""FH20R1_S1_B03""]",PLH,11,104,"[1, 2, 2]",F1,71001,73103,BASE,50000,FH12_S1_T_P0_W112_D123_WV3_S71001_FRESH50_v1,04ef8e756ae8b229c67ef14daf1912f0658f2e5c8bfe30afa9e0b476486fc519,0.0001,3e-06,1.0,1.0,0.1,0.002,config/FH20R1_S1_S_PLH_W104_D122_WV3_TF1_TS71001_SS73103_BASE_FRESH50_v1.yaml,PLANNED_NOT_REGISTERED
FH20R1_S1_S_PLH_W104_D122_WV3_TF1_TS71001_SS73104_A10_FRESH50_v1,TRAIN,S,s1,CORE,S1_A_SUPPORT,"[""FH20R1_S1_B04""]",PLH,11,104,"[1, 2, 2]",F1,71001,73104,A10,50000,FH12_S1_T_P0_W112_D123_WV3_S71001_FRESH50_v1,04ef8e756ae8b229c67ef14daf1912f0658f2e5c8bfe30afa9e0b476486fc519,0.0001,3e-06,0.3333333333333333,1.0,0.1,0.002,config/FH20R1_S1_S_PLH_W104_D122_WV3_TF1_TS71001_SS73104_A10_FRESH50_v1.yaml,PLANNED_NOT_REGISTERED
FH20R1_S1_S_PLH_W104_D122_WV3_TF1_TS71001_SS73104_BASE_FRESH50_v1,TRAIN,S,s1,CORE,ALWAYS,"[""FH20R1_S1_B04""]",PLH,11,104,"[1, 2, 2]",F1,71001,73104,BASE,50000,FH12_S1_T_P0_W112_D123_WV3_S71001_FRESH50_v1,04ef8e756ae8b229c67ef14daf1912f0658f2e5c8bfe30afa9e0b476486fc519,0.0001,3e-06,1.0,1.0,0.1,0.002,config/FH20R1_S1_S_PLH_W104_D122_WV3_TF1_TS71001_SS73104_BASE_FRESH50_v1.yaml,PLANNED_NOT_REGISTERED
FH20R1_S1_S_PLH_W104_D122_WV3_TF1_TS71001_SS73105_A10_FRESH50_v1,TRAIN,S,s1,CORE,S1_A_SUPPORT,"[""FH20R1_S1_B05""]",PLH,11,104,"[1, 2, 2]",F1,71001,73105,A10,50000,FH12_S1_T_P0_W112_D123_WV3_S71001_FRESH50_v1,04ef8e756ae8b229c67ef14daf1912f0658f2e5c8bfe30afa9e0b476486fc519,0.0001,3e-06,0.3333333333333333,1.0,0.1,0.002,config/FH20R1_S1_S_PLH_W104_D122_WV3_TF1_TS71001_SS73105_A10_FRESH50_v1.yaml,PLANNED_NOT_REGISTERED
FH20R1_S1_S_PLH_W104_D122_WV3_TF1_TS71001_SS73105_BASE_FRESH50_v1,TRAIN,S,s1,CORE,ALWAYS,"[""FH20R1_S1_B05""]",PLH,11,104,"[1, 2, 2]",F1,71001,73105,BASE,50000,FH12_S1_T_P0_W112_D123_WV3_S71001_FRESH50_v1,04ef8e756ae8b229c67ef14daf1912f0658f2e5c8bfe30afa9e0b476486fc519,0.0001,3e-06,1.0,1.0,0.1,0.002,config/FH20R1_S1_S_PLH_W104_D122_WV3_TF1_TS71001_SS73105_BASE_FRESH50_v1.yaml,PLANNED_NOT_REGISTERED
FH20R1_S1_S_PLH_W104_D122_WV3_TF1_TS71001_SS73106_A10_FRESH50_v1,TRAIN,S,s1,CORE,S1_A_SUPPORT,"[""FH20R1_S1_B06""]",PLH,11,104,"[1, 2, 2]",F1,71001,73106,A10,50000,FH12_S1_T_P0_W112_D123_WV3_S71001_FRESH50_v1,04ef8e756ae8b229c67ef14daf1912f0658f2e5c8bfe30afa9e0b476486fc519,0.0001,3e-06,0.3333333333333333,1.0,0.1,0.002,config/FH20R1_S1_S_PLH_W104_D122_WV3_TF1_TS71001_SS73106_A10_FRESH50_v1.yaml,PLANNED_NOT_REGISTERED
FH20R1_S1_S_PLH_W104_D122_WV3_TF1_TS71001_SS73106_BASE_FRESH50_v1,TRAIN,S,s1,CORE,ALWAYS,"[""FH20R1_S1_B06""]",PLH,11,104,"[1, 2, 2]",F1,71001,73106,BASE,50000,FH12_S1_T_P0_W112_D123_WV3_S71001_FRESH50_v1,04ef8e756ae8b229c67ef14daf1912f0658f2e5c8bfe30afa9e0b476486fc519,0.0001,3e-06,1.0,1.0,0.1,0.002,config/FH20R1_S1_S_PLH_W104_D122_WV3_TF1_TS71001_SS73106_BASE_FRESH50_v1.yaml,PLANNED_NOT_REGISTERED
FH20R1_S1_S_PLH_W104_D122_WV3_TF1_TS71001_SS73107_A10_FRESH50_v1,TRAIN,S,s1,CORE,S1_A_SUPPORT,"[""FH20R1_S1_B07""]",PLH,11,104,"[1, 2, 2]",F1,71001,73107,A10,50000,FH12_S1_T_P0_W112_D123_WV3_S71001_FRESH50_v1,04ef8e756ae8b229c67ef14daf1912f0658f2e5c8bfe30afa9e0b476486fc519,0.0001,3e-06,0.3333333333333333,1.0,0.1,0.002,config/FH20R1_S1_S_PLH_W104_D122_WV3_TF1_TS71001_SS73107_A10_FRESH50_v1.yaml,PLANNED_NOT_REGISTERED
FH20R1_S1_S_PLH_W104_D122_WV3_TF1_TS71001_SS73107_BASE_FRESH50_v1,TRAIN,S,s1,CORE,ALWAYS,"[""FH20R1_S1_B07""]",PLH,11,104,"[1, 2, 2]",F1,71001,73107,BASE,50000,FH12_S1_T_P0_W112_D123_WV3_S71001_FRESH50_v1,04ef8e756ae8b229c67ef14daf1912f0658f2e5c8bfe30afa9e0b476486fc519,0.0001,3e-06,1.0,1.0,0.1,0.002,config/FH20R1_S1_S_PLH_W104_D122_WV3_TF1_TS71001_SS73107_BASE_FRESH50_v1.yaml,PLANNED_NOT_REGISTERED
FH20R1_S1_S_PLH_W104_D121_WV3_TF1_TS71001_SS73108_BASE_FRESH50_v1,TRAIN,S,s1,RESERVE,S1_NO_A_SUPPORT_OR_INCONCLUSIVE,"[""FH20R1_S1_B08""]",PLH,11,104,"[1, 2, 1]",F1,71001,73108,BASE,50000,FH12_S1_T_P0_W112_D123_WV3_S71001_FRESH50_v1,04ef8e756ae8b229c67ef14daf1912f0658f2e5c8bfe30afa9e0b476486fc519,0.0001,3e-06,1.0,1.0,0.1,0.002,config/FH20R1_S1_S_PLH_W104_D121_WV3_TF1_TS71001_SS73108_BASE_FRESH50_v1.yaml,PLANNED_NOT_REGISTERED
FH20R1_S1_S_PLH_W104_D121_WV3_TF1_TS71001_SS73109_BASE_FRESH50_v1,TRAIN,S,s1,RESERVE,S1_NO_A_SUPPORT_OR_INCONCLUSIVE,"[""FH20R1_S1_B09""]",PLH,11,104,"[1, 2, 1]",F1,71001,73109,BASE,50000,FH12_S1_T_P0_W112_D123_WV3_S71001_FRESH50_v1,04ef8e756ae8b229c67ef14daf1912f0658f2e5c8bfe30afa9e0b476486fc519,0.0001,3e-06,1.0,1.0,0.1,0.002,config/FH20R1_S1_S_PLH_W104_D121_WV3_TF1_TS71001_SS73109_BASE_FRESH50_v1.yaml,PLANNED_NOT_REGISTERED
FH20R1_S1_S_PLH_W104_D121_WV3_TF1_TS71001_SS73110_BASE_FRESH50_v1,TRAIN,S,s1,RESERVE,S1_NO_A_SUPPORT_OR_INCONCLUSIVE,"[""FH20R1_S1_B10""]",PLH,11,104,"[1, 2, 1]",F1,71001,73110,BASE,50000,FH12_S1_T_P0_W112_D123_WV3_S71001_FRESH50_v1,04ef8e756ae8b229c67ef14daf1912f0658f2e5c8bfe30afa9e0b476486fc519,0.0001,3e-06,1.0,1.0,0.1,0.002,config/FH20R1_S1_S_PLH_W104_D121_WV3_TF1_TS71001_SS73110_BASE_FRESH50_v1.yaml,PLANNED_NOT_REGISTERED
FH20R1_S1_S_PLH_W104_D121_WV3_TF1_TS71001_SS73111_BASE_FRESH50_v1,TRAIN,S,s1,RESERVE,S1_NO_A_SUPPORT_OR_INCONCLUSIVE,"[""FH20R1_S1_B11""]",PLH,11,104,"[1, 2, 1]",F1,71001,73111,BASE,50000,FH12_S1_T_P0_W112_D123_WV3_S71001_FRESH50_v1,04ef8e756ae8b229c67ef14daf1912f0658f2e5c8bfe30afa9e0b476486fc519,0.0001,3e-06,1.0,1.0,0.1,0.002,config/FH20R1_S1_S_PLH_W104_D121_WV3_TF1_TS71001_SS73111_BASE_FRESH50_v1.yaml,PLANNED_NOT_REGISTERED
FH20R1_S1_S_PLH_W104_D122_WV3_TF1_TS71001_SS73108_A10_FRESH50_v1,TRAIN,S,s1,RESERVE,S1_A_SUPPORT,"[""FH20R1_S1_B08""]",PLH,11,104,"[1, 2, 2]",F1,71001,73108,A10,50000,FH12_S1_T_P0_W112_D123_WV3_S71001_FRESH50_v1,04ef8e756ae8b229c67ef14daf1912f0658f2e5c8bfe30afa9e0b476486fc519,0.0001,3e-06,0.3333333333333333,1.0,0.1,0.002,config/FH20R1_S1_S_PLH_W104_D122_WV3_TF1_TS71001_SS73108_A10_FRESH50_v1.yaml,PLANNED_NOT_REGISTERED
FH20R1_S1_S_PLH_W104_D122_WV3_TF1_TS71001_SS73108_BASE_FRESH50_v1,TRAIN,S,s1,RESERVE,ALWAYS,"[""FH20R1_S1_B08""]",PLH,11,104,"[1, 2, 2]",F1,71001,73108,BASE,50000,FH12_S1_T_P0_W112_D123_WV3_S71001_FRESH50_v1,04ef8e756ae8b229c67ef14daf1912f0658f2e5c8bfe30afa9e0b476486fc519,0.0001,3e-06,1.0,1.0,0.1,0.002,config/FH20R1_S1_S_PLH_W104_D122_WV3_TF1_TS71001_SS73108_BASE_FRESH50_v1.yaml,PLANNED_NOT_REGISTERED
FH20R1_S1_S_PLH_W104_D122_WV3_TF1_TS71001_SS73109_A10_FRESH50_v1,TRAIN,S,s1,RESERVE,S1_A_SUPPORT,"[""FH20R1_S1_B09""]",PLH,11,104,"[1, 2, 2]",F1,71001,73109,A10,50000,FH12_S1_T_P0_W112_D123_WV3_S71001_FRESH50_v1,04ef8e756ae8b229c67ef14daf1912f0658f2e5c8bfe30afa9e0b476486fc519,0.0001,3e-06,0.3333333333333333,1.0,0.1,0.002,config/FH20R1_S1_S_PLH_W104_D122_WV3_TF1_TS71001_SS73109_A10_FRESH50_v1.yaml,PLANNED_NOT_REGISTERED
FH20R1_S1_S_PLH_W104_D122_WV3_TF1_TS71001_SS73109_BASE_FRESH50_v1,TRAIN,S,s1,RESERVE,ALWAYS,"[""FH20R1_S1_B09""]",PLH,11,104,"[1, 2, 2]",F1,71001,73109,BASE,50000,FH12_S1_T_P0_W112_D123_WV3_S71001_FRESH50_v1,04ef8e756ae8b229c67ef14daf1912f0658f2e5c8bfe30afa9e0b476486fc519,0.0001,3e-06,1.0,1.0,0.1,0.002,config/FH20R1_S1_S_PLH_W104_D122_WV3_TF1_TS71001_SS73109_BASE_FRESH50_v1.yaml,PLANNED_NOT_REGISTERED
FH20R1_S1_S_PLH_W104_D122_WV3_TF1_TS71001_SS73110_A10_FRESH50_v1,TRAIN,S,s1,RESERVE,S1_A_SUPPORT,"[""FH20R1_S1_B10""]",PLH,11,104,"[1, 2, 2]",F1,71001,73110,A10,50000,FH12_S1_T_P0_W112_D123_WV3_S71001_FRESH50_v1,04ef8e756ae8b229c67ef14daf1912f0658f2e5c8bfe30afa9e0b476486fc519,0.0001,3e-06,0.3333333333333333,1.0,0.1,0.002,config/FH20R1_S1_S_PLH_W104_D122_WV3_TF1_TS71001_SS73110_A10_FRESH50_v1.yaml,PLANNED_NOT_REGISTERED
FH20R1_S1_S_PLH_W104_D122_WV3_TF1_TS71001_SS73110_BASE_FRESH50_v1,TRAIN,S,s1,RESERVE,ALWAYS,"[""FH20R1_S1_B10""]",PLH,11,104,"[1, 2, 2]",F1,71001,73110,BASE,50000,FH12_S1_T_P0_W112_D123_WV3_S71001_FRESH50_v1,04ef8e756ae8b229c67ef14daf1912f0658f2e5c8bfe30afa9e0b476486fc519,0.0001,3e-06,1.0,1.0,0.1,0.002,config/FH20R1_S1_S_PLH_W104_D122_WV3_TF1_TS71001_SS73110_BASE_FRESH50_v1.yaml,PLANNED_NOT_REGISTERED
FH20R1_S1_S_PLH_W104_D122_WV3_TF1_TS71001_SS73111_A10_FRESH50_v1,TRAIN,S,s1,RESERVE,S1_A_SUPPORT,"[""FH20R1_S1_B11""]",PLH,11,104,"[1, 2, 2]",F1,71001,73111,A10,50000,FH12_S1_T_P0_W112_D123_WV3_S71001_FRESH50_v1,04ef8e756ae8b229c67ef14daf1912f0658f2e5c8bfe30afa9e0b476486fc519,0.0001,3e-06,0.3333333333333333,1.0,0.1,0.002,config/FH20R1_S1_S_PLH_W104_D122_WV3_TF1_TS71001_SS73111_A10_FRESH50_v1.yaml,PLANNED_NOT_REGISTERED
FH20R1_S1_S_PLH_W104_D122_WV3_TF1_TS71001_SS73111_BASE_FRESH50_v1,TRAIN,S,s1,RESERVE,ALWAYS,"[""FH20R1_S1_B11""]",PLH,11,104,"[1, 2, 2]",F1,71001,73111,BASE,50000,FH12_S1_T_P0_W112_D123_WV3_S71001_FRESH50_v1,04ef8e756ae8b229c67ef14daf1912f0658f2e5c8bfe30afa9e0b476486fc519,0.0001,3e-06,1.0,1.0,0.1,0.002,config/FH20R1_S1_S_PLH_W104_D122_WV3_TF1_TS71001_SS73111_BASE_FRESH50_v1.yaml,PLANNED_NOT_REGISTERED
FH20R1_S2_S_PLH_W104_D122_WV3_TF2_TS71001_SS72001_BASE_FRESH50_v1,TRAIN,S,s2,CORE,S2_DONOR_OR_REFERENCE_UNAVAILABLE,"[""FH20R1_S2_B01""]",PLH,11,104,"[1, 2, 2]",F2,71001,72001,BASE,50000,FH12_S2_T_PL_W112_D123_WV3_S71001_FRESH50_v1,d2832f5a2d40536a859369c011063fe65794c0b7159c93ab23e9976bcb98a1b2,0.0001,3e-06,1.0,1.0,0.1,0.002,config/FH20R1_S2_S_PLH_W104_D122_WV3_TF2_TS71001_SS72001_BASE_FRESH50_v1.yaml,PLANNED_NOT_REGISTERED
FH20R1_S2_S_PLH_W104_D122_WV3_TF2_TS71001_SS73201_BASE_FRESH50_v1,TRAIN,S,s2,CORE,S2_DONOR_OR_REFERENCE_UNAVAILABLE,"[""FH20R1_S2_B02""]",PLH,11,104,"[1, 2, 2]",F2,71001,73201,BASE,50000,FH12_S2_T_PL_W112_D123_WV3_S71001_FRESH50_v1,d2832f5a2d40536a859369c011063fe65794c0b7159c93ab23e9976bcb98a1b2,0.0001,3e-06,1.0,1.0,0.1,0.002,config/FH20R1_S2_S_PLH_W104_D122_WV3_TF2_TS71001_SS73201_BASE_FRESH50_v1.yaml,PLANNED_NOT_REGISTERED
FH20R1_S2_S_PLH_W104_D122_WV3_TF2_TS71001_SS73202_BASE_FRESH50_v1,TRAIN,S,s2,CORE,S2_DONOR_OR_REFERENCE_UNAVAILABLE,"[""FH20R1_S2_B03""]",PLH,11,104,"[1, 2, 2]",F2,71001,73202,BASE,50000,FH12_S2_T_PL_W112_D123_WV3_S71001_FRESH50_v1,d2832f5a2d40536a859369c011063fe65794c0b7159c93ab23e9976bcb98a1b2,0.0001,3e-06,1.0,1.0,0.1,0.002,config/FH20R1_S2_S_PLH_W104_D122_WV3_TF2_TS71001_SS73202_BASE_FRESH50_v1.yaml,PLANNED_NOT_REGISTERED
FH20R1_S2_S_PLH_W104_D122_WV3_TF2_TS71001_SS73203_BASE_FRESH50_v1,TRAIN,S,s2,CORE,S2_DONOR_OR_REFERENCE_UNAVAILABLE,"[""FH20R1_S2_B04""]",PLH,11,104,"[1, 2, 2]",F2,71001,73203,BASE,50000,FH12_S2_T_PL_W112_D123_WV3_S71001_FRESH50_v1,d2832f5a2d40536a859369c011063fe65794c0b7159c93ab23e9976bcb98a1b2,0.0001,3e-06,1.0,1.0,0.1,0.002,config/FH20R1_S2_S_PLH_W104_D122_WV3_TF2_TS71001_SS73203_BASE_FRESH50_v1.yaml,PLANNED_NOT_REGISTERED
FH20R1_S2_S_PLH_W104_D122_WV3_TF2_TS71001_SS73204_BASE_FRESH50_v1,TRAIN,S,s2,CORE,S2_DONOR_OR_REFERENCE_UNAVAILABLE,"[""FH20R1_S2_B05""]",PLH,11,104,"[1, 2, 2]",F2,71001,73204,BASE,50000,FH12_S2_T_PL_W112_D123_WV3_S71001_FRESH50_v1,d2832f5a2d40536a859369c011063fe65794c0b7159c93ab23e9976bcb98a1b2,0.0001,3e-06,1.0,1.0,0.1,0.002,config/FH20R1_S2_S_PLH_W104_D122_WV3_TF2_TS71001_SS73204_BASE_FRESH50_v1.yaml,PLANNED_NOT_REGISTERED
FH20R1_S2_S_PL_W104_D122_WV3_TF2_TS71001_SS72001_BASE_FRESH50_v1,TRAIN,S,s2,CORE,ALWAYS,"[""FH20R1_S2_B01""]",PL,10,104,"[1, 2, 2]",F2,71001,72001,BASE,50000,FH12_S2_T_PL_W112_D123_WV3_S71001_FRESH50_v1,d2832f5a2d40536a859369c011063fe65794c0b7159c93ab23e9976bcb98a1b2,0.0001,3e-06,1.0,1.0,0.1,0.002,config/FH20R1_S2_S_PL_W104_D122_WV3_TF2_TS71001_SS72001_BASE_FRESH50_v1.yaml,PLANNED_NOT_REGISTERED
FH20R1_S2_S_PL_W104_D122_WV3_TF2_TS71001_SS73201_BASE_FRESH50_v1,TRAIN,S,s2,CORE,ALWAYS,"[""FH20R1_S2_B02""]",PL,10,104,"[1, 2, 2]",F2,71001,73201,BASE,50000,FH12_S2_T_PL_W112_D123_WV3_S71001_FRESH50_v1,d2832f5a2d40536a859369c011063fe65794c0b7159c93ab23e9976bcb98a1b2,0.0001,3e-06,1.0,1.0,0.1,0.002,config/FH20R1_S2_S_PL_W104_D122_WV3_TF2_TS71001_SS73201_BASE_FRESH50_v1.yaml,PLANNED_NOT_REGISTERED
FH20R1_S2_S_PL_W104_D122_WV3_TF2_TS71001_SS73202_BASE_FRESH50_v1,TRAIN,S,s2,CORE,ALWAYS,"[""FH20R1_S2_B03""]",PL,10,104,"[1, 2, 2]",F2,71001,73202,BASE,50000,FH12_S2_T_PL_W112_D123_WV3_S71001_FRESH50_v1,d2832f5a2d40536a859369c011063fe65794c0b7159c93ab23e9976bcb98a1b2,0.0001,3e-06,1.0,1.0,0.1,0.002,config/FH20R1_S2_S_PL_W104_D122_WV3_TF2_TS71001_SS73202_BASE_FRESH50_v1.yaml,PLANNED_NOT_REGISTERED
FH20R1_S2_S_PL_W104_D122_WV3_TF2_TS71001_SS73203_BASE_FRESH50_v1,TRAIN,S,s2,CORE,ALWAYS,"[""FH20R1_S2_B04""]",PL,10,104,"[1, 2, 2]",F2,71001,73203,BASE,50000,FH12_S2_T_PL_W112_D123_WV3_S71001_FRESH50_v1,d2832f5a2d40536a859369c011063fe65794c0b7159c93ab23e9976bcb98a1b2,0.0001,3e-06,1.0,1.0,0.1,0.002,config/FH20R1_S2_S_PL_W104_D122_WV3_TF2_TS71001_SS73203_BASE_FRESH50_v1.yaml,PLANNED_NOT_REGISTERED
FH20R1_S2_S_PL_W104_D122_WV3_TF2_TS71001_SS73204_BASE_FRESH50_v1,TRAIN,S,s2,CORE,ALWAYS,"[""FH20R1_S2_B05""]",PL,10,104,"[1, 2, 2]",F2,71001,73204,BASE,50000,FH12_S2_T_PL_W112_D123_WV3_S71001_FRESH50_v1,d2832f5a2d40536a859369c011063fe65794c0b7159c93ab23e9976bcb98a1b2,0.0001,3e-06,1.0,1.0,0.1,0.002,config/FH20R1_S2_S_PL_W104_D122_WV3_TF2_TS71001_SS73204_BASE_FRESH50_v1.yaml,PLANNED_NOT_REGISTERED
FH20R1_S2_S_PL_W104_D122_WV3_TN2PL_TS71001_SS72001_BASE_FRESH50_v1,TRAIN,S,s2,CORE,S2_N2PL_REFERENCE_READY,"[""FH20R1_S2_B01""]",PL,10,104,"[1, 2, 2]",N2PL,71001,72001,BASE,50000,FH20R1_S2_T_PL_W112_D123_WV3_TS71001_N2INIT50_v1,,0.0001,3e-06,1.0,1.0,0.1,0.002,config/FH20R1_S2_S_PL_W104_D122_WV3_TN2PL_TS71001_SS72001_BASE_FRESH50_v1.yaml,PLANNED_NOT_REGISTERED
FH20R1_S2_S_PL_W104_D122_WV3_TN2PL_TS71001_SS73201_BASE_FRESH50_v1,TRAIN,S,s2,CORE,S2_N2PL_REFERENCE_READY,"[""FH20R1_S2_B02""]",PL,10,104,"[1, 2, 2]",N2PL,71001,73201,BASE,50000,FH20R1_S2_T_PL_W112_D123_WV3_TS71001_N2INIT50_v1,,0.0001,3e-06,1.0,1.0,0.1,0.002,config/FH20R1_S2_S_PL_W104_D122_WV3_TN2PL_TS71001_SS73201_BASE_FRESH50_v1.yaml,PLANNED_NOT_REGISTERED
FH20R1_S2_S_PL_W104_D122_WV3_TN2PL_TS71001_SS73202_BASE_FRESH50_v1,TRAIN,S,s2,CORE,S2_N2PL_REFERENCE_READY,"[""FH20R1_S2_B03""]",PL,10,104,"[1, 2, 2]",N2PL,71001,73202,BASE,50000,FH20R1_S2_T_PL_W112_D123_WV3_TS71001_N2INIT50_v1,,0.0001,3e-06,1.0,1.0,0.1,0.002,config/FH20R1_S2_S_PL_W104_D122_WV3_TN2PL_TS71001_SS73202_BASE_FRESH50_v1.yaml,PLANNED_NOT_REGISTERED
FH20R1_S2_S_PL_W104_D122_WV3_TN2PL_TS71001_SS73203_BASE_FRESH50_v1,TRAIN,S,s2,CORE,S2_N2PL_REFERENCE_READY,"[""FH20R1_S2_B04""]",PL,10,104,"[1, 2, 2]",N2PL,71001,73203,BASE,50000,FH20R1_S2_T_PL_W112_D123_WV3_TS71001_N2INIT50_v1,,0.0001,3e-06,1.0,1.0,0.1,0.002,config/FH20R1_S2_S_PL_W104_D122_WV3_TN2PL_TS71001_SS73203_BASE_FRESH50_v1.yaml,PLANNED_NOT_REGISTERED
FH20R1_S2_S_PL_W104_D122_WV3_TN2PL_TS71001_SS73204_BASE_FRESH50_v1,TRAIN,S,s2,CORE,S2_N2PL_REFERENCE_READY,"[""FH20R1_S2_B05""]",PL,10,104,"[1, 2, 2]",N2PL,71001,73204,BASE,50000,FH20R1_S2_T_PL_W112_D123_WV3_TS71001_N2INIT50_v1,,0.0001,3e-06,1.0,1.0,0.1,0.002,config/FH20R1_S2_S_PL_W104_D122_WV3_TN2PL_TS71001_SS73204_BASE_FRESH50_v1.yaml,PLANNED_NOT_REGISTERED
FH20R1_S2_T_PL_W112_D123_WV3_TS71001_N2INIT50_v1,TRAIN,T,s2,CORE,S2_DONOR_VERIFIED,"[""FH20R1_S2_TEACHER_PREP""]",PL,10,112,"[1, 2, 3]",,71001,,N2INIT,50000,,,0.0001,1e-05,,,,0.0,config/FH20R1_S2_T_PL_W112_D123_WV3_TS71001_N2INIT50_v1.yaml,PLANNED_NOT_REGISTERED
FH20R1_S2_S_PLH_W104_D122_WV3_TF2_TS71001_SS73205_BASE_FRESH50_v1,TRAIN,S,s2,RESERVE,S2_DONOR_OR_REFERENCE_UNAVAILABLE,"[""FH20R1_S2_B06""]",PLH,11,104,"[1, 2, 2]",F2,71001,73205,BASE,50000,FH12_S2_T_PL_W112_D123_WV3_S71001_FRESH50_v1,d2832f5a2d40536a859369c011063fe65794c0b7159c93ab23e9976bcb98a1b2,0.0001,3e-06,1.0,1.0,0.1,0.002,config/FH20R1_S2_S_PLH_W104_D122_WV3_TF2_TS71001_SS73205_BASE_FRESH50_v1.yaml,PLANNED_NOT_REGISTERED
FH20R1_S2_S_PLH_W104_D122_WV3_TF2_TS71001_SS73206_BASE_FRESH50_v1,TRAIN,S,s2,RESERVE,S2_DONOR_OR_REFERENCE_UNAVAILABLE,"[""FH20R1_S2_B07""]",PLH,11,104,"[1, 2, 2]",F2,71001,73206,BASE,50000,FH12_S2_T_PL_W112_D123_WV3_S71001_FRESH50_v1,d2832f5a2d40536a859369c011063fe65794c0b7159c93ab23e9976bcb98a1b2,0.0001,3e-06,1.0,1.0,0.1,0.002,config/FH20R1_S2_S_PLH_W104_D122_WV3_TF2_TS71001_SS73206_BASE_FRESH50_v1.yaml,PLANNED_NOT_REGISTERED
FH20R1_S2_S_PLH_W104_D122_WV3_TF2_TS71001_SS73207_BASE_FRESH50_v1,TRAIN,S,s2,RESERVE,S2_DONOR_OR_REFERENCE_UNAVAILABLE,"[""FH20R1_S2_B08""]",PLH,11,104,"[1, 2, 2]",F2,71001,73207,BASE,50000,FH12_S2_T_PL_W112_D123_WV3_S71001_FRESH50_v1,d2832f5a2d40536a859369c011063fe65794c0b7159c93ab23e9976bcb98a1b2,0.0001,3e-06,1.0,1.0,0.1,0.002,config/FH20R1_S2_S_PLH_W104_D122_WV3_TF2_TS71001_SS73207_BASE_FRESH50_v1.yaml,PLANNED_NOT_REGISTERED
FH20R1_S2_S_PLH_W104_D122_WV3_TF2_TS71001_SS73208_BASE_FRESH50_v1,TRAIN,S,s2,RESERVE,S2_DONOR_OR_REFERENCE_UNAVAILABLE,"[""FH20R1_S2_B09""]",PLH,11,104,"[1, 2, 2]",F2,71001,73208,BASE,50000,FH12_S2_T_PL_W112_D123_WV3_S71001_FRESH50_v1,d2832f5a2d40536a859369c011063fe65794c0b7159c93ab23e9976bcb98a1b2,0.0001,3e-06,1.0,1.0,0.1,0.002,config/FH20R1_S2_S_PLH_W104_D122_WV3_TF2_TS71001_SS73208_BASE_FRESH50_v1.yaml,PLANNED_NOT_REGISTERED
FH20R1_S2_S_PL_W104_D122_WV3_TF2_TS71001_SS73205_BASE_FRESH50_v1,TRAIN,S,s2,RESERVE,ALWAYS,"[""FH20R1_S2_B06""]",PL,10,104,"[1, 2, 2]",F2,71001,73205,BASE,50000,FH12_S2_T_PL_W112_D123_WV3_S71001_FRESH50_v1,d2832f5a2d40536a859369c011063fe65794c0b7159c93ab23e9976bcb98a1b2,0.0001,3e-06,1.0,1.0,0.1,0.002,config/FH20R1_S2_S_PL_W104_D122_WV3_TF2_TS71001_SS73205_BASE_FRESH50_v1.yaml,PLANNED_NOT_REGISTERED
FH20R1_S2_S_PL_W104_D122_WV3_TF2_TS71001_SS73206_BASE_FRESH50_v1,TRAIN,S,s2,RESERVE,ALWAYS,"[""FH20R1_S2_B07""]",PL,10,104,"[1, 2, 2]",F2,71001,73206,BASE,50000,FH12_S2_T_PL_W112_D123_WV3_S71001_FRESH50_v1,d2832f5a2d40536a859369c011063fe65794c0b7159c93ab23e9976bcb98a1b2,0.0001,3e-06,1.0,1.0,0.1,0.002,config/FH20R1_S2_S_PL_W104_D122_WV3_TF2_TS71001_SS73206_BASE_FRESH50_v1.yaml,PLANNED_NOT_REGISTERED
FH20R1_S2_S_PL_W104_D122_WV3_TF2_TS71001_SS73207_BASE_FRESH50_v1,TRAIN,S,s2,RESERVE,ALWAYS,"[""FH20R1_S2_B08""]",PL,10,104,"[1, 2, 2]",F2,71001,73207,BASE,50000,FH12_S2_T_PL_W112_D123_WV3_S71001_FRESH50_v1,d2832f5a2d40536a859369c011063fe65794c0b7159c93ab23e9976bcb98a1b2,0.0001,3e-06,1.0,1.0,0.1,0.002,config/FH20R1_S2_S_PL_W104_D122_WV3_TF2_TS71001_SS73207_BASE_FRESH50_v1.yaml,PLANNED_NOT_REGISTERED
FH20R1_S2_S_PL_W104_D122_WV3_TF2_TS71001_SS73208_BASE_FRESH50_v1,TRAIN,S,s2,RESERVE,ALWAYS,"[""FH20R1_S2_B09""]",PL,10,104,"[1, 2, 2]",F2,71001,73208,BASE,50000,FH12_S2_T_PL_W112_D123_WV3_S71001_FRESH50_v1,d2832f5a2d40536a859369c011063fe65794c0b7159c93ab23e9976bcb98a1b2,0.0001,3e-06,1.0,1.0,0.1,0.002,config/FH20R1_S2_S_PL_W104_D122_WV3_TF2_TS71001_SS73208_BASE_FRESH50_v1.yaml,PLANNED_NOT_REGISTERED
FH20R1_S2_S_PL_W104_D122_WV3_TN2PL_TS71001_SS73205_BASE_FRESH50_v1,TRAIN,S,s2,RESERVE,S2_N2PL_REFERENCE_READY,"[""FH20R1_S2_B06""]",PL,10,104,"[1, 2, 2]",N2PL,71001,73205,BASE,50000,FH20R1_S2_T_PL_W112_D123_WV3_TS71001_N2INIT50_v1,,0.0001,3e-06,1.0,1.0,0.1,0.002,config/FH20R1_S2_S_PL_W104_D122_WV3_TN2PL_TS71001_SS73205_BASE_FRESH50_v1.yaml,PLANNED_NOT_REGISTERED
FH20R1_S2_S_PL_W104_D122_WV3_TN2PL_TS71001_SS73206_BASE_FRESH50_v1,TRAIN,S,s2,RESERVE,S2_N2PL_REFERENCE_READY,"[""FH20R1_S2_B07""]",PL,10,104,"[1, 2, 2]",N2PL,71001,73206,BASE,50000,FH20R1_S2_T_PL_W112_D123_WV3_TS71001_N2INIT50_v1,,0.0001,3e-06,1.0,1.0,0.1,0.002,config/FH20R1_S2_S_PL_W104_D122_WV3_TN2PL_TS71001_SS73206_BASE_FRESH50_v1.yaml,PLANNED_NOT_REGISTERED
FH20R1_S2_S_PL_W104_D122_WV3_TN2PL_TS71001_SS73207_BASE_FRESH50_v1,TRAIN,S,s2,RESERVE,S2_N2PL_REFERENCE_READY,"[""FH20R1_S2_B08""]",PL,10,104,"[1, 2, 2]",N2PL,71001,73207,BASE,50000,FH20R1_S2_T_PL_W112_D123_WV3_TS71001_N2INIT50_v1,,0.0001,3e-06,1.0,1.0,0.1,0.002,config/FH20R1_S2_S_PL_W104_D122_WV3_TN2PL_TS71001_SS73207_BASE_FRESH50_v1.yaml,PLANNED_NOT_REGISTERED
FH20R1_S2_S_PL_W104_D122_WV3_TN2PL_TS71001_SS73208_BASE_FRESH50_v1,TRAIN,S,s2,RESERVE,S2_N2PL_REFERENCE_READY,"[""FH20R1_S2_B09""]",PL,10,104,"[1, 2, 2]",N2PL,71001,73208,BASE,50000,FH20R1_S2_T_PL_W112_D123_WV3_TS71001_N2INIT50_v1,,0.0001,3e-06,1.0,1.0,0.1,0.002,config/FH20R1_S2_S_PL_W104_D122_WV3_TN2PL_TS71001_SS73208_BASE_FRESH50_v1.yaml,PLANNED_NOT_REGISTERED
FH20R1_S3_S_PH_W104_D121_WV3_TF3_TS71001_SS72002_BASE_FRESH50_v1,TRAIN,S,s3,CORE,ALWAYS,"[""FH20R1_S3_B01""]",PH,10,104,"[1, 2, 1]",F3,71001,72002,BASE,50000,FH12_S3_T_PH_W112_D123_WV3_S71001_FRESH50_v1,8a971c857a1f386f9a2cf130f8aaf674760d7fa0604d411c92ae7a35fffdb352,0.0001,3e-06,1.0,1.0,0.1,0.002,config/FH20R1_S3_S_PH_W104_D121_WV3_TF3_TS71001_SS72002_BASE_FRESH50_v1.yaml,PLANNED_NOT_REGISTERED
FH20R1_S3_S_PH_W104_D121_WV3_TF3_TS71001_SS73301_BASE_FRESH50_v1,TRAIN,S,s3,CORE,ALWAYS,"[""FH20R1_S3_B02""]",PH,10,104,"[1, 2, 1]",F3,71001,73301,BASE,50000,FH12_S3_T_PH_W112_D123_WV3_S71001_FRESH50_v1,8a971c857a1f386f9a2cf130f8aaf674760d7fa0604d411c92ae7a35fffdb352,0.0001,3e-06,1.0,1.0,0.1,0.002,config/FH20R1_S3_S_PH_W104_D121_WV3_TF3_TS71001_SS73301_BASE_FRESH50_v1.yaml,PLANNED_NOT_REGISTERED
FH20R1_S3_S_PH_W104_D121_WV3_TF3_TS71001_SS73302_BASE_FRESH50_v1,TRAIN,S,s3,CORE,ALWAYS,"[""FH20R1_S3_B03""]",PH,10,104,"[1, 2, 1]",F3,71001,73302,BASE,50000,FH12_S3_T_PH_W112_D123_WV3_S71001_FRESH50_v1,8a971c857a1f386f9a2cf130f8aaf674760d7fa0604d411c92ae7a35fffdb352,0.0001,3e-06,1.0,1.0,0.1,0.002,config/FH20R1_S3_S_PH_W104_D121_WV3_TF3_TS71001_SS73302_BASE_FRESH50_v1.yaml,PLANNED_NOT_REGISTERED
FH20R1_S3_S_PH_W104_D121_WV3_TF3_TS71001_SS73303_BASE_FRESH50_v1,TRAIN,S,s3,CORE,ALWAYS,"[""FH20R1_S3_B04""]",PH,10,104,"[1, 2, 1]",F3,71001,73303,BASE,50000,FH12_S3_T_PH_W112_D123_WV3_S71001_FRESH50_v1,8a971c857a1f386f9a2cf130f8aaf674760d7fa0604d411c92ae7a35fffdb352,0.0001,3e-06,1.0,1.0,0.1,0.002,config/FH20R1_S3_S_PH_W104_D121_WV3_TF3_TS71001_SS73303_BASE_FRESH50_v1.yaml,PLANNED_NOT_REGISTERED
FH20R1_S3_S_PH_W104_D121_WV3_TF3_TS71001_SS73304_BASE_FRESH50_v1,TRAIN,S,s3,CORE,ALWAYS,"[""FH20R1_S3_B05""]",PH,10,104,"[1, 2, 1]",F3,71001,73304,BASE,50000,FH12_S3_T_PH_W112_D123_WV3_S71001_FRESH50_v1,8a971c857a1f386f9a2cf130f8aaf674760d7fa0604d411c92ae7a35fffdb352,0.0001,3e-06,1.0,1.0,0.1,0.002,config/FH20R1_S3_S_PH_W104_D121_WV3_TF3_TS71001_SS73304_BASE_FRESH50_v1.yaml,PLANNED_NOT_REGISTERED
FH20R1_S3_S_PH_W104_D122_WV3_TF3_TS71001_SS72002_BASE_FRESH50_v1,TRAIN,S,s3,CORE,ALWAYS,"[""FH20R1_S3_B01""]",PH,10,104,"[1, 2, 2]",F3,71001,72002,BASE,50000,FH12_S3_T_PH_W112_D123_WV3_S71001_FRESH50_v1,8a971c857a1f386f9a2cf130f8aaf674760d7fa0604d411c92ae7a35fffdb352,0.0001,3e-06,1.0,1.0,0.1,0.002,config/FH20R1_S3_S_PH_W104_D122_WV3_TF3_TS71001_SS72002_BASE_FRESH50_v1.yaml,PLANNED_NOT_REGISTERED
FH20R1_S3_S_PH_W104_D122_WV3_TF3_TS71001_SS73301_BASE_FRESH50_v1,TRAIN,S,s3,CORE,ALWAYS,"[""FH20R1_S3_B02""]",PH,10,104,"[1, 2, 2]",F3,71001,73301,BASE,50000,FH12_S3_T_PH_W112_D123_WV3_S71001_FRESH50_v1,8a971c857a1f386f9a2cf130f8aaf674760d7fa0604d411c92ae7a35fffdb352,0.0001,3e-06,1.0,1.0,0.1,0.002,config/FH20R1_S3_S_PH_W104_D122_WV3_TF3_TS71001_SS73301_BASE_FRESH50_v1.yaml,PLANNED_NOT_REGISTERED
FH20R1_S3_S_PH_W104_D122_WV3_TF3_TS71001_SS73302_BASE_FRESH50_v1,TRAIN,S,s3,CORE,ALWAYS,"[""FH20R1_S3_B03""]",PH,10,104,"[1, 2, 2]",F3,71001,73302,BASE,50000,FH12_S3_T_PH_W112_D123_WV3_S71001_FRESH50_v1,8a971c857a1f386f9a2cf130f8aaf674760d7fa0604d411c92ae7a35fffdb352,0.0001,3e-06,1.0,1.0,0.1,0.002,config/FH20R1_S3_S_PH_W104_D122_WV3_TF3_TS71001_SS73302_BASE_FRESH50_v1.yaml,PLANNED_NOT_REGISTERED
FH20R1_S3_S_PH_W104_D122_WV3_TF3_TS71001_SS73303_BASE_FRESH50_v1,TRAIN,S,s3,CORE,ALWAYS,"[""FH20R1_S3_B04""]",PH,10,104,"[1, 2, 2]",F3,71001,73303,BASE,50000,FH12_S3_T_PH_W112_D123_WV3_S71001_FRESH50_v1,8a971c857a1f386f9a2cf130f8aaf674760d7fa0604d411c92ae7a35fffdb352,0.0001,3e-06,1.0,1.0,0.1,0.002,config/FH20R1_S3_S_PH_W104_D122_WV3_TF3_TS71001_SS73303_BASE_FRESH50_v1.yaml,PLANNED_NOT_REGISTERED
FH20R1_S3_S_PH_W104_D122_WV3_TF3_TS71001_SS73304_BASE_FRESH50_v1,TRAIN,S,s3,CORE,ALWAYS,"[""FH20R1_S3_B05""]",PH,10,104,"[1, 2, 2]",F3,71001,73304,BASE,50000,FH12_S3_T_PH_W112_D123_WV3_S71001_FRESH50_v1,8a971c857a1f386f9a2cf130f8aaf674760d7fa0604d411c92ae7a35fffdb352,0.0001,3e-06,1.0,1.0,0.1,0.002,config/FH20R1_S3_S_PH_W104_D122_WV3_TF3_TS71001_SS73304_BASE_FRESH50_v1.yaml,PLANNED_NOT_REGISTERED
FH20R1_S3_S_PH_W104_D122_WV3_TF3_TS71001_SS73305_BASE_FRESH50_v1,TRAIN,S,s3,CORE,ALWAYS,"[""FH20R1_S3_B06""]",PH,10,104,"[1, 2, 2]",F3,71001,73305,BASE,50000,FH12_S3_T_PH_W112_D123_WV3_S71001_FRESH50_v1,8a971c857a1f386f9a2cf130f8aaf674760d7fa0604d411c92ae7a35fffdb352,0.0001,3e-06,1.0,1.0,0.1,0.002,config/FH20R1_S3_S_PH_W104_D122_WV3_TF3_TS71001_SS73305_BASE_FRESH50_v1.yaml,PLANNED_NOT_REGISTERED
FH20R1_S3_S_PH_W104_D122_WV3_TF3_TS71001_SS73306_BASE_FRESH50_v1,TRAIN,S,s3,CORE,ALWAYS,"[""FH20R1_S3_B07""]",PH,10,104,"[1, 2, 2]",F3,71001,73306,BASE,50000,FH12_S3_T_PH_W112_D123_WV3_S71001_FRESH50_v1,8a971c857a1f386f9a2cf130f8aaf674760d7fa0604d411c92ae7a35fffdb352,0.0001,3e-06,1.0,1.0,0.1,0.002,config/FH20R1_S3_S_PH_W104_D122_WV3_TF3_TS71001_SS73306_BASE_FRESH50_v1.yaml,PLANNED_NOT_REGISTERED
FH20R1_S3_S_PH_W104_D122_WV3_TF3_TS71001_SS73307_BASE_FRESH50_v1,TRAIN,S,s3,CORE,ALWAYS,"[""FH20R1_S3_B08""]",PH,10,104,"[1, 2, 2]",F3,71001,73307,BASE,50000,FH12_S3_T_PH_W112_D123_WV3_S71001_FRESH50_v1,8a971c857a1f386f9a2cf130f8aaf674760d7fa0604d411c92ae7a35fffdb352,0.0001,3e-06,1.0,1.0,0.1,0.002,config/FH20R1_S3_S_PH_W104_D122_WV3_TF3_TS71001_SS73307_BASE_FRESH50_v1.yaml,PLANNED_NOT_REGISTERED
FH20R1_S3_S_PH_W104_D122_WV3_TF3_TS71001_SS73308_BASE_FRESH50_v1,TRAIN,S,s3,CORE,ALWAYS,"[""FH20R1_S3_B09""]",PH,10,104,"[1, 2, 2]",F3,71001,73308,BASE,50000,FH12_S3_T_PH_W112_D123_WV3_S71001_FRESH50_v1,8a971c857a1f386f9a2cf130f8aaf674760d7fa0604d411c92ae7a35fffdb352,0.0001,3e-06,1.0,1.0,0.1,0.002,config/FH20R1_S3_S_PH_W104_D122_WV3_TF3_TS71001_SS73308_BASE_FRESH50_v1.yaml,PLANNED_NOT_REGISTERED
FH20R1_S3_S_PH_W104_D122_WV3_TF3_TS71001_SS73309_BASE_FRESH50_v1,TRAIN,S,s3,CORE,ALWAYS,"[""FH20R1_S3_B10""]",PH,10,104,"[1, 2, 2]",F3,71001,73309,BASE,50000,FH12_S3_T_PH_W112_D123_WV3_S71001_FRESH50_v1,8a971c857a1f386f9a2cf130f8aaf674760d7fa0604d411c92ae7a35fffdb352,0.0001,3e-06,1.0,1.0,0.1,0.002,config/FH20R1_S3_S_PH_W104_D122_WV3_TF3_TS71001_SS73309_BASE_FRESH50_v1.yaml,PLANNED_NOT_REGISTERED
FH20R1_S3_S_PH_W112_D122_WV3_TF3_TS71001_SS73305_BASE_FRESH50_v1,TRAIN,S,s3,CORE,ALWAYS,"[""FH20R1_S3_B06""]",PH,10,112,"[1, 2, 2]",F3,71001,73305,BASE,50000,FH12_S3_T_PH_W112_D123_WV3_S71001_FRESH50_v1,8a971c857a1f386f9a2cf130f8aaf674760d7fa0604d411c92ae7a35fffdb352,0.0001,3e-06,1.0,1.0,0.1,0.002,config/FH20R1_S3_S_PH_W112_D122_WV3_TF3_TS71001_SS73305_BASE_FRESH50_v1.yaml,PLANNED_NOT_REGISTERED
FH20R1_S3_S_PH_W112_D122_WV3_TF3_TS71001_SS73306_BASE_FRESH50_v1,TRAIN,S,s3,CORE,ALWAYS,"[""FH20R1_S3_B07""]",PH,10,112,"[1, 2, 2]",F3,71001,73306,BASE,50000,FH12_S3_T_PH_W112_D123_WV3_S71001_FRESH50_v1,8a971c857a1f386f9a2cf130f8aaf674760d7fa0604d411c92ae7a35fffdb352,0.0001,3e-06,1.0,1.0,0.1,0.002,config/FH20R1_S3_S_PH_W112_D122_WV3_TF3_TS71001_SS73306_BASE_FRESH50_v1.yaml,PLANNED_NOT_REGISTERED
FH20R1_S3_S_PH_W112_D122_WV3_TF3_TS71001_SS73307_BASE_FRESH50_v1,TRAIN,S,s3,CORE,ALWAYS,"[""FH20R1_S3_B08""]",PH,10,112,"[1, 2, 2]",F3,71001,73307,BASE,50000,FH12_S3_T_PH_W112_D123_WV3_S71001_FRESH50_v1,8a971c857a1f386f9a2cf130f8aaf674760d7fa0604d411c92ae7a35fffdb352,0.0001,3e-06,1.0,1.0,0.1,0.002,config/FH20R1_S3_S_PH_W112_D122_WV3_TF3_TS71001_SS73307_BASE_FRESH50_v1.yaml,PLANNED_NOT_REGISTERED
FH20R1_S3_S_PH_W112_D122_WV3_TF3_TS71001_SS73308_BASE_FRESH50_v1,TRAIN,S,s3,CORE,ALWAYS,"[""FH20R1_S3_B09""]",PH,10,112,"[1, 2, 2]",F3,71001,73308,BASE,50000,FH12_S3_T_PH_W112_D123_WV3_S71001_FRESH50_v1,8a971c857a1f386f9a2cf130f8aaf674760d7fa0604d411c92ae7a35fffdb352,0.0001,3e-06,1.0,1.0,0.1,0.002,config/FH20R1_S3_S_PH_W112_D122_WV3_TF3_TS71001_SS73308_BASE_FRESH50_v1.yaml,PLANNED_NOT_REGISTERED
FH20R1_S3_S_PH_W112_D122_WV3_TF3_TS71001_SS73309_BASE_FRESH50_v1,TRAIN,S,s3,CORE,ALWAYS,"[""FH20R1_S3_B10""]",PH,10,112,"[1, 2, 2]",F3,71001,73309,BASE,50000,FH12_S3_T_PH_W112_D123_WV3_S71001_FRESH50_v1,8a971c857a1f386f9a2cf130f8aaf674760d7fa0604d411c92ae7a35fffdb352,0.0001,3e-06,1.0,1.0,0.1,0.002,config/FH20R1_S3_S_PH_W112_D122_WV3_TF3_TS71001_SS73309_BASE_FRESH50_v1.yaml,PLANNED_NOT_REGISTERED
FH20R1_S3_S_PH_W104_D121_WV3_TF3_TS71001_SS73310_BASE_FRESH50_v1,TRAIN,S,s3,RESERVE,ALWAYS,"[""FH20R1_S3_B11""]",PH,10,104,"[1, 2, 1]",F3,71001,73310,BASE,50000,FH12_S3_T_PH_W112_D123_WV3_S71001_FRESH50_v1,8a971c857a1f386f9a2cf130f8aaf674760d7fa0604d411c92ae7a35fffdb352,0.0001,3e-06,1.0,1.0,0.1,0.002,config/FH20R1_S3_S_PH_W104_D121_WV3_TF3_TS71001_SS73310_BASE_FRESH50_v1.yaml,PLANNED_NOT_REGISTERED
FH20R1_S3_S_PH_W104_D121_WV3_TF3_TS71001_SS73311_BASE_FRESH50_v1,TRAIN,S,s3,RESERVE,ALWAYS,"[""FH20R1_S3_B12""]",PH,10,104,"[1, 2, 1]",F3,71001,73311,BASE,50000,FH12_S3_T_PH_W112_D123_WV3_S71001_FRESH50_v1,8a971c857a1f386f9a2cf130f8aaf674760d7fa0604d411c92ae7a35fffdb352,0.0001,3e-06,1.0,1.0,0.1,0.002,config/FH20R1_S3_S_PH_W104_D121_WV3_TF3_TS71001_SS73311_BASE_FRESH50_v1.yaml,PLANNED_NOT_REGISTERED
FH20R1_S3_S_PH_W104_D121_WV3_TF3_TS71001_SS73312_BASE_FRESH50_v1,TRAIN,S,s3,RESERVE,ALWAYS,"[""FH20R1_S3_B13""]",PH,10,104,"[1, 2, 1]",F3,71001,73312,BASE,50000,FH12_S3_T_PH_W112_D123_WV3_S71001_FRESH50_v1,8a971c857a1f386f9a2cf130f8aaf674760d7fa0604d411c92ae7a35fffdb352,0.0001,3e-06,1.0,1.0,0.1,0.002,config/FH20R1_S3_S_PH_W104_D121_WV3_TF3_TS71001_SS73312_BASE_FRESH50_v1.yaml,PLANNED_NOT_REGISTERED
FH20R1_S3_S_PH_W104_D121_WV3_TF3_TS71001_SS73313_BASE_FRESH50_v1,TRAIN,S,s3,RESERVE,ALWAYS,"[""FH20R1_S3_B14""]",PH,10,104,"[1, 2, 1]",F3,71001,73313,BASE,50000,FH12_S3_T_PH_W112_D123_WV3_S71001_FRESH50_v1,8a971c857a1f386f9a2cf130f8aaf674760d7fa0604d411c92ae7a35fffdb352,0.0001,3e-06,1.0,1.0,0.1,0.002,config/FH20R1_S3_S_PH_W104_D121_WV3_TF3_TS71001_SS73313_BASE_FRESH50_v1.yaml,PLANNED_NOT_REGISTERED
FH20R1_S3_S_PH_W104_D122_WV3_TF3_TS71001_SS73310_BASE_FRESH50_v1,TRAIN,S,s3,RESERVE,ALWAYS,"[""FH20R1_S3_B11""]",PH,10,104,"[1, 2, 2]",F3,71001,73310,BASE,50000,FH12_S3_T_PH_W112_D123_WV3_S71001_FRESH50_v1,8a971c857a1f386f9a2cf130f8aaf674760d7fa0604d411c92ae7a35fffdb352,0.0001,3e-06,1.0,1.0,0.1,0.002,config/FH20R1_S3_S_PH_W104_D122_WV3_TF3_TS71001_SS73310_BASE_FRESH50_v1.yaml,PLANNED_NOT_REGISTERED
FH20R1_S3_S_PH_W104_D122_WV3_TF3_TS71001_SS73311_BASE_FRESH50_v1,TRAIN,S,s3,RESERVE,ALWAYS,"[""FH20R1_S3_B12""]",PH,10,104,"[1, 2, 2]",F3,71001,73311,BASE,50000,FH12_S3_T_PH_W112_D123_WV3_S71001_FRESH50_v1,8a971c857a1f386f9a2cf130f8aaf674760d7fa0604d411c92ae7a35fffdb352,0.0001,3e-06,1.0,1.0,0.1,0.002,config/FH20R1_S3_S_PH_W104_D122_WV3_TF3_TS71001_SS73311_BASE_FRESH50_v1.yaml,PLANNED_NOT_REGISTERED
FH20R1_S3_S_PH_W104_D122_WV3_TF3_TS71001_SS73312_BASE_FRESH50_v1,TRAIN,S,s3,RESERVE,ALWAYS,"[""FH20R1_S3_B13""]",PH,10,104,"[1, 2, 2]",F3,71001,73312,BASE,50000,FH12_S3_T_PH_W112_D123_WV3_S71001_FRESH50_v1,8a971c857a1f386f9a2cf130f8aaf674760d7fa0604d411c92ae7a35fffdb352,0.0001,3e-06,1.0,1.0,0.1,0.002,config/FH20R1_S3_S_PH_W104_D122_WV3_TF3_TS71001_SS73312_BASE_FRESH50_v1.yaml,PLANNED_NOT_REGISTERED
FH20R1_S3_S_PH_W104_D122_WV3_TF3_TS71001_SS73313_BASE_FRESH50_v1,TRAIN,S,s3,RESERVE,ALWAYS,"[""FH20R1_S3_B14""]",PH,10,104,"[1, 2, 2]",F3,71001,73313,BASE,50000,FH12_S3_T_PH_W112_D123_WV3_S71001_FRESH50_v1,8a971c857a1f386f9a2cf130f8aaf674760d7fa0604d411c92ae7a35fffdb352,0.0001,3e-06,1.0,1.0,0.1,0.002,config/FH20R1_S3_S_PH_W104_D122_WV3_TF3_TS71001_SS73313_BASE_FRESH50_v1.yaml,PLANNED_NOT_REGISTERED
FH20R1_S4_S_PLH_W104_D121_WV3_TF4_TS71001_SS73401_BASE_FRESH50_v1,TRAIN,S,s4,CORE,ALWAYS,"[""FH20R1_S4_B02""]",PLH,11,104,"[1, 2, 1]",F4,71001,73401,BASE,50000,FH12_S4_T_PLH_W112_D123_WV3_S71001_FRESH50_v1,9b6fd8ccc0e3e567f62bacd53d56bb6b2017f23b4c3aac75bdcca0d1ae36d260,0.0001,3e-06,1.0,1.0,0.1,0.002,config/FH20R1_S4_S_PLH_W104_D121_WV3_TF4_TS71001_SS73401_BASE_FRESH50_v1.yaml,PLANNED_NOT_REGISTERED
FH20R1_S4_S_PLH_W104_D121_WV3_TF4_TS71001_SS73402_BASE_FRESH50_v1,TRAIN,S,s4,CORE,ALWAYS,"[""FH20R1_S4_B03""]",PLH,11,104,"[1, 2, 1]",F4,71001,73402,BASE,50000,FH12_S4_T_PLH_W112_D123_WV3_S71001_FRESH50_v1,9b6fd8ccc0e3e567f62bacd53d56bb6b2017f23b4c3aac75bdcca0d1ae36d260,0.0001,3e-06,1.0,1.0,0.1,0.002,config/FH20R1_S4_S_PLH_W104_D121_WV3_TF4_TS71001_SS73402_BASE_FRESH50_v1.yaml,PLANNED_NOT_REGISTERED
FH20R1_S4_S_PLH_W104_D121_WV3_TF4_TS71001_SS73403_BASE_FRESH50_v1,TRAIN,S,s4,CORE,ALWAYS,"[""FH20R1_S4_B04""]",PLH,11,104,"[1, 2, 1]",F4,71001,73403,BASE,50000,FH12_S4_T_PLH_W112_D123_WV3_S71001_FRESH50_v1,9b6fd8ccc0e3e567f62bacd53d56bb6b2017f23b4c3aac75bdcca0d1ae36d260,0.0001,3e-06,1.0,1.0,0.1,0.002,config/FH20R1_S4_S_PLH_W104_D121_WV3_TF4_TS71001_SS73403_BASE_FRESH50_v1.yaml,PLANNED_NOT_REGISTERED
FH20R1_S4_S_PLH_W104_D121_WV3_TF4_TS71001_SS73404_BASE_FRESH50_v1,TRAIN,S,s4,CORE,ALWAYS,"[""FH20R1_S4_B05""]",PLH,11,104,"[1, 2, 1]",F4,71001,73404,BASE,50000,FH12_S4_T_PLH_W112_D123_WV3_S71001_FRESH50_v1,9b6fd8ccc0e3e567f62bacd53d56bb6b2017f23b4c3aac75bdcca0d1ae36d260,0.0001,3e-06,1.0,1.0,0.1,0.002,config/FH20R1_S4_S_PLH_W104_D121_WV3_TF4_TS71001_SS73404_BASE_FRESH50_v1.yaml,PLANNED_NOT_REGISTERED
FH20R1_S4_S_PLH_W104_D122_WV3_TF4_TS71001_SS73401_BASE_FRESH50_v1,TRAIN,S,s4,CORE,ALWAYS,"[""FH20R1_S4_B02""]",PLH,11,104,"[1, 2, 2]",F4,71001,73401,BASE,50000,FH12_S4_T_PLH_W112_D123_WV3_S71001_FRESH50_v1,9b6fd8ccc0e3e567f62bacd53d56bb6b2017f23b4c3aac75bdcca0d1ae36d260,0.0001,3e-06,1.0,1.0,0.1,0.002,config/FH20R1_S4_S_PLH_W104_D122_WV3_TF4_TS71001_SS73401_BASE_FRESH50_v1.yaml,PLANNED_NOT_REGISTERED
FH20R1_S4_S_PLH_W104_D122_WV3_TF4_TS71001_SS73402_BASE_FRESH50_v1,TRAIN,S,s4,CORE,ALWAYS,"[""FH20R1_S4_B03""]",PLH,11,104,"[1, 2, 2]",F4,71001,73402,BASE,50000,FH12_S4_T_PLH_W112_D123_WV3_S71001_FRESH50_v1,9b6fd8ccc0e3e567f62bacd53d56bb6b2017f23b4c3aac75bdcca0d1ae36d260,0.0001,3e-06,1.0,1.0,0.1,0.002,config/FH20R1_S4_S_PLH_W104_D122_WV3_TF4_TS71001_SS73402_BASE_FRESH50_v1.yaml,PLANNED_NOT_REGISTERED
FH20R1_S4_S_PLH_W104_D122_WV3_TF4_TS71001_SS73403_BASE_FRESH50_v1,TRAIN,S,s4,CORE,ALWAYS,"[""FH20R1_S4_B04""]",PLH,11,104,"[1, 2, 2]",F4,71001,73403,BASE,50000,FH12_S4_T_PLH_W112_D123_WV3_S71001_FRESH50_v1,9b6fd8ccc0e3e567f62bacd53d56bb6b2017f23b4c3aac75bdcca0d1ae36d260,0.0001,3e-06,1.0,1.0,0.1,0.002,config/FH20R1_S4_S_PLH_W104_D122_WV3_TF4_TS71001_SS73403_BASE_FRESH50_v1.yaml,PLANNED_NOT_REGISTERED
FH20R1_S4_S_PLH_W104_D122_WV3_TF4_TS71001_SS73404_BASE_FRESH50_v1,TRAIN,S,s4,CORE,ALWAYS,"[""FH20R1_S4_B05""]",PLH,11,104,"[1, 2, 2]",F4,71001,73404,BASE,50000,FH12_S4_T_PLH_W112_D123_WV3_S71001_FRESH50_v1,9b6fd8ccc0e3e567f62bacd53d56bb6b2017f23b4c3aac75bdcca0d1ae36d260,0.0001,3e-06,1.0,1.0,0.1,0.002,config/FH20R1_S4_S_PLH_W104_D122_WV3_TF4_TS71001_SS73404_BASE_FRESH50_v1.yaml,PLANNED_NOT_REGISTERED
FH20R1_S4_S_PLH_W112_D121_WV3_TF4_TS71001_SS73405_BASE_FRESH50_v1,TRAIN,S,s4,CORE,ALWAYS,"[""FH20R1_S4_B07""]",PLH,11,112,"[1, 2, 1]",F4,71001,73405,BASE,50000,FH12_S4_T_PLH_W112_D123_WV3_S71001_FRESH50_v1,9b6fd8ccc0e3e567f62bacd53d56bb6b2017f23b4c3aac75bdcca0d1ae36d260,0.0001,3e-06,1.0,1.0,0.1,0.002,config/FH20R1_S4_S_PLH_W112_D121_WV3_TF4_TS71001_SS73405_BASE_FRESH50_v1.yaml,PLANNED_NOT_REGISTERED
FH20R1_S4_S_PLH_W112_D122_WV3_TF4_TS71001_SS72001_BASE_FRESH50_v1,TRAIN,S,s4,CORE,ALWAYS,"[""FH20R1_S4_B06""]",PLH,11,112,"[1, 2, 2]",F4,71001,72001,BASE,50000,FH12_S4_T_PLH_W112_D123_WV3_S71001_FRESH50_v1,9b6fd8ccc0e3e567f62bacd53d56bb6b2017f23b4c3aac75bdcca0d1ae36d260,0.0001,3e-06,1.0,1.0,0.1,0.002,config/FH20R1_S4_S_PLH_W112_D122_WV3_TF4_TS71001_SS72001_BASE_FRESH50_v1.yaml,PLANNED_NOT_REGISTERED
FH20R1_S4_S_PLH_W112_D122_WV3_TF4_TS71001_SS73405_BASE_FRESH50_v1,TRAIN,S,s4,CORE,ALWAYS,"[""FH20R1_S4_B07""]",PLH,11,112,"[1, 2, 2]",F4,71001,73405,BASE,50000,FH12_S4_T_PLH_W112_D123_WV3_S71001_FRESH50_v1,9b6fd8ccc0e3e567f62bacd53d56bb6b2017f23b4c3aac75bdcca0d1ae36d260,0.0001,3e-06,1.0,1.0,0.1,0.002,config/FH20R1_S4_S_PLH_W112_D122_WV3_TF4_TS71001_SS73405_BASE_FRESH50_v1.yaml,PLANNED_NOT_REGISTERED
FH20R1_S4_S_PL_W104_D121_WV3_TF4_TS71001_SS73401_BASE_FRESH50_v1,TRAIN,S,s4,CORE,ALWAYS,"[""FH20R1_S4_B02""]",PL,10,104,"[1, 2, 1]",F4,71001,73401,BASE,50000,FH12_S4_T_PLH_W112_D123_WV3_S71001_FRESH50_v1,9b6fd8ccc0e3e567f62bacd53d56bb6b2017f23b4c3aac75bdcca0d1ae36d260,0.0001,3e-06,1.0,1.0,0.1,0.002,config/FH20R1_S4_S_PL_W104_D121_WV3_TF4_TS71001_SS73401_BASE_FRESH50_v1.yaml,PLANNED_NOT_REGISTERED
FH20R1_S4_S_PL_W104_D121_WV3_TF4_TS71001_SS73402_BASE_FRESH50_v1,TRAIN,S,s4,CORE,ALWAYS,"[""FH20R1_S4_B03""]",PL,10,104,"[1, 2, 1]",F4,71001,73402,BASE,50000,FH12_S4_T_PLH_W112_D123_WV3_S71001_FRESH50_v1,9b6fd8ccc0e3e567f62bacd53d56bb6b2017f23b4c3aac75bdcca0d1ae36d260,0.0001,3e-06,1.0,1.0,0.1,0.002,config/FH20R1_S4_S_PL_W104_D121_WV3_TF4_TS71001_SS73402_BASE_FRESH50_v1.yaml,PLANNED_NOT_REGISTERED
FH20R1_S4_S_PL_W104_D121_WV3_TF4_TS71001_SS73403_BASE_FRESH50_v1,TRAIN,S,s4,CORE,ALWAYS,"[""FH20R1_S4_B04""]",PL,10,104,"[1, 2, 1]",F4,71001,73403,BASE,50000,FH12_S4_T_PLH_W112_D123_WV3_S71001_FRESH50_v1,9b6fd8ccc0e3e567f62bacd53d56bb6b2017f23b4c3aac75bdcca0d1ae36d260,0.0001,3e-06,1.0,1.0,0.1,0.002,config/FH20R1_S4_S_PL_W104_D121_WV3_TF4_TS71001_SS73403_BASE_FRESH50_v1.yaml,PLANNED_NOT_REGISTERED
FH20R1_S4_S_PL_W104_D121_WV3_TF4_TS71001_SS73404_BASE_FRESH50_v1,TRAIN,S,s4,CORE,ALWAYS,"[""FH20R1_S4_B05""]",PL,10,104,"[1, 2, 1]",F4,71001,73404,BASE,50000,FH12_S4_T_PLH_W112_D123_WV3_S71001_FRESH50_v1,9b6fd8ccc0e3e567f62bacd53d56bb6b2017f23b4c3aac75bdcca0d1ae36d260,0.0001,3e-06,1.0,1.0,0.1,0.002,config/FH20R1_S4_S_PL_W104_D121_WV3_TF4_TS71001_SS73404_BASE_FRESH50_v1.yaml,PLANNED_NOT_REGISTERED
FH20R1_S4_S_PL_W104_D122_WV3_TF4_TS71001_SS72001_BASE_FRESH50_v1,TRAIN,S,s4,CORE,ALWAYS,"[""FH20R1_S4_B01""]",PL,10,104,"[1, 2, 2]",F4,71001,72001,BASE,50000,FH12_S4_T_PLH_W112_D123_WV3_S71001_FRESH50_v1,9b6fd8ccc0e3e567f62bacd53d56bb6b2017f23b4c3aac75bdcca0d1ae36d260,0.0001,3e-06,1.0,1.0,0.1,0.002,config/FH20R1_S4_S_PL_W104_D122_WV3_TF4_TS71001_SS72001_BASE_FRESH50_v1.yaml,PLANNED_NOT_REGISTERED
FH20R1_S4_S_PL_W104_D122_WV3_TF4_TS71001_SS73401_BASE_FRESH50_v1,TRAIN,S,s4,CORE,ALWAYS,"[""FH20R1_S4_B02""]",PL,10,104,"[1, 2, 2]",F4,71001,73401,BASE,50000,FH12_S4_T_PLH_W112_D123_WV3_S71001_FRESH50_v1,9b6fd8ccc0e3e567f62bacd53d56bb6b2017f23b4c3aac75bdcca0d1ae36d260,0.0001,3e-06,1.0,1.0,0.1,0.002,config/FH20R1_S4_S_PL_W104_D122_WV3_TF4_TS71001_SS73401_BASE_FRESH50_v1.yaml,PLANNED_NOT_REGISTERED
FH20R1_S4_S_PL_W104_D122_WV3_TF4_TS71001_SS73402_BASE_FRESH50_v1,TRAIN,S,s4,CORE,ALWAYS,"[""FH20R1_S4_B03""]",PL,10,104,"[1, 2, 2]",F4,71001,73402,BASE,50000,FH12_S4_T_PLH_W112_D123_WV3_S71001_FRESH50_v1,9b6fd8ccc0e3e567f62bacd53d56bb6b2017f23b4c3aac75bdcca0d1ae36d260,0.0001,3e-06,1.0,1.0,0.1,0.002,config/FH20R1_S4_S_PL_W104_D122_WV3_TF4_TS71001_SS73402_BASE_FRESH50_v1.yaml,PLANNED_NOT_REGISTERED
FH20R1_S4_S_PL_W104_D122_WV3_TF4_TS71001_SS73403_BASE_FRESH50_v1,TRAIN,S,s4,CORE,ALWAYS,"[""FH20R1_S4_B04""]",PL,10,104,"[1, 2, 2]",F4,71001,73403,BASE,50000,FH12_S4_T_PLH_W112_D123_WV3_S71001_FRESH50_v1,9b6fd8ccc0e3e567f62bacd53d56bb6b2017f23b4c3aac75bdcca0d1ae36d260,0.0001,3e-06,1.0,1.0,0.1,0.002,config/FH20R1_S4_S_PL_W104_D122_WV3_TF4_TS71001_SS73403_BASE_FRESH50_v1.yaml,PLANNED_NOT_REGISTERED
FH20R1_S4_S_PL_W104_D122_WV3_TF4_TS71001_SS73404_BASE_FRESH50_v1,TRAIN,S,s4,CORE,ALWAYS,"[""FH20R1_S4_B05""]",PL,10,104,"[1, 2, 2]",F4,71001,73404,BASE,50000,FH12_S4_T_PLH_W112_D123_WV3_S71001_FRESH50_v1,9b6fd8ccc0e3e567f62bacd53d56bb6b2017f23b4c3aac75bdcca0d1ae36d260,0.0001,3e-06,1.0,1.0,0.1,0.002,config/FH20R1_S4_S_PL_W104_D122_WV3_TF4_TS71001_SS73404_BASE_FRESH50_v1.yaml,PLANNED_NOT_REGISTERED
FH20R1_S4_S_PLH_W104_D121_WV3_TF4_TS71001_SS73406_BASE_FRESH50_v1,TRAIN,S,s4,RESERVE,ALWAYS,"[""FH20R1_S4_B08""]",PLH,11,104,"[1, 2, 1]",F4,71001,73406,BASE,50000,FH12_S4_T_PLH_W112_D123_WV3_S71001_FRESH50_v1,9b6fd8ccc0e3e567f62bacd53d56bb6b2017f23b4c3aac75bdcca0d1ae36d260,0.0001,3e-06,1.0,1.0,0.1,0.002,config/FH20R1_S4_S_PLH_W104_D121_WV3_TF4_TS71001_SS73406_BASE_FRESH50_v1.yaml,PLANNED_NOT_REGISTERED
FH20R1_S4_S_PLH_W104_D121_WV3_TF4_TS71001_SS73407_BASE_FRESH50_v1,TRAIN,S,s4,RESERVE,ALWAYS,"[""FH20R1_S4_B09""]",PLH,11,104,"[1, 2, 1]",F4,71001,73407,BASE,50000,FH12_S4_T_PLH_W112_D123_WV3_S71001_FRESH50_v1,9b6fd8ccc0e3e567f62bacd53d56bb6b2017f23b4c3aac75bdcca0d1ae36d260,0.0001,3e-06,1.0,1.0,0.1,0.002,config/FH20R1_S4_S_PLH_W104_D121_WV3_TF4_TS71001_SS73407_BASE_FRESH50_v1.yaml,PLANNED_NOT_REGISTERED
FH20R1_S4_S_PLH_W104_D122_WV3_TF4_TS71001_SS73406_BASE_FRESH50_v1,TRAIN,S,s4,RESERVE,ALWAYS,"[""FH20R1_S4_B08""]",PLH,11,104,"[1, 2, 2]",F4,71001,73406,BASE,50000,FH12_S4_T_PLH_W112_D123_WV3_S71001_FRESH50_v1,9b6fd8ccc0e3e567f62bacd53d56bb6b2017f23b4c3aac75bdcca0d1ae36d260,0.0001,3e-06,1.0,1.0,0.1,0.002,config/FH20R1_S4_S_PLH_W104_D122_WV3_TF4_TS71001_SS73406_BASE_FRESH50_v1.yaml,PLANNED_NOT_REGISTERED
FH20R1_S4_S_PLH_W104_D122_WV3_TF4_TS71001_SS73407_BASE_FRESH50_v1,TRAIN,S,s4,RESERVE,ALWAYS,"[""FH20R1_S4_B09""]",PLH,11,104,"[1, 2, 2]",F4,71001,73407,BASE,50000,FH12_S4_T_PLH_W112_D123_WV3_S71001_FRESH50_v1,9b6fd8ccc0e3e567f62bacd53d56bb6b2017f23b4c3aac75bdcca0d1ae36d260,0.0001,3e-06,1.0,1.0,0.1,0.002,config/FH20R1_S4_S_PLH_W104_D122_WV3_TF4_TS71001_SS73407_BASE_FRESH50_v1.yaml,PLANNED_NOT_REGISTERED
FH20R1_S4_S_PL_W104_D121_WV3_TF4_TS71001_SS73406_BASE_FRESH50_v1,TRAIN,S,s4,RESERVE,ALWAYS,"[""FH20R1_S4_B08""]",PL,10,104,"[1, 2, 1]",F4,71001,73406,BASE,50000,FH12_S4_T_PLH_W112_D123_WV3_S71001_FRESH50_v1,9b6fd8ccc0e3e567f62bacd53d56bb6b2017f23b4c3aac75bdcca0d1ae36d260,0.0001,3e-06,1.0,1.0,0.1,0.002,config/FH20R1_S4_S_PL_W104_D121_WV3_TF4_TS71001_SS73406_BASE_FRESH50_v1.yaml,PLANNED_NOT_REGISTERED
FH20R1_S4_S_PL_W104_D121_WV3_TF4_TS71001_SS73407_BASE_FRESH50_v1,TRAIN,S,s4,RESERVE,ALWAYS,"[""FH20R1_S4_B09""]",PL,10,104,"[1, 2, 1]",F4,71001,73407,BASE,50000,FH12_S4_T_PLH_W112_D123_WV3_S71001_FRESH50_v1,9b6fd8ccc0e3e567f62bacd53d56bb6b2017f23b4c3aac75bdcca0d1ae36d260,0.0001,3e-06,1.0,1.0,0.1,0.002,config/FH20R1_S4_S_PL_W104_D121_WV3_TF4_TS71001_SS73407_BASE_FRESH50_v1.yaml,PLANNED_NOT_REGISTERED
FH20R1_S4_S_PL_W104_D122_WV3_TF4_TS71001_SS73406_BASE_FRESH50_v1,TRAIN,S,s4,RESERVE,ALWAYS,"[""FH20R1_S4_B08""]",PL,10,104,"[1, 2, 2]",F4,71001,73406,BASE,50000,FH12_S4_T_PLH_W112_D123_WV3_S71001_FRESH50_v1,9b6fd8ccc0e3e567f62bacd53d56bb6b2017f23b4c3aac75bdcca0d1ae36d260,0.0001,3e-06,1.0,1.0,0.1,0.002,config/FH20R1_S4_S_PL_W104_D122_WV3_TF4_TS71001_SS73406_BASE_FRESH50_v1.yaml,PLANNED_NOT_REGISTERED
FH20R1_S4_S_PL_W104_D122_WV3_TF4_TS71001_SS73407_BASE_FRESH50_v1,TRAIN,S,s4,RESERVE,ALWAYS,"[""FH20R1_S4_B09""]",PL,10,104,"[1, 2, 2]",F4,71001,73407,BASE,50000,FH12_S4_T_PLH_W112_D123_WV3_S71001_FRESH50_v1,9b6fd8ccc0e3e567f62bacd53d56bb6b2017f23b4c3aac75bdcca0d1ae36d260,0.0001,3e-06,1.0,1.0,0.1,0.002,config/FH20R1_S4_S_PL_W104_D122_WV3_TF4_TS71001_SS73407_BASE_FRESH50_v1.yaml,PLANNED_NOT_REGISTERED
FH20R1_S5_S_PLH_W104_D121_WV3_TF5_TS71002_SS73501_BASE_FRESH50_v1,TRAIN,S,s5,CORE,ALWAYS,"[""FH20R1_S5_B02""]",PLH,11,104,"[1, 2, 1]",F5,71002,73501,BASE,50000,FH12_S5_T_PLH_W112_D123_WV3_S71002_FRESH50_v1,dff2b0c1b4e00422ce184d9e7590ba78e88d750bb42674997423542ad20916c2,0.0001,3e-06,1.0,1.0,0.1,0.002,config/FH20R1_S5_S_PLH_W104_D121_WV3_TF5_TS71002_SS73501_BASE_FRESH50_v1.yaml,PLANNED_NOT_REGISTERED
FH20R1_S5_S_PLH_W104_D121_WV3_TF5_TS71002_SS73502_BASE_FRESH50_v1,TRAIN,S,s5,CORE,ALWAYS,"[""FH20R1_S5_B03""]",PLH,11,104,"[1, 2, 1]",F5,71002,73502,BASE,50000,FH12_S5_T_PLH_W112_D123_WV3_S71002_FRESH50_v1,dff2b0c1b4e00422ce184d9e7590ba78e88d750bb42674997423542ad20916c2,0.0001,3e-06,1.0,1.0,0.1,0.002,config/FH20R1_S5_S_PLH_W104_D121_WV3_TF5_TS71002_SS73502_BASE_FRESH50_v1.yaml,PLANNED_NOT_REGISTERED
FH20R1_S5_S_PLH_W104_D121_WV3_TF5_TS71002_SS73503_BASE_FRESH50_v1,TRAIN,S,s5,CORE,ALWAYS,"[""FH20R1_S5_B04""]",PLH,11,104,"[1, 2, 1]",F5,71002,73503,BASE,50000,FH12_S5_T_PLH_W112_D123_WV3_S71002_FRESH50_v1,dff2b0c1b4e00422ce184d9e7590ba78e88d750bb42674997423542ad20916c2,0.0001,3e-06,1.0,1.0,0.1,0.002,config/FH20R1_S5_S_PLH_W104_D121_WV3_TF5_TS71002_SS73503_BASE_FRESH50_v1.yaml,PLANNED_NOT_REGISTERED
FH20R1_S5_S_PLH_W104_D121_WV3_TF5_TS71002_SS73504_BASE_FRESH50_v1,TRAIN,S,s5,CORE,ALWAYS,"[""FH20R1_S5_B05""]",PLH,11,104,"[1, 2, 1]",F5,71002,73504,BASE,50000,FH12_S5_T_PLH_W112_D123_WV3_S71002_FRESH50_v1,dff2b0c1b4e00422ce184d9e7590ba78e88d750bb42674997423542ad20916c2,0.0001,3e-06,1.0,1.0,0.1,0.002,config/FH20R1_S5_S_PLH_W104_D121_WV3_TF5_TS71002_SS73504_BASE_FRESH50_v1.yaml,PLANNED_NOT_REGISTERED
FH20R1_S5_S_PLH_W104_D122_WV3_TF5_TS71002_SS73501_BASE_FRESH50_v1,TRAIN,S,s5,CORE,ALWAYS,"[""FH20R1_S5_B02""]",PLH,11,104,"[1, 2, 2]",F5,71002,73501,BASE,50000,FH12_S5_T_PLH_W112_D123_WV3_S71002_FRESH50_v1,dff2b0c1b4e00422ce184d9e7590ba78e88d750bb42674997423542ad20916c2,0.0001,3e-06,1.0,1.0,0.1,0.002,config/FH20R1_S5_S_PLH_W104_D122_WV3_TF5_TS71002_SS73501_BASE_FRESH50_v1.yaml,PLANNED_NOT_REGISTERED
FH20R1_S5_S_PLH_W104_D122_WV3_TF5_TS71002_SS73502_BASE_FRESH50_v1,TRAIN,S,s5,CORE,ALWAYS,"[""FH20R1_S5_B03""]",PLH,11,104,"[1, 2, 2]",F5,71002,73502,BASE,50000,FH12_S5_T_PLH_W112_D123_WV3_S71002_FRESH50_v1,dff2b0c1b4e00422ce184d9e7590ba78e88d750bb42674997423542ad20916c2,0.0001,3e-06,1.0,1.0,0.1,0.002,config/FH20R1_S5_S_PLH_W104_D122_WV3_TF5_TS71002_SS73502_BASE_FRESH50_v1.yaml,PLANNED_NOT_REGISTERED
FH20R1_S5_S_PLH_W104_D122_WV3_TF5_TS71002_SS73503_BASE_FRESH50_v1,TRAIN,S,s5,CORE,ALWAYS,"[""FH20R1_S5_B04""]",PLH,11,104,"[1, 2, 2]",F5,71002,73503,BASE,50000,FH12_S5_T_PLH_W112_D123_WV3_S71002_FRESH50_v1,dff2b0c1b4e00422ce184d9e7590ba78e88d750bb42674997423542ad20916c2,0.0001,3e-06,1.0,1.0,0.1,0.002,config/FH20R1_S5_S_PLH_W104_D122_WV3_TF5_TS71002_SS73503_BASE_FRESH50_v1.yaml,PLANNED_NOT_REGISTERED
FH20R1_S5_S_PLH_W104_D122_WV3_TF5_TS71002_SS73504_BASE_FRESH50_v1,TRAIN,S,s5,CORE,ALWAYS,"[""FH20R1_S5_B05""]",PLH,11,104,"[1, 2, 2]",F5,71002,73504,BASE,50000,FH12_S5_T_PLH_W112_D123_WV3_S71002_FRESH50_v1,dff2b0c1b4e00422ce184d9e7590ba78e88d750bb42674997423542ad20916c2,0.0001,3e-06,1.0,1.0,0.1,0.002,config/FH20R1_S5_S_PLH_W104_D122_WV3_TF5_TS71002_SS73504_BASE_FRESH50_v1.yaml,PLANNED_NOT_REGISTERED
FH20R1_S5_S_PLH_W112_D121_WV3_TF5_TS71002_SS72002_BASE_FRESH50_v1,TRAIN,S,s5,CORE,ALWAYS,"[""FH20R1_S5_B06""]",PLH,11,112,"[1, 2, 1]",F5,71002,72002,BASE,50000,FH12_S5_T_PLH_W112_D123_WV3_S71002_FRESH50_v1,dff2b0c1b4e00422ce184d9e7590ba78e88d750bb42674997423542ad20916c2,0.0001,3e-06,1.0,1.0,0.1,0.002,config/FH20R1_S5_S_PLH_W112_D121_WV3_TF5_TS71002_SS72002_BASE_FRESH50_v1.yaml,PLANNED_NOT_REGISTERED
FH20R1_S5_S_PLH_W112_D122_WV3_TF5_TS71002_SS72002_BASE_FRESH50_v1,TRAIN,S,s5,CORE,ALWAYS,"[""FH20R1_S5_B06""]",PLH,11,112,"[1, 2, 2]",F5,71002,72002,BASE,50000,FH12_S5_T_PLH_W112_D123_WV3_S71002_FRESH50_v1,dff2b0c1b4e00422ce184d9e7590ba78e88d750bb42674997423542ad20916c2,0.0001,3e-06,1.0,1.0,0.1,0.002,config/FH20R1_S5_S_PLH_W112_D122_WV3_TF5_TS71002_SS72002_BASE_FRESH50_v1.yaml,PLANNED_NOT_REGISTERED
FH20R1_S5_S_PL_W104_D121_WV3_TF5_TS71002_SS72002_BASE_FRESH50_v1,TRAIN,S,s5,CORE,ALWAYS,"[""FH20R1_S5_B01""]",PL,10,104,"[1, 2, 1]",F5,71002,72002,BASE,50000,FH12_S5_T_PLH_W112_D123_WV3_S71002_FRESH50_v1,dff2b0c1b4e00422ce184d9e7590ba78e88d750bb42674997423542ad20916c2,0.0001,3e-06,1.0,1.0,0.1,0.002,config/FH20R1_S5_S_PL_W104_D121_WV3_TF5_TS71002_SS72002_BASE_FRESH50_v1.yaml,PLANNED_NOT_REGISTERED
FH20R1_S5_S_PL_W104_D121_WV3_TF5_TS71002_SS73501_BASE_FRESH50_v1,TRAIN,S,s5,CORE,ALWAYS,"[""FH20R1_S5_B02""]",PL,10,104,"[1, 2, 1]",F5,71002,73501,BASE,50000,FH12_S5_T_PLH_W112_D123_WV3_S71002_FRESH50_v1,dff2b0c1b4e00422ce184d9e7590ba78e88d750bb42674997423542ad20916c2,0.0001,3e-06,1.0,1.0,0.1,0.002,config/FH20R1_S5_S_PL_W104_D121_WV3_TF5_TS71002_SS73501_BASE_FRESH50_v1.yaml,PLANNED_NOT_REGISTERED
FH20R1_S5_S_PL_W104_D121_WV3_TF5_TS71002_SS73502_BASE_FRESH50_v1,TRAIN,S,s5,CORE,ALWAYS,"[""FH20R1_S5_B03""]",PL,10,104,"[1, 2, 1]",F5,71002,73502,BASE,50000,FH12_S5_T_PLH_W112_D123_WV3_S71002_FRESH50_v1,dff2b0c1b4e00422ce184d9e7590ba78e88d750bb42674997423542ad20916c2,0.0001,3e-06,1.0,1.0,0.1,0.002,config/FH20R1_S5_S_PL_W104_D121_WV3_TF5_TS71002_SS73502_BASE_FRESH50_v1.yaml,PLANNED_NOT_REGISTERED
FH20R1_S5_S_PL_W104_D121_WV3_TF5_TS71002_SS73503_BASE_FRESH50_v1,TRAIN,S,s5,CORE,ALWAYS,"[""FH20R1_S5_B04""]",PL,10,104,"[1, 2, 1]",F5,71002,73503,BASE,50000,FH12_S5_T_PLH_W112_D123_WV3_S71002_FRESH50_v1,dff2b0c1b4e00422ce184d9e7590ba78e88d750bb42674997423542ad20916c2,0.0001,3e-06,1.0,1.0,0.1,0.002,config/FH20R1_S5_S_PL_W104_D121_WV3_TF5_TS71002_SS73503_BASE_FRESH50_v1.yaml,PLANNED_NOT_REGISTERED
FH20R1_S5_S_PL_W104_D121_WV3_TF5_TS71002_SS73504_BASE_FRESH50_v1,TRAIN,S,s5,CORE,ALWAYS,"[""FH20R1_S5_B05""]",PL,10,104,"[1, 2, 1]",F5,71002,73504,BASE,50000,FH12_S5_T_PLH_W112_D123_WV3_S71002_FRESH50_v1,dff2b0c1b4e00422ce184d9e7590ba78e88d750bb42674997423542ad20916c2,0.0001,3e-06,1.0,1.0,0.1,0.002,config/FH20R1_S5_S_PL_W104_D121_WV3_TF5_TS71002_SS73504_BASE_FRESH50_v1.yaml,PLANNED_NOT_REGISTERED
FH20R1_S5_S_PL_W104_D122_WV3_TF5_TS71002_SS72002_BASE_FRESH50_v1,TRAIN,S,s5,CORE,ALWAYS,"[""FH20R1_S5_B01""]",PL,10,104,"[1, 2, 2]",F5,71002,72002,BASE,50000,FH12_S5_T_PLH_W112_D123_WV3_S71002_FRESH50_v1,dff2b0c1b4e00422ce184d9e7590ba78e88d750bb42674997423542ad20916c2,0.0001,3e-06,1.0,1.0,0.1,0.002,config/FH20R1_S5_S_PL_W104_D122_WV3_TF5_TS71002_SS72002_BASE_FRESH50_v1.yaml,PLANNED_NOT_REGISTERED
FH20R1_S5_S_PL_W104_D122_WV3_TF5_TS71002_SS73501_BASE_FRESH50_v1,TRAIN,S,s5,CORE,ALWAYS,"[""FH20R1_S5_B02""]",PL,10,104,"[1, 2, 2]",F5,71002,73501,BASE,50000,FH12_S5_T_PLH_W112_D123_WV3_S71002_FRESH50_v1,dff2b0c1b4e00422ce184d9e7590ba78e88d750bb42674997423542ad20916c2,0.0001,3e-06,1.0,1.0,0.1,0.002,config/FH20R1_S5_S_PL_W104_D122_WV3_TF5_TS71002_SS73501_BASE_FRESH50_v1.yaml,PLANNED_NOT_REGISTERED
FH20R1_S5_S_PL_W104_D122_WV3_TF5_TS71002_SS73502_BASE_FRESH50_v1,TRAIN,S,s5,CORE,ALWAYS,"[""FH20R1_S5_B03""]",PL,10,104,"[1, 2, 2]",F5,71002,73502,BASE,50000,FH12_S5_T_PLH_W112_D123_WV3_S71002_FRESH50_v1,dff2b0c1b4e00422ce184d9e7590ba78e88d750bb42674997423542ad20916c2,0.0001,3e-06,1.0,1.0,0.1,0.002,config/FH20R1_S5_S_PL_W104_D122_WV3_TF5_TS71002_SS73502_BASE_FRESH50_v1.yaml,PLANNED_NOT_REGISTERED
FH20R1_S5_S_PL_W104_D122_WV3_TF5_TS71002_SS73503_BASE_FRESH50_v1,TRAIN,S,s5,CORE,ALWAYS,"[""FH20R1_S5_B04""]",PL,10,104,"[1, 2, 2]",F5,71002,73503,BASE,50000,FH12_S5_T_PLH_W112_D123_WV3_S71002_FRESH50_v1,dff2b0c1b4e00422ce184d9e7590ba78e88d750bb42674997423542ad20916c2,0.0001,3e-06,1.0,1.0,0.1,0.002,config/FH20R1_S5_S_PL_W104_D122_WV3_TF5_TS71002_SS73503_BASE_FRESH50_v1.yaml,PLANNED_NOT_REGISTERED
FH20R1_S5_S_PL_W104_D122_WV3_TF5_TS71002_SS73504_BASE_FRESH50_v1,TRAIN,S,s5,CORE,ALWAYS,"[""FH20R1_S5_B05""]",PL,10,104,"[1, 2, 2]",F5,71002,73504,BASE,50000,FH12_S5_T_PLH_W112_D123_WV3_S71002_FRESH50_v1,dff2b0c1b4e00422ce184d9e7590ba78e88d750bb42674997423542ad20916c2,0.0001,3e-06,1.0,1.0,0.1,0.002,config/FH20R1_S5_S_PL_W104_D122_WV3_TF5_TS71002_SS73504_BASE_FRESH50_v1.yaml,PLANNED_NOT_REGISTERED
FH20R1_S5_S_PLH_W104_D121_WV3_TF5_TS71002_SS73505_BASE_FRESH50_v1,TRAIN,S,s5,RESERVE,ALWAYS,"[""FH20R1_S5_B07""]",PLH,11,104,"[1, 2, 1]",F5,71002,73505,BASE,50000,FH12_S5_T_PLH_W112_D123_WV3_S71002_FRESH50_v1,dff2b0c1b4e00422ce184d9e7590ba78e88d750bb42674997423542ad20916c2,0.0001,3e-06,1.0,1.0,0.1,0.002,config/FH20R1_S5_S_PLH_W104_D121_WV3_TF5_TS71002_SS73505_BASE_FRESH50_v1.yaml,PLANNED_NOT_REGISTERED
FH20R1_S5_S_PLH_W104_D121_WV3_TF5_TS71002_SS73506_BASE_FRESH50_v1,TRAIN,S,s5,RESERVE,ALWAYS,"[""FH20R1_S5_B08""]",PLH,11,104,"[1, 2, 1]",F5,71002,73506,BASE,50000,FH12_S5_T_PLH_W112_D123_WV3_S71002_FRESH50_v1,dff2b0c1b4e00422ce184d9e7590ba78e88d750bb42674997423542ad20916c2,0.0001,3e-06,1.0,1.0,0.1,0.002,config/FH20R1_S5_S_PLH_W104_D121_WV3_TF5_TS71002_SS73506_BASE_FRESH50_v1.yaml,PLANNED_NOT_REGISTERED
FH20R1_S5_S_PLH_W104_D122_WV3_TF5_TS71002_SS73505_BASE_FRESH50_v1,TRAIN,S,s5,RESERVE,ALWAYS,"[""FH20R1_S5_B07""]",PLH,11,104,"[1, 2, 2]",F5,71002,73505,BASE,50000,FH12_S5_T_PLH_W112_D123_WV3_S71002_FRESH50_v1,dff2b0c1b4e00422ce184d9e7590ba78e88d750bb42674997423542ad20916c2,0.0001,3e-06,1.0,1.0,0.1,0.002,config/FH20R1_S5_S_PLH_W104_D122_WV3_TF5_TS71002_SS73505_BASE_FRESH50_v1.yaml,PLANNED_NOT_REGISTERED
FH20R1_S5_S_PLH_W104_D122_WV3_TF5_TS71002_SS73506_BASE_FRESH50_v1,TRAIN,S,s5,RESERVE,ALWAYS,"[""FH20R1_S5_B08""]",PLH,11,104,"[1, 2, 2]",F5,71002,73506,BASE,50000,FH12_S5_T_PLH_W112_D123_WV3_S71002_FRESH50_v1,dff2b0c1b4e00422ce184d9e7590ba78e88d750bb42674997423542ad20916c2,0.0001,3e-06,1.0,1.0,0.1,0.002,config/FH20R1_S5_S_PLH_W104_D122_WV3_TF5_TS71002_SS73506_BASE_FRESH50_v1.yaml,PLANNED_NOT_REGISTERED
FH20R1_S5_S_PL_W104_D121_WV3_TF5_TS71002_SS73505_BASE_FRESH50_v1,TRAIN,S,s5,RESERVE,ALWAYS,"[""FH20R1_S5_B07""]",PL,10,104,"[1, 2, 1]",F5,71002,73505,BASE,50000,FH12_S5_T_PLH_W112_D123_WV3_S71002_FRESH50_v1,dff2b0c1b4e00422ce184d9e7590ba78e88d750bb42674997423542ad20916c2,0.0001,3e-06,1.0,1.0,0.1,0.002,config/FH20R1_S5_S_PL_W104_D121_WV3_TF5_TS71002_SS73505_BASE_FRESH50_v1.yaml,PLANNED_NOT_REGISTERED
FH20R1_S5_S_PL_W104_D121_WV3_TF5_TS71002_SS73506_BASE_FRESH50_v1,TRAIN,S,s5,RESERVE,ALWAYS,"[""FH20R1_S5_B08""]",PL,10,104,"[1, 2, 1]",F5,71002,73506,BASE,50000,FH12_S5_T_PLH_W112_D123_WV3_S71002_FRESH50_v1,dff2b0c1b4e00422ce184d9e7590ba78e88d750bb42674997423542ad20916c2,0.0001,3e-06,1.0,1.0,0.1,0.002,config/FH20R1_S5_S_PL_W104_D121_WV3_TF5_TS71002_SS73506_BASE_FRESH50_v1.yaml,PLANNED_NOT_REGISTERED
FH20R1_S5_S_PL_W104_D122_WV3_TF5_TS71002_SS73505_BASE_FRESH50_v1,TRAIN,S,s5,RESERVE,ALWAYS,"[""FH20R1_S5_B07""]",PL,10,104,"[1, 2, 2]",F5,71002,73505,BASE,50000,FH12_S5_T_PLH_W112_D123_WV3_S71002_FRESH50_v1,dff2b0c1b4e00422ce184d9e7590ba78e88d750bb42674997423542ad20916c2,0.0001,3e-06,1.0,1.0,0.1,0.002,config/FH20R1_S5_S_PL_W104_D122_WV3_TF5_TS71002_SS73505_BASE_FRESH50_v1.yaml,PLANNED_NOT_REGISTERED
FH20R1_S5_S_PL_W104_D122_WV3_TF5_TS71002_SS73506_BASE_FRESH50_v1,TRAIN,S,s5,RESERVE,ALWAYS,"[""FH20R1_S5_B08""]",PL,10,104,"[1, 2, 2]",F5,71002,73506,BASE,50000,FH12_S5_T_PLH_W112_D123_WV3_S71002_FRESH50_v1,dff2b0c1b4e00422ce184d9e7590ba78e88d750bb42674997423542ad20916c2,0.0001,3e-06,1.0,1.0,0.1,0.002,config/FH20R1_S5_S_PL_W104_D122_WV3_TF5_TS71002_SS73506_BASE_FRESH50_v1.yaml,PLANNED_NOT_REGISTERED
