case_id,selection,n_complete_new_seed_blocks,teacher,inclusion,hqnr_mean,hqnr_sd,ergas_mean,ergas_sd,d_s_mean,d_s_sd,d_lambda_mean,d_lambda_sd
BASE,EXACT_50000,12,F1,s4 cycles1-5 and s5 cycles0-6; anchor and incomplete blocks excluded,0.9532908650697022,0.0015121905401387873,2.0492160595682543,0.0036986343722094396,0.031073668572102784,0.0018547418435808415,0.016143267601136227,0.0006544584357210368
AL05,EXACT_50000,12,F1,s4 cycles1-5 and s5 cycles0-6; anchor and incomplete blocks excluded,0.953850888222187,0.00249648644791656,2.0487825031973004,0.0034697770938061285,0.03037033367493543,0.002662622708377267,0.01628316722525575,0.0005097184746416205
AL15,EXACT_50000,12,F1,s4 cycles1-5 and s5 cycles0-6; anchor and incomplete blocks excluded,0.9523402880043207,0.0010169260458897961,2.0499695769568795,0.0023633760083033267,0.031946405543552395,0.0012191538365240726,0.016239413046985465,0.0005780136713217968
BE005,EXACT_50000,12,F1,s4 cycles1-5 and s5 cycles0-6; anchor and incomplete blocks excluded,0.9525478336265242,0.0009885895884895529,2.0493482006589647,0.0026191044342883654,0.03178677212859464,0.00122405319639327,0.016187468361698855,0.0005987246303426793
BE020,EXACT_50000,12,F1,s4 cycles1-5 and s5 cycles0-6; anchor and incomplete blocks excluded,0.952374318039805,0.002141844741699215,2.0479686406339104,0.002835630158405683,0.031836834014881105,0.002355912607317276,0.016317972081409334,0.0006245423088007815
ED0006,EXACT_50000,12,F1,s4 cycles1-5 and s5 cycles0-6; anchor and incomplete blocks excluded,0.953228932972407,0.0021654885129662226,2.0495998503326733,0.003297947040915139,0.031000651559858646,0.002529666423716014,0.016284094390922692,0.0008120625409333486
ED006,EXACT_50000,12,F1,s4 cycles1-5 and s5 cycles0-6; anchor and incomplete blocks excluded,0.9531215122011897,0.002453289197495516,2.0499828283915957,0.0025694631822545527,0.031042078306658172,0.0026668611961405543,0.016351513597409363,0.0009682950010079991
BASE,HQNR_MAX50,12,F1,s4 cycles1-5 and s5 cycles0-6; anchor and incomplete blocks excluded,0.9572082890856827,0.0012388623681249909,2.116080529922038,0.0415251804777686,0.02588639670012093,0.0012761435274679018,0.017377994320947544,0.000993021319704797
AL05,HQNR_MAX50,12,F1,s4 cycles1-5 and s5 cycles0-6; anchor and incomplete blocks excluded,0.9570428196666216,0.001476182218074853,2.1203148163524066,0.057359170048112265,0.025971880267953638,0.0016948011263096328,0.017462164220593452,0.0008299590182844145
AL15,HQNR_MAX50,12,F1,s4 cycles1-5 and s5 cycles0-6; anchor and incomplete blocks excluded,0.9574190741572507,0.0020910461998762835,2.1318991963679514,0.05058563281118744,0.025842293898554716,0.002203563165662507,0.017206954984573527,0.0006762760631288952
BE005,HQNR_MAX50,12,F1,s4 cycles1-5 and s5 cycles0-6; anchor and incomplete blocks excluded,0.9577791941797124,0.0016826006565861251,2.1344428343239623,0.04220021214304844,0.024919754254282694,0.0020102064929880194,0.017768502512632015,0.0009679111072345644
BE020,HQNR_MAX50,12,F1,s4 cycles1-5 and s5 cycles0-6; anchor and incomplete blocks excluded,0.9570674989292778,0.0015172309358624989,2.1099082035136796,0.0374081672589674,0.026155120122105024,0.0016371239605821478,0.01724904220159025,0.0008196795338477187
ED0006,HQNR_MAX50,12,F1,s4 cycles1-5 and s5 cycles0-6; anchor and incomplete blocks excluded,0.9577271586375905,0.0015279822848632528,2.1463523203618267,0.04664564713718808,0.02506630509683071,0.0017829961092449675,0.017676438439468724,0.0011880035690843603
ED006,HQNR_MAX50,12,F1,s4 cycles1-5 and s5 cycles0-6; anchor and incomplete blocks excluded,0.9577775884702918,0.0015234257057787268,2.1403012417398406,0.04669029574907326,0.02540706922713093,0.0013045366914964177,0.01728037133716837,0.0009282047033074111
