sheet,row,run,role,case,profile,teacher_seed,student_seed,teacher_updates,horizon,selection,step,HQNR,ERGAS,D_lambda,D_s,signed_Ds_positive_fraction,checkpoint_sha256
GF2-s3(5090),34,L100I1_GF2_S_S3_R50_TS94001_SS95001_BASE_PLH_W104_D122_FRESH50K_v2,S,L100I1-S01,BASE,94001,95001,50000,50000,EXACT_FINAL,50000,0.9529227158022202,0.5608076258112872,0.019998325862144062,0.02760706893535942,0.9875,8be9acca8cf1858e0a55596cc2797c88c894e6d7aaf2e5a341a49098c5039f8f
GF2-s3(5090),34,L100I1_GF2_S_S3_R50_TS94001_SS95001_BASE_PLH_W104_D122_FRESH50K_v2,S,L100I1-S01,BASE,94001,95001,50000,50000,RR_VAL_SELECTED,49490,0.9529060097246516,0.5607348246089477,0.019993592194983645,0.02762883413052713,0.9875,519ace61e1a209f1de7e4aef1306800000d119078b39faebc9151e0b008de6fc
GF2-s3(5090),34,L100I1_GF2_S_S3_R50_TS94001_SS95001_BASE_PLH_W104_D122_FRESH50K_v2,S,L100I1-S01,BASE,94001,95001,50000,50000,RAW_MAX,37370,0.9537284606403498,0.5616089117593537,0.019946975693204118,0.02683374130526502,0.9875,aed5c15819c95f096a225d39e33160c3da7c55147f1aebed1551cb4d5a16b775
GF2-s3(5090),34,L100I1_GF2_S_S3_R50_TS94001_SS95001_BASE_PLH_W104_D122_FRESH50K_v2,S,L100I1-S01,BASE,94001,95001,50000,50000,E_MIN_DIAG,47470,0.952867102703841,0.5604342083622857,0.020030070060965955,0.02763263287412391,0.9875,7e0ecc1069b08fe0d208cbcafbaa5fa6d29bfda3d4118a19e5954a4d563776f8
GF2-s3(5090),35,L100I1_GF2_S_S3_R50_TS94001_SS95001_BASE_PLH_W104_D122_FRESH100K_v2,S,L100I1-S02,BASE,94001,95001,50000,100000,EXACT_FINAL,100000,0.9503049975290769,0.5533791718342409,0.020450974599186534,0.029830169553845865,1,b780794ffd072c0ecdb5afa474105d0fe5434b232dda354284828b038830934f
GF2-s3(5090),35,L100I1_GF2_S_S3_R50_TS94001_SS95001_BASE_PLH_W104_D122_FRESH100K_v2,S,L100I1-S02,BASE,94001,95001,50000,100000,RR_VAL_SELECTED,98980,0.9502937016436563,0.5534772435250467,0.020455492787271944,0.029837193569738484,1,c2d55a5f641696c2c46e6bad2797c94db53a59a38e521ad81c39aab78883a4b9
GF2-s3(5090),35,L100I1_GF2_S_S3_R50_TS94001_SS95001_BASE_PLH_W104_D122_FRESH100K_v2,S,L100I1-S02,BASE,94001,95001,50000,100000,RAW_MAX,78780,0.950505962765859,0.5531539448853298,0.02048749918476627,0.029586804452617833,1,048fe889abf7418c6b537367db38377dc5ea6cded8a2b81a949049425f7627e5
GF2-s3(5090),35,L100I1_GF2_S_S3_R50_TS94001_SS95001_BASE_PLH_W104_D122_FRESH100K_v2,S,L100I1-S02,BASE,94001,95001,50000,100000,MID50_OF100,50000,0.9463260136894391,0.574091392130309,0.021320124207147205,0.033037650718976914,1,4286e68c1364c31e3cdc4d1df82f486fa75852120a4b3f42acd736217613a99c
GF2-s3(5090),35,L100I1_GF2_S_S3_R50_TS94001_SS95001_BASE_PLH_W104_D122_FRESH100K_v2,S,L100I1-S02,BASE,94001,95001,50000,100000,E_MIN_DIAG,86860,0.9502328845152122,0.5520026833088425,0.02042504546049531,0.02992987798766227,1,268238e62eda046b2738c397ce6f1701b5bd873d37bf374074ae43c0889ad40a
GF2-s3(5090),36,L100I1_GF2_S_S3_R100_TS94001_SS95001_BASE_PLH_W104_D122_FRESH100K_v2,S,L100I1-S03,BASE,94001,95001,100000,100000,EXACT_FINAL,100000,0.9466630353645792,0.5513285355639482,0.020472549261364204,0.03353336388398405,1,be4db0943e4a021ff011d4b3b7e566b7eb6bf1a99e2a12d73408eccda799be9f
GF2-s3(5090),36,L100I1_GF2_S_S3_R100_TS94001_SS95001_BASE_PLH_W104_D122_FRESH100K_v2,S,L100I1-S03,BASE,94001,95001,100000,100000,RR_VAL_SELECTED,98980,0.9466496546318398,0.551424515279628,0.020477277935917675,0.03354236704744393,1,1114ad7598d28efd8da3988a1d7092a0c945918ab8a75d1b437e3c3a8dd19139
GF2-s3(5090),36,L100I1_GF2_S_S3_R100_TS94001_SS95001_BASE_PLH_W104_D122_FRESH100K_v2,S,L100I1-S03,BASE,94001,95001,100000,100000,RAW_MAX,90900,0.9471383088371578,0.5515746510933048,0.020302579154289936,0.03321647629214165,1,bc1ab0492e07bc50fe33b289951aa8d06358c036ad94d957917c101c8b1e87e6
GF2-s3(5090),36,L100I1_GF2_S_S3_R100_TS94001_SS95001_BASE_PLH_W104_D122_FRESH100K_v2,S,L100I1-S03,BASE,94001,95001,100000,100000,MID50_OF100,50000,0.9453876399687797,0.5745384809003112,0.020684985338646,0.03462950005266425,1,bbceee72af8e9f4392de92619c1ebc403a3ccf996b22647c2005ea30784ed503
GF2-s3(5090),36,L100I1_GF2_S_S3_R100_TS94001_SS95001_BASE_PLH_W104_D122_FRESH100K_v2,S,L100I1-S03,BASE,94001,95001,100000,100000,E_MIN_DIAG,86860,0.9467681219155702,0.5490664457378711,0.020378291819319123,0.03351912708247357,1,969fe8352348ee105fc88e9dd819f19383e69cbc3cd74a7a9e3d515d1d235705
GF2-s3(5090),37,L100I1_GF2_S_S3_R100_TS94001_SS95002_BASE_PLH_W104_D122_FRESH100K_v2,S,L100I1-S04,BASE,94001,95002,100000,100000,EXACT_FINAL,100000,0.9559600487382884,0.5515018403380574,0.020635866981307677,0.02387292365074322,1,df488d2c4a1282906b775287197e9cd97bd91d4765c42308b7ece2436b86e3ce
GF2-s3(5090),37,L100I1_GF2_S_S3_R100_TS94001_SS95002_BASE_PLH_W104_D122_FRESH100K_v2,S,L100I1-S04,BASE,94001,95002,100000,100000,RR_VAL_SELECTED,98980,0.9559357605521172,0.5514702460545164,0.020636362399796205,0.02389726768424192,1,4ac769c78562da28984af3ecb66205d6408fa8c117fe21dab58da84ce68821d9
GF2-s3(5090),37,L100I1_GF2_S_S3_R100_TS94001_SS95002_BASE_PLH_W104_D122_FRESH100K_v2,S,L100I1-S04,BASE,94001,95002,100000,100000,RAW_MAX,96960,0.9560612058539923,0.5519346941778839,0.020637124056932916,0.02376821179471119,0.9875,388c89b71c6fdd8785d23be2599e5fe1aeb13890ecda63dd7b7c13e19e4b1282
GF2-s3(5090),37,L100I1_GF2_S_S3_R100_TS94001_SS95002_BASE_PLH_W104_D122_FRESH100K_v2,S,L100I1-S04,BASE,94001,95002,100000,100000,MID50_OF100,50000,0.9527724985603243,0.5631655372760755,0.020568829670486087,0.02719227224750569,1,d71dab6d6d9597d16b764d495ca6f2ce205c25efa9763a329e1d2300f65e9db5
GF2-s3(5090),37,L100I1_GF2_S_S3_R100_TS94001_SS95002_BASE_PLH_W104_D122_FRESH100K_v2,S,L100I1-S04,BASE,94001,95002,100000,100000,E_MIN_DIAG,98980,0.9559357605521172,0.5514702460545164,0.020636362399796205,0.02389726768424192,1,4ac769c78562da28984af3ecb66205d6408fa8c117fe21dab58da84ce68821d9
GF2-s4,14,L100I1_GF2_S_S4_R100_TS94002_SS95001_BASE_PLH_W104_D122_FRESH100K_v2,S,L100I1-S07,BASE,94002,95001,100000,100000,EXACT_FINAL,100000,0.9534832726456195,0.5527044244202092,0.020264526944771877,0.026773142987863846,1,6f2458ccad0100ec977521d9ae545e134bce23f1964f57dd61a7fce657bc3fd8
GF2-s4,14,L100I1_GF2_S_S4_R100_TS94002_SS95001_BASE_PLH_W104_D122_FRESH100K_v2,S,L100I1-S07,BASE,94002,95001,100000,100000,RR_VAL_SELECTED,98980,0.9534572821283946,0.5527411622822531,0.020269637584609895,0.026794630833211663,1,094be0610491842d72eac518407aded7f1c91ab28f6345bceebebc7662148365
GF2-s4,14,L100I1_GF2_S_S4_R100_TS94002_SS95001_BASE_PLH_W104_D122_FRESH100K_v2,S,L100I1-S07,BASE,94002,95001,100000,100000,RAW_MAX,74740,0.9537009421691088,0.5579891692273071,0.020232381561593217,0.026582213769210078,1,f62dca2b0f986db587c2a8079dfe121786206479f73967f7f516631391ed6def
GF2-s4,14,L100I1_GF2_S_S4_R100_TS94002_SS95001_BASE_PLH_W104_D122_FRESH100K_v2,S,L100I1-S07,BASE,94002,95001,100000,100000,MID50_OF100,50000,0.9527043116033334,0.5724019184154169,0.020630026550319924,0.02719967548004571,1,3604f44b4ce9393bdcb4670ff81cec301e8d4bff33bf52539b2da414bd52016f
GF2-s4,14,L100I1_GF2_S_S4_R100_TS94002_SS95001_BASE_PLH_W104_D122_FRESH100K_v2,S,L100I1-S07,BASE,94002,95001,100000,100000,E_MIN_DIAG,66660,0.9526442010413183,0.5493334952206901,0.020689185504171915,0.02720241083822144,1,4360717c8b86ab2b0de0f5984ab19459d2d0bfa121838d9cc1997c09add6df18
GF2-s4,15,L100I1_GF2_S_S4_R100_TS94002_SS95001_H010_PLH_W104_D122_FRESH100K_v2,S,L100I1-S08,H010,94002,95001,100000,100000,EXACT_FINAL,100000,0.9536595553795489,0.5442843598694014,0.019449738680202278,0.027401087037662968,1,0d73d6f24caf2d7dd09b653cb250a7b9c4f2c8abdcf4a30d87e8c2e340438256
GF2-s4,15,L100I1_GF2_S_S4_R100_TS94002_SS95001_H010_PLH_W104_D122_FRESH100K_v2,S,L100I1-S08,H010,94002,95001,100000,100000,RR_VAL_SELECTED,98980,0.953624869083057,0.5442658152031326,0.01945340211802407,0.027432905673872555,1,4c4cf37efb37e486fb930f0e7c68fcc17fb072fbd7ea0186c4a3749ae43f7c1e
GF2-s4,15,L100I1_GF2_S_S4_R100_TS94002_SS95001_H010_PLH_W104_D122_FRESH100K_v2,S,L100I1-S08,H010,94002,95001,100000,100000,RAW_MAX,78780,0.9543967932877783,0.5442889212579196,0.019397993584463917,0.02669913884342361,0.9875,e22c1797cc45569362ffa421028c38ba40c671b261c3b7e7446d264c185a7671
GF2-s4,15,L100I1_GF2_S_S4_R100_TS94002_SS95001_H010_PLH_W104_D122_FRESH100K_v2,S,L100I1-S08,H010,94002,95001,100000,100000,MID50_OF100,50000,0.9493600800830168,0.5599601159892998,0.019821737070427614,0.03141047428782372,1,e9f4ee255427b486064bf2799dcd680d35db0e1e3f6d5391b370e4afae1a5192
GF2-s4,15,L100I1_GF2_S_S4_R100_TS94002_SS95001_H010_PLH_W104_D122_FRESH100K_v2,S,L100I1-S08,H010,94002,95001,100000,100000,E_MIN_DIAG,80800,0.9534033037908667,0.5426196172762351,0.01940419863655028,0.027705030900431395,1,f7616180243e132cd1bcac8b1c7718d4d20599baaba84ccecd2e040ec23d437e
GF2-s4,16,L100I1_GF2_S_S4_R100_TS94002_SS95002_H010_PLH_W104_D122_FRESH100K_v2,S,L100I1-S09,H010,94002,95002,100000,100000,EXACT_FINAL,100000,0.9466692813140247,0.5462692540388054,0.02006313770074966,0.033919377723730014,1,8112d31cba6b6eec0f06152f9f9e2c9287475a7a17a32cc54319c9c049850ffe
GF2-s4,16,L100I1_GF2_S_S4_R100_TS94002_SS95002_H010_PLH_W104_D122_FRESH100K_v2,S,L100I1-S09,H010,94002,95002,100000,100000,RR_VAL_SELECTED,98980,0.9466546567813661,0.5461666076706925,0.02006181735480897,0.0339356012289951,1,7915472a2442f9bd3b533932bc1927aee06eb445aa3f22dbe9d606a07a32f3d7
GF2-s4,16,L100I1_GF2_S_S4_R100_TS94002_SS95002_H010_PLH_W104_D122_FRESH100K_v2,S,L100I1-S09,H010,94002,95002,100000,100000,RAW_MAX,88880,0.9468713474971435,0.5491747749674176,0.02006849323464548,0.03370786868655412,1,b7227a4f110025c64d9c3b7d28ee5f683c73dd635891f295917ed12de87a1121
GF2-s4,16,L100I1_GF2_S_S4_R100_TS94002_SS95002_H010_PLH_W104_D122_FRESH100K_v2,S,L100I1-S09,H010,94002,95002,100000,100000,MID50_OF100,50000,0.9410527886667698,0.5589208443042293,0.021264926731622752,0.03845470899436425,1,33e37b730200cd04b12727185a794e225f5a2e1b233c496c2fe6e69c709b9c62
GF2-s4,16,L100I1_GF2_S_S4_R100_TS94002_SS95002_H010_PLH_W104_D122_FRESH100K_v2,S,L100I1-S09,H010,94002,95002,100000,100000,E_MIN_DIAG,92920,0.9466390739624584,0.5461137217902682,0.02003482714118248,0.03397822912581918,1,6f855040d35c4e9fc0d99300accc85c3b52600ff5ada47c8e762329c6df846f9
GF2-s4,17,L100I1_GF2_S_S4_R100_TS94002_SS95002_BASE_PLH_W104_D122_FRESH100K_v2,S,L100I1-S10,BASE,94002,95002,100000,100000,EXACT_FINAL,100000,0.9542735299826475,0.5482437942655717,0.020167904397021836,0.02606222791758909,0.9875,7b3a739cb537799dd30fecf96a7a59215cc3c0b516f1a726d3cc7eff1869ba73
GF2-s4,17,L100I1_GF2_S_S4_R100_TS94002_SS95002_BASE_PLH_W104_D122_FRESH100K_v2,S,L100I1-S10,BASE,94002,95002,100000,100000,RR_VAL_SELECTED,98980,0.954280619337562,0.5482143061687933,0.02016470571022567,0.026058128211396903,0.9875,2324fc9b76e873fcdc24fd145600a3b6ab48c18dcdfda1650a52bc253243b1ed
GF2-s4,17,L100I1_GF2_S_S4_R100_TS94002_SS95002_BASE_PLH_W104_D122_FRESH100K_v2,S,L100I1-S10,BASE,94002,95002,100000,100000,RAW_MAX,92920,0.9545870099819875,0.5490406149374135,0.02013050122137024,0.02577867462916591,0.9875,0e1407b2dcc3755ed901149b34c4305e46d60de79081f902288995f885512652
GF2-s4,17,L100I1_GF2_S_S4_R100_TS94002_SS95002_BASE_PLH_W104_D122_FRESH100K_v2,S,L100I1-S10,BASE,94002,95002,100000,100000,MID50_OF100,50000,0.9489359991237233,0.562175127358191,0.021033862218871425,0.030647993376826638,1,63348c7b295657d47b2d3a194a30e1fca0a52e21c5f6ec2a4daa18952ddc1270
GF2-s4,17,L100I1_GF2_S_S4_R100_TS94002_SS95002_BASE_PLH_W104_D122_FRESH100K_v2,S,L100I1-S10,BASE,94002,95002,100000,100000,E_MIN_DIAG,68680,0.9532011703417116,0.5454315260232978,0.020275426086227632,0.027046986610684953,0.9875,5ef106492d231ccb04533e6a04b3bacebd3293c9f3b2a36d32c49caa15dd98e1
GF2-s4,18,L100I1_GF2_T_S4_TS94002_C100_P0_W112_D123_FRESH100K_v2,T,L100I1-T03,C100,94002,,100000,100000,EXACT_FINAL,100000,0.937016996635484,0.5589368442495541,0.027098933816653244,0.03687208954086476,1,25ae6b1f0c6a4ea2efd69b5ff83fd7adddc423d8e5bcfb4c2768a9778ff8b232
GF2-s4,18,L100I1_GF2_T_S4_TS94002_C100_P0_W112_D123_FRESH100K_v2,T,L100I1-T03,C100,94002,,100000,100000,RR_VAL_SELECTED,100000,0.937016996635484,0.5589368442495541,0.027098933816653244,0.03687208954086476,1,25ae6b1f0c6a4ea2efd69b5ff83fd7adddc423d8e5bcfb4c2768a9778ff8b232
GF2-s4,18,L100I1_GF2_T_S4_TS94002_C100_P0_W112_D123_FRESH100K_v2,T,L100I1-T03,C100,94002,,100000,100000,RAW_MAX,34340,0.9376995168666042,0.8124347435556508,0.025190992994788282,0.03805712556727052,0.9875,409e1474ffbacd518dac3f9428e4f5945332230fb3be2a9cdf2b688afd6ac90a
GF2-s4,18,L100I1_GF2_T_S4_TS94002_C100_P0_W112_D123_FRESH100K_v2,T,L100I1-T03,C100,94002,,100000,100000,MID50_OF100,50000,0.9321296001643269,0.5713454542793099,0.02753730684134851,0.04146342897918255,1,94eae449561eac9bc72bb4c2442dc4d2afef098e82fc39074083baf606082353
GF2-s4,18,L100I1_GF2_T_S4_TS94002_C100_P0_W112_D123_FRESH100K_v2,T,L100I1-T03,C100,94002,,100000,100000,E_MIN_DIAG,80800,0.9367353870080409,0.5569072085637575,0.026741490896623577,0.037514299887794304,1,9bb57b448f59a546b7dc45456e44d8b7eae197602252a21041566d23a3dcf93c
GF2-s5,21,L100I1_GF2_S_S5_R100_TS94003_SS95001_BASE_PLH_W104_D122_FRESH100K_v2,S,L100I1-S11,BASE,94003,95001,100000,100000,EXACT_FINAL,100000,0.9477158655192861,0.5506210932237942,0.020819100190009182,0.03210141414050607,1,40753274f8b586d4caeff839b3396cb89db832fd68fff528548c6fa4e2b29b31
GF2-s5,21,L100I1_GF2_S_S5_R100_TS94003_SS95001_BASE_PLH_W104_D122_FRESH100K_v2,S,L100I1-S11,BASE,94003,95001,100000,100000,RR_VAL_SELECTED,98980,0.9476906588499355,0.550678126640527,0.020824270416505457,0.03212201032854543,1,46b46d258fda5b4e9bb625202363de2414c8f3733415d043e3e320cb2571d99d
GF2-s5,21,L100I1_GF2_S_S5_R100_TS94003_SS95001_BASE_PLH_W104_D122_FRESH100K_v2,S,L100I1-S11,BASE,94003,95001,100000,100000,RAW_MAX,78780,0.9486537074916418,0.5516377586175152,0.021055972051920873,0.030909227506933416,1,bd8caeaeff82368d04a9755e699ae531810fd2c8c045df6866a13dcfa9f3dec9
GF2-s5,21,L100I1_GF2_S_S5_R100_TS94003_SS95001_BASE_PLH_W104_D122_FRESH100K_v2,S,L100I1-S11,BASE,94003,95001,100000,100000,MID50_OF100,50000,0.9469230165838075,0.5731578251318236,0.02087528201051559,0.03285256229438468,1,e263663911a1d3059e5c781bc3d5fac87da4bb7678469cb5f61882148e204b4c
GF2-s5,21,L100I1_GF2_S_S5_R100_TS94003_SS95001_BASE_PLH_W104_D122_FRESH100K_v2,S,L100I1-S11,BASE,94003,95001,100000,100000,E_MIN_DIAG,80800,0.9484536384540888,0.5480603773015632,0.020678312777633896,0.03148563062281444,1,901709ea353b4d03a3cb72aaf1a945e34426a8ff53b4e36c8028088a03d3189d
GF2-s5,22,L100I1_GF2_S_S5_R100_TS94003_SS95001_E1_PLH_W104_D122_FRESH100K_v2,S,L100I1-S12,E1,94003,95001,100000,100000,EXACT_FINAL,100000,0.947044256723452,0.5521410654664031,0.020243327099331344,0.033358852782233675,1,6605f5536b6b907cbda2fb61cd7af28615e4cd0d05a9e4aa7eb4c88bffe62b77
GF2-s5,22,L100I1_GF2_S_S5_R100_TS94003_SS95001_E1_PLH_W104_D122_FRESH100K_v2,S,L100I1-S12,E1,94003,95001,100000,100000,RR_VAL_SELECTED,98980,0.9470003625706417,0.5521319289285406,0.02024768073305876,0.03339939116055204,1,0b8d58b5ba948d0d09799ab079a913df1c560b417123d5d3b650006e2be0ead1
GF2-s5,22,L100I1_GF2_S_S5_R100_TS94003_SS95001_E1_PLH_W104_D122_FRESH100K_v2,S,L100I1-S12,E1,94003,95001,100000,100000,RAW_MAX,42420,0.9486301389772306,0.5672609231383527,0.020335389273374988,0.0316471458071471,1,4032ca89e94217165c2aec95e62b51ebeb9e9fd330c539bec79c0dfff4e1c83f
GF2-s5,22,L100I1_GF2_S_S5_R100_TS94003_SS95001_E1_PLH_W104_D122_FRESH100K_v2,S,L100I1-S12,E1,94003,95001,100000,100000,MID50_OF100,50000,0.944230857514405,0.5750913779119415,0.020469938014990623,0.03600076794140963,1,62ff3dec8ce4f3e09d7cc775076a7d429607d45a268a4ddcfcaa5a06bd319830
GF2-s5,22,L100I1_GF2_S_S5_R100_TS94003_SS95001_E1_PLH_W104_D122_FRESH100K_v2,S,L100I1-S12,E1,94003,95001,100000,100000,E_MIN_DIAG,66660,0.9462797578113331,0.5493897020690167,0.020436170545700443,0.033943389640025065,1,13da134c7b83751cae650428223e8b16fcfacc1a14f78841556a0e592692987b
GF2-s5,23,L100I1_GF2_S_S5_R100_TS94003_SS95002_E1_PLH_W104_D122_FRESH100K_v2,S,L100I1-S13,E1,94003,95002,100000,100000,EXACT_FINAL,100000,0.9510715521050134,0.5505142192143389,0.020509466918206258,0.028997794568531722,1,1bafc5cc775ee4ef9632bbe9ae354f66d7ccd50154f089e5d6fd4ad92d2ae214
GF2-s5,23,L100I1_GF2_S_S5_R100_TS94003_SS95002_E1_PLH_W104_D122_FRESH100K_v2,S,L100I1-S13,E1,94003,95002,100000,100000,RR_VAL_SELECTED,98980,0.9510621826752891,0.550479583610739,0.02050713271633106,0.02900963417044609,1,a7e0351092cca1a461df4dcb4f193947e970702ff287f70742d8ca96a44f8a6d
GF2-s5,23,L100I1_GF2_S_S5_R100_TS94003_SS95002_E1_PLH_W104_D122_FRESH100K_v2,S,L100I1-S13,E1,94003,95002,100000,100000,RAW_MAX,88880,0.9512757696153002,0.5548138540844342,0.020544295190499502,0.028754914688481993,1,027600e2eca78f448e8a8fee0f8e2cf73032c3b4b826e11a675fbc7217b97e04
GF2-s5,23,L100I1_GF2_S_S5_R100_TS94003_SS95002_E1_PLH_W104_D122_FRESH100K_v2,S,L100I1-S13,E1,94003,95002,100000,100000,MID50_OF100,50000,0.9465760994077618,0.5612665454956562,0.020820517357714508,0.033272103334635116,1,005cd73fd17a1886fea3172b9fbbcdf179b8eec95865ec183621070c1ce7afcd
GF2-s5,23,L100I1_GF2_S_S5_R100_TS94003_SS95002_E1_PLH_W104_D122_FRESH100K_v2,S,L100I1-S13,E1,94003,95002,100000,100000,E_MIN_DIAG,98980,0.9510621826752891,0.550479583610739,0.02050713271633106,0.02900963417044609,1,a7e0351092cca1a461df4dcb4f193947e970702ff287f70742d8ca96a44f8a6d
GF2-s5,24,L100I1_GF2_S_S5_R100_TS94003_SS95002_BASE_PLH_W104_D122_FRESH100K_v2,S,L100I1-S14,BASE,94003,95002,100000,100000,EXACT_FINAL,100000,0.9513086066967112,0.5477601616788584,0.020804338024962492,0.028464605670362225,1,06594ae84071e75ed37785715c2d81395c1add5fbdf5feceed1315747a87c557
GF2-s5,24,L100I1_GF2_S_S5_R100_TS94003_SS95002_BASE_PLH_W104_D122_FRESH100K_v2,S,L100I1-S14,BASE,94003,95002,100000,100000,RR_VAL_SELECTED,98980,0.9512832885612763,0.5476554626673898,0.020799531575049178,0.02849524022558663,1,2bcc2252e95cde877b191dc2c22056e82563244360b9014bfc71a24173d0dd70
GF2-s5,24,L100I1_GF2_S_S5_R100_TS94003_SS95002_BASE_PLH_W104_D122_FRESH100K_v2,S,L100I1-S14,BASE,94003,95002,100000,100000,RAW_MAX,92920,0.9515478909291433,0.5486791196207389,0.020782410594543155,0.028242467212246825,1,fa4de549d7e1b1f3b426b2d65bb84a1d658beea5395dd7e15721283710e3a889
GF2-s5,24,L100I1_GF2_S_S5_R100_TS94003_SS95002_BASE_PLH_W104_D122_FRESH100K_v2,S,L100I1-S14,BASE,94003,95002,100000,100000,MID50_OF100,50000,0.9454646407777657,0.5551458870784266,0.02159407465281497,0.033651043768431255,1,71230a381b72a868c5a5998ad6e6f60d68fae776a9baee939ee6d55ec1b93dcd
GF2-s5,24,L100I1_GF2_S_S5_R100_TS94003_SS95002_BASE_PLH_W104_D122_FRESH100K_v2,S,L100I1-S14,BASE,94003,95002,100000,100000,E_MIN_DIAG,98980,0.9512832885612763,0.5476554626673898,0.020799531575049178,0.02849524022558663,1,2bcc2252e95cde877b191dc2c22056e82563244360b9014bfc71a24173d0dd70
GF2-s5,25,L100I1_GF2_T_S5_TS94003_C100_P0_W112_D123_FRESH100K_v2,T,L100I1-T04,C100,94003,,100000,100000,EXACT_FINAL,100000,0.9423212665516335,0.5574345275452478,0.025814927228999356,0.03271047875956112,0.9875,3fcaa1dc67bd54f677e22dd09041d267c893b9b1791a6d2a7063ff0b2e800f8e
GF2-s5,25,L100I1_GF2_T_S5_TS94003_C100_P0_W112_D123_FRESH100K_v2,T,L100I1-T04,C100,94003,,100000,100000,RR_VAL_SELECTED,100000,0.9423212665516335,0.5574345275452478,0.025814927228999356,0.03271047875956112,0.9875,3fcaa1dc67bd54f677e22dd09041d267c893b9b1791a6d2a7063ff0b2e800f8e
GF2-s5,25,L100I1_GF2_T_S5_TS94003_C100_P0_W112_D123_FRESH100K_v2,T,L100I1-T04,C100,94003,,100000,100000,RAW_MAX,28280,0.943348192976085,0.5852985874016525,0.024435536614255893,0.03301241792314729,0.9875,d1d9d18b08ee51994071366e44864c509d94b9027ad37039ad9d3fe91e0925e6
GF2-s5,25,L100I1_GF2_T_S5_TS94003_C100_P0_W112_D123_FRESH100K_v2,T,L100I1-T04,C100,94003,,100000,100000,MID50_OF100,50000,0.940328570735925,0.5697305308325838,0.026505539593243164,0.034063321284190866,0.9875,eddb5231b03e0fdf68d3ed3978e5df7c9ceb7f1d45913d7dcc1115c236d0d6a5
GF2-s5,25,L100I1_GF2_T_S5_TS94003_C100_P0_W112_D123_FRESH100K_v2,T,L100I1-T04,C100,94003,,100000,100000,E_MIN_DIAG,88880,0.9416562254372849,0.556038616339529,0.026011686812431444,0.03320028894250533,0.9875,aceeb4ec1893aa90e0c68a2e3d6fb45ae9a3db32e6729a6fe769ec77c13c139e
