step,epoch,kind,bin,n,e_T_mean,e_S_mean,delta_e_T_minus_S,win_rate_vs_teacher,q50,q90,bin_source
1010,5,pixel,Q0-50,655360,0.005855037365108728,0.01134517602622509,-0.005490139126777649,0.09809722751379013,0.011390584520995617,0.029697610065340996,fixed teacher error (같은 Teacher·같은 평가셋 → run 간 bin 경계 동일)
1010,5,pixel,Q50-90,524288,0.017983241006731987,0.027384383603930473,-0.009401143528521061,0.2116069793701172,0.011390584520995617,0.029697610065340996,fixed teacher error (같은 Teacher·같은 평가셋 → run 간 bin 경계 동일)
1010,5,pixel,Q90-100,131072,0.0472235344350338,0.06355075538158417,-0.01632722094655037,0.288330078125,0.011390584520995617,0.029697610065340996,fixed teacher error (같은 Teacher·같은 평가셋 → run 간 bin 경계 동일)
1010,5,pixel,ALL,1310720,0.014843168668448925,0.022981418296694756,-0.00813824962824583,0.16252441704273224,0.011390584520995617,0.029697610065340996,fixed teacher error (같은 Teacher·같은 평가셋 → run 간 bin 경계 동일)
1010,5,stat_grad_var_w5,Q0-50,625000,8.278033783426508e-05,0.00022768018243368715,-0.00014489982277154922,0.25104960799217224,0.0002213186235167086,0.001019024639390409,fixed teacher error (같은 Teacher·같은 평가셋 → run 간 bin 경계 동일)
1010,5,stat_grad_var_w5,Q50-90,500000,0.00048131486983038485,0.0009179356857202947,-0.0004366207285784185,0.10834799706935883,0.0002213186235167086,0.001019024639390409,fixed teacher error (같은 Teacher·같은 평가셋 → run 간 bin 경계 동일)
1010,5,stat_grad_var_w5,Q90-100,125000,0.0021235141903162003,0.0034515380393713713,-0.0013280241983011365,0.15778400003910065,0.0002213186235167086,0.001019024639390409,fixed teacher error (같은 Teacher·같은 평가셋 → run 간 bin 경계 동일)
1010,5,stat_grad_var_w5,ALL,1250000,0.00044626754242926836,0.0008261680486612022,-0.0003799005935434252,0.18464240431785583,0.0002213186235167086,0.001019024639390409,fixed teacher error (같은 Teacher·같은 평가셋 → run 간 bin 경계 동일)
2020,10,pixel,Q0-50,655360,0.005855037365108728,0.009039202705025673,-0.003184165805578232,0.16258850693702698,0.011390584520995617,0.029697610065340996,fixed teacher error (같은 Teacher·같은 평가셋 → run 간 bin 경계 동일)
2020,10,pixel,Q50-90,524288,0.017983241006731987,0.02311161532998085,-0.0051283766515553,0.2983570098876953,0.011390584520995617,0.029697610065340996,fixed teacher error (같은 Teacher·같은 평가셋 → run 간 bin 경계 동일)
2020,10,pixel,Q90-100,131072,0.0472235344350338,0.0546405129134655,-0.007416973821818829,0.367340087890625,0.011390584520995617,0.029697610065340996,fixed teacher error (같은 Teacher·같은 평가셋 → run 간 bin 경계 동일)
2020,10,pixel,ALL,1310720,0.014843168668448925,0.019228298217058182,-0.004385130945593119,0.2373710572719574,0.011390584520995617,0.029697610065340996,fixed teacher error (같은 Teacher·같은 평가셋 → run 간 bin 경계 동일)
2020,10,stat_grad_var_w5,Q0-50,625000,8.278033783426508e-05,0.00015753143816255033,-7.475110760424286e-05,0.2879840135574341,0.0002213186235167086,0.001019024639390409,fixed teacher error (같은 Teacher·같은 평가셋 → run 간 bin 경계 동일)
2020,10,stat_grad_var_w5,Q50-90,500000,0.00048131486983038485,0.0007057277834974229,-0.00022441288456320763,0.1964540034532547,0.0002213186235167086,0.001019024639390409,fixed teacher error (같은 Teacher·같은 평가셋 → run 간 bin 경계 동일)
2020,10,stat_grad_var_w5,Q90-100,125000,0.0021235141903162003,0.002748186467215419,-0.000624672684352845,0.26312801241874695,0.0002213186235167086,0.001019024639390409,fixed teacher error (같은 Teacher·같은 평가셋 → run 간 bin 경계 동일)
2020,10,stat_grad_var_w5,ALL,1250000,0.00044626754242926836,0.0006358755636028945,-0.00018960796296596527,0.24888640642166138,0.0002213186235167086,0.001019024639390409,fixed teacher error (같은 Teacher·같은 평가셋 → run 간 bin 경계 동일)
3030,15,pixel,Q0-50,655360,0.005855037365108728,0.008212817832827568,-0.002357780234888196,0.20355224609375,0.011390584520995617,0.029697610065340996,fixed teacher error (같은 Teacher·같은 평가셋 → run 간 bin 경계 동일)
3030,15,pixel,Q50-90,524288,0.017983241006731987,0.022324342280626297,-0.004341102670878172,0.3124561309814453,0.011390584520995617,0.029697610065340996,fixed teacher error (같은 Teacher·같은 평가셋 → run 간 bin 경계 동일)
3030,15,pixel,Q90-100,131072,0.0472235344350338,0.05325634777545929,-0.006032809615135193,0.3796539306640625,0.011390584520995617,0.029697610065340996,fixed teacher error (같은 Teacher·같은 평가셋 → run 간 bin 경계 동일)
3030,15,pixel,ALL,1310720,0.014843168668448925,0.018361780792474747,-0.003518611891195178,0.2647239565849304,0.011390584520995617,0.029697610065340996,fixed teacher error (같은 Teacher·같은 평가셋 → run 간 bin 경계 동일)
3030,15,stat_grad_var_w5,Q0-50,625000,8.278033783426508e-05,0.00012162228813394904,-3.884193938574754e-05,0.3246048092842102,0.0002213186235167086,0.001019024639390409,fixed teacher error (같은 Teacher·같은 평가셋 → run 간 bin 경계 동일)
3030,15,stat_grad_var_w5,Q50-90,500000,0.00048131486983038485,0.0006293906481005251,-0.00014807576371822506,0.24682599306106567,0.0002213186235167086,0.001019024639390409,fixed teacher error (같은 Teacher·같은 평가셋 → run 간 bin 경계 동일)
3030,15,stat_grad_var_w5,Q90-100,125000,0.0021235141903162003,0.0026896342169493437,-0.0005661204340867698,0.2608160078525543,0.0002213186235167086,0.001019024639390409,fixed teacher error (같은 Teacher·같은 평가셋 → run 간 bin 경계 동일)
3030,15,stat_grad_var_w5,ALL,1250000,0.00044626754242926836,0.0005815308541059494,-0.00013526331167668104,0.2871144115924835,0.0002213186235167086,0.001019024639390409,fixed teacher error (같은 Teacher·같은 평가셋 → run 간 bin 경계 동일)
4040,20,pixel,Q0-50,655360,0.005855037365108728,0.007200638763606548,-0.0013456027954816818,0.30715638399124146,0.011390584520995617,0.029697610065340996,fixed teacher error (같은 Teacher·같은 평가셋 → run 간 bin 경계 동일)
4040,20,pixel,Q50-90,524288,0.017983241006731987,0.020441360771656036,-0.0024581216275691986,0.37047386169433594,0.011390584520995617,0.029697610065340996,fixed teacher error (같은 Teacher·같은 평가셋 → run 간 bin 경계 동일)
4040,20,pixel,Q90-100,131072,0.0472235344350338,0.051015377044677734,-0.0037918398156762123,0.4134979248046875,0.011390584520995617,0.029697610065340996,fixed teacher error (같은 Teacher·같은 평가셋 → run 간 bin 경계 동일)
4040,20,pixel,ALL,1310720,0.014843168668448925,0.01687840186059475,-0.0020352338906377554,0.34311753511428833,0.011390584520995617,0.029697610065340996,fixed teacher error (같은 Teacher·같은 평가셋 → run 간 bin 경계 동일)
4040,20,stat_grad_var_w5,Q0-50,625000,8.278033783426508e-05,0.00010612558253342286,-2.3345235604210757e-05,0.39987680315971375,0.0002213186235167086,0.001019024639390409,fixed teacher error (같은 Teacher·같은 평가셋 → run 간 bin 경계 동일)
4040,20,stat_grad_var_w5,Q50-90,500000,0.00048131486983038485,0.0005818920908495784,-0.00010057719191536307,0.31832799315452576,0.0002213186235167086,0.001019024639390409,fixed teacher error (같은 Teacher·같은 평가셋 → run 간 bin 경계 동일)
4040,20,stat_grad_var_w5,Q90-100,125000,0.0021235141903162003,0.00255683995783329,-0.0004333258548285812,0.3095119893550873,0.0002213186235167086,0.001019024639390409,fixed teacher error (같은 Teacher·같은 평가셋 → run 간 bin 경계 동일)
4040,20,stat_grad_var_w5,ALL,1250000,0.00044626754242926836,0.0005415035993792117,-9.523608605377376e-05,0.35822078585624695,0.0002213186235167086,0.001019024639390409,fixed teacher error (같은 Teacher·같은 평가셋 → run 간 bin 경계 동일)
5050,25,pixel,Q0-50,655360,0.005855037365108728,0.0071178823709487915,-0.0012628454715013504,0.311981201171875,0.011390584520995617,0.029697610065340996,fixed teacher error (같은 Teacher·같은 평가셋 → run 간 bin 경계 동일)
5050,25,pixel,Q50-90,524288,0.017983241006731987,0.019795507192611694,-0.001812266418710351,0.3971366882324219,0.011390584520995617,0.029697610065340996,fixed teacher error (같은 Teacher·같은 평가셋 → run 간 bin 경계 동일)
5050,25,pixel,Q90-100,131072,0.0472235344350338,0.05005853995680809,-0.002835005521774292,0.4379119873046875,0.011390584520995617,0.029697610065340996,fixed teacher error (같은 Teacher·같은 평가셋 → run 간 bin 경계 동일)
5050,25,pixel,ALL,1310720,0.014843168668448925,0.016482997685670853,-0.0016398295992985368,0.3586364686489105,0.011390584520995617,0.029697610065340996,fixed teacher error (같은 Teacher·같은 평가셋 → run 간 bin 경계 동일)
5050,25,stat_grad_var_w5,Q0-50,625000,8.278033783426508e-05,0.00010061266220873222,-1.783231709850952e-05,0.4600335955619812,0.0002213186235167086,0.001019024639390409,fixed teacher error (같은 Teacher·같은 평가셋 → run 간 bin 경계 동일)
5050,25,stat_grad_var_w5,Q50-90,500000,0.00048131486983038485,0.000540529319550842,-5.921442061662674e-05,0.4026679992675781,0.0002213186235167086,0.001019024639390409,fixed teacher error (같은 Teacher·같은 평가셋 → run 간 bin 경계 동일)
5050,25,stat_grad_var_w5,Q90-100,125000,0.0021235141903162003,0.002384081482887268,-0.000260567496297881,0.3946959972381592,0.0002213186235167086,0.001019024639390409,fixed teacher error (같은 Teacher·같은 평가셋 → run 간 bin 경계 동일)
5050,25,stat_grad_var_w5,ALL,1250000,0.00044626754242926836,0.0005049261962994933,-5.86586793360766e-05,0.4305535852909088,0.0002213186235167086,0.001019024639390409,fixed teacher error (같은 Teacher·같은 평가셋 → run 간 bin 경계 동일)
6060,30,pixel,Q0-50,655360,0.005855037365108728,0.006732858717441559,-0.0008778214687481523,0.357870489358902,0.011390584520995617,0.029697610065340996,fixed teacher error (같은 Teacher·같은 평가셋 → run 간 bin 경계 동일)
6060,30,pixel,Q50-90,524288,0.017983241006731987,0.01926138997077942,-0.0012781515251845121,0.42168617248535156,0.011390584520995617,0.029697610065340996,fixed teacher error (같은 Teacher·같은 평가셋 → run 간 bin 경계 동일)
6060,30,pixel,Q90-100,131072,0.0472235344350338,0.04934878647327423,-0.0021252490114420652,0.4530487060546875,0.011390584520995617,0.029697610065340996,fixed teacher error (같은 Teacher·같은 평가셋 → run 간 bin 경계 동일)
6060,30,pixel,ALL,1310720,0.014843168668448925,0.016005864366889,-0.001162696280516684,0.3929145932197571,0.011390584520995617,0.029697610065340996,fixed teacher error (같은 Teacher·같은 평가셋 → run 간 bin 경계 동일)
6060,30,stat_grad_var_w5,Q0-50,625000,8.278033783426508e-05,0.00010530182771617547,-2.2521500795846805e-05,0.40881600975990295,0.0002213186235167086,0.001019024639390409,fixed teacher error (같은 Teacher·같은 평가셋 → run 간 bin 경계 동일)
6060,30,stat_grad_var_w5,Q50-90,500000,0.00048131486983038485,0.0005462760454975069,-6.496120477095246e-05,0.36037200689315796,0.0002213186235167086,0.001019024639390409,fixed teacher error (같은 Teacher·같은 평가셋 → run 간 bin 경계 동일)
6060,30,stat_grad_var_w5,Q90-100,125000,0.0021235141903162003,0.002341265557333827,-0.0002177518035750836,0.4004560112953186,0.0002213186235167086,0.001019024639390409,fixed teacher error (같은 Teacher·같은 평가셋 → run 간 bin 경계 동일)
6060,30,stat_grad_var_w5,ALL,1250000,0.00044626754242926836,0.0005052879569120705,-5.9020410844823346e-05,0.3886024057865143,0.0002213186235167086,0.001019024639390409,fixed teacher error (같은 Teacher·같은 평가셋 → run 간 bin 경계 동일)
7070,35,pixel,Q0-50,655360,0.005855037365108728,0.00669179018586874,-0.0008367534028366208,0.358071893453598,0.011390584520995617,0.029697610065340996,fixed teacher error (같은 Teacher·같은 평가셋 → run 간 bin 경계 동일)
7070,35,pixel,Q50-90,524288,0.017983241006731987,0.019034631550312042,-0.0010513912420719862,0.43142127990722656,0.011390584520995617,0.029697610065340996,fixed teacher error (같은 Teacher·같은 평가셋 → run 간 bin 경계 동일)
7070,35,pixel,Q90-100,131072,0.0472235344350338,0.04885629564523697,-0.0016327572520822287,0.46230316162109375,0.011390584520995617,0.029697610065340996,fixed teacher error (같은 Teacher·같은 평가셋 → run 간 bin 경계 동일)
7070,35,pixel,ALL,1310720,0.014843168668448925,0.01584537699818611,-0.0010022089118137956,0.39783477783203125,0.011390584520995617,0.029697610065340996,fixed teacher error (같은 Teacher·같은 평가셋 → run 간 bin 경계 동일)
7070,35,stat_grad_var_w5,Q0-50,625000,8.278033783426508e-05,0.00010321739682694897,-2.0437053535715677e-05,0.40010079741477966,0.0002213186235167086,0.001019024639390409,fixed teacher error (같은 Teacher·같은 평가셋 → run 간 bin 경계 동일)
7070,35,stat_grad_var_w5,Q50-90,500000,0.00048131486983038485,0.0005478094681166112,-6.649454735452309e-05,0.33168599009513855,0.0002213186235167086,0.001019024639390409,fixed teacher error (같은 Teacher·같은 평가셋 → run 간 bin 경계 동일)
7070,35,stat_grad_var_w5,Q90-100,125000,0.0021235141903162003,0.002362910658121109,-0.00023939648235682398,0.3505679965019226,0.0002213186235167086,0.001019024639390409,fixed teacher error (같은 Teacher·같은 평가셋 → run 간 bin 경계 동일)
7070,35,stat_grad_var_w5,ALL,1250000,0.00044626754242926836,0.0005070235347375274,-6.0755999584216624e-05,0.3677816092967987,0.0002213186235167086,0.001019024639390409,fixed teacher error (같은 Teacher·같은 평가셋 → run 간 bin 경계 동일)
8080,40,pixel,Q0-50,655360,0.005855037365108728,0.006699199788272381,-0.0008441625977866352,0.3322036862373352,0.011390584520995617,0.029697610065340996,fixed teacher error (같은 Teacher·같은 평가셋 → run 간 bin 경계 동일)
8080,40,pixel,Q50-90,524288,0.017983241006731987,0.019053373485803604,-0.0010701329447329044,0.4248180389404297,0.011390584520995617,0.029697610065340996,fixed teacher error (같은 Teacher·같은 평가셋 → run 간 bin 경계 동일)
8080,40,pixel,Q90-100,131072,0.0472235344350338,0.04884743690490723,-0.001623898046091199,0.4613189697265625,0.011390584520995617,0.029697610065340996,fixed teacher error (같은 Teacher·같은 평가셋 → run 간 bin 경계 동일)
8080,40,pixel,ALL,1310720,0.014843168668448925,0.0158556941896677,-0.0010125242406502366,0.3821609616279602,0.011390584520995617,0.029697610065340996,fixed teacher error (같은 Teacher·같은 평가셋 → run 간 bin 경계 동일)
8080,40,stat_grad_var_w5,Q0-50,625000,8.278033783426508e-05,9.730426972964779e-05,-1.452391552447807e-05,0.4037328064441681,0.0002213186235167086,0.001019024639390409,fixed teacher error (같은 Teacher·같은 평가셋 → run 간 bin 경계 동일)
8080,40,stat_grad_var_w5,Q50-90,500000,0.00048131486983038485,0.0005315198213793337,-5.0204987928736955e-05,0.3762359917163849,0.0002213186235167086,0.001019024639390409,fixed teacher error (같은 Teacher·같은 평가셋 → run 간 bin 경계 동일)
8080,40,stat_grad_var_w5,Q90-100,125000,0.0021235141903162003,0.0022871920373290777,-0.0001636782253626734,0.41019201278686523,0.0002213186235167086,0.001019024639390409,fixed teacher error (같은 Teacher·같은 평가셋 → run 간 bin 경계 동일)
8080,40,stat_grad_var_w5,ALL,1250000,0.00044626754242926836,0.0004899792838841677,-4.3711774196708575e-05,0.39337998628616333,0.0002213186235167086,0.001019024639390409,fixed teacher error (같은 Teacher·같은 평가셋 → run 간 bin 경계 동일)
