task_id,batch,step,dataset,server,repeat,seed,paired_block_id,case_id,source_run_id,source_selection,mode,optimizer_updates,perturbation_registry,curve_points,rr_scenes,statistical_unit_id,mode_is_paired_repeated_measure,status
RB01_WV3_S1_R1_SS9281101_QFULL_F50K_v1__RB02_A_ON,B01,RB02,WV3,s1,1,9281101,WV3_s1_R1_SS9281101,QFULL,RB01_WV3_S1_R1_SS9281101_QFULL_F50K_v1,EXACT_50000,A_ON,0,shift_grid_v1.json,49,20,RB01_WV3_S1_R1_SS9281101_QFULL_F50K_v1,True,PLANNED_NOT_RUN
RB01_WV3_S1_R1_SS9281101_QFULL_F50K_v1__RB02_A_ZERO_INFERENCE_ONLY,B01,RB02,WV3,s1,1,9281101,WV3_s1_R1_SS9281101,QFULL,RB01_WV3_S1_R1_SS9281101_QFULL_F50K_v1,EXACT_50000,A_ZERO_INFERENCE_ONLY,0,shift_grid_v1.json,49,20,RB01_WV3_S1_R1_SS9281101_QFULL_F50K_v1,True,PLANNED_NOT_RUN
RB01_WV3_S1_R1_SS9281101_QMEAN_F50K_v1__RB02_A_ON,B01,RB02,WV3,s1,1,9281101,WV3_s1_R1_SS9281101,QMEAN,RB01_WV3_S1_R1_SS9281101_QMEAN_F50K_v1,EXACT_50000,A_ON,0,shift_grid_v1.json,49,20,RB01_WV3_S1_R1_SS9281101_QMEAN_F50K_v1,True,PLANNED_NOT_RUN
RB01_WV3_S1_R1_SS9281101_QMEAN_F50K_v1__RB02_A_ZERO_INFERENCE_ONLY,B01,RB02,WV3,s1,1,9281101,WV3_s1_R1_SS9281101,QMEAN,RB01_WV3_S1_R1_SS9281101_QMEAN_F50K_v1,EXACT_50000,A_ZERO_INFERENCE_ONLY,0,shift_grid_v1.json,49,20,RB01_WV3_S1_R1_SS9281101_QMEAN_F50K_v1,True,PLANNED_NOT_RUN
RB01_WV3_S1_R1_SS9281101_QSHUF_F50K_v1__RB02_A_ON,B01,RB02,WV3,s1,1,9281101,WV3_s1_R1_SS9281101,QSHUF,RB01_WV3_S1_R1_SS9281101_QSHUF_F50K_v1,EXACT_50000,A_ON,0,shift_grid_v1.json,49,20,RB01_WV3_S1_R1_SS9281101_QSHUF_F50K_v1,True,PLANNED_NOT_RUN
RB01_WV3_S1_R1_SS9281101_QSHUF_F50K_v1__RB02_A_ZERO_INFERENCE_ONLY,B01,RB02,WV3,s1,1,9281101,WV3_s1_R1_SS9281101,QSHUF,RB01_WV3_S1_R1_SS9281101_QSHUF_F50K_v1,EXACT_50000,A_ZERO_INFERENCE_ONLY,0,shift_grid_v1.json,49,20,RB01_WV3_S1_R1_SS9281101_QSHUF_F50K_v1,True,PLANNED_NOT_RUN
RB01_WV3_S1_R1_SS9281101_QESUR_F50K_v1__RB02_A_ON,B01,RB02,WV3,s1,1,9281101,WV3_s1_R1_SS9281101,QESUR,RB01_WV3_S1_R1_SS9281101_QESUR_F50K_v1,EXACT_50000,A_ON,0,shift_grid_v1.json,49,20,RB01_WV3_S1_R1_SS9281101_QESUR_F50K_v1,True,PLANNED_NOT_RUN
RB01_WV3_S1_R1_SS9281101_QESUR_F50K_v1__RB02_A_ZERO_INFERENCE_ONLY,B01,RB02,WV3,s1,1,9281101,WV3_s1_R1_SS9281101,QESUR,RB01_WV3_S1_R1_SS9281101_QESUR_F50K_v1,EXACT_50000,A_ZERO_INFERENCE_ONLY,0,shift_grid_v1.json,49,20,RB01_WV3_S1_R1_SS9281101_QESUR_F50K_v1,True,PLANNED_NOT_RUN
RB01_WV3_S1_R2_SS9281102_QESUR_F50K_v1__RB02_A_ON,B01,RB02,WV3,s1,2,9281102,WV3_s1_R2_SS9281102,QESUR,RB01_WV3_S1_R2_SS9281102_QESUR_F50K_v1,EXACT_50000,A_ON,0,shift_grid_v1.json,49,20,RB01_WV3_S1_R2_SS9281102_QESUR_F50K_v1,True,PLANNED_NOT_RUN
RB01_WV3_S1_R2_SS9281102_QESUR_F50K_v1__RB02_A_ZERO_INFERENCE_ONLY,B01,RB02,WV3,s1,2,9281102,WV3_s1_R2_SS9281102,QESUR,RB01_WV3_S1_R2_SS9281102_QESUR_F50K_v1,EXACT_50000,A_ZERO_INFERENCE_ONLY,0,shift_grid_v1.json,49,20,RB01_WV3_S1_R2_SS9281102_QESUR_F50K_v1,True,PLANNED_NOT_RUN
RB01_WV3_S1_R2_SS9281102_QSHUF_F50K_v1__RB02_A_ON,B01,RB02,WV3,s1,2,9281102,WV3_s1_R2_SS9281102,QSHUF,RB01_WV3_S1_R2_SS9281102_QSHUF_F50K_v1,EXACT_50000,A_ON,0,shift_grid_v1.json,49,20,RB01_WV3_S1_R2_SS9281102_QSHUF_F50K_v1,True,PLANNED_NOT_RUN
RB01_WV3_S1_R2_SS9281102_QSHUF_F50K_v1__RB02_A_ZERO_INFERENCE_ONLY,B01,RB02,WV3,s1,2,9281102,WV3_s1_R2_SS9281102,QSHUF,RB01_WV3_S1_R2_SS9281102_QSHUF_F50K_v1,EXACT_50000,A_ZERO_INFERENCE_ONLY,0,shift_grid_v1.json,49,20,RB01_WV3_S1_R2_SS9281102_QSHUF_F50K_v1,True,PLANNED_NOT_RUN
RB01_WV3_S1_R2_SS9281102_QMEAN_F50K_v1__RB02_A_ON,B01,RB02,WV3,s1,2,9281102,WV3_s1_R2_SS9281102,QMEAN,RB01_WV3_S1_R2_SS9281102_QMEAN_F50K_v1,EXACT_50000,A_ON,0,shift_grid_v1.json,49,20,RB01_WV3_S1_R2_SS9281102_QMEAN_F50K_v1,True,PLANNED_NOT_RUN
RB01_WV3_S1_R2_SS9281102_QMEAN_F50K_v1__RB02_A_ZERO_INFERENCE_ONLY,B01,RB02,WV3,s1,2,9281102,WV3_s1_R2_SS9281102,QMEAN,RB01_WV3_S1_R2_SS9281102_QMEAN_F50K_v1,EXACT_50000,A_ZERO_INFERENCE_ONLY,0,shift_grid_v1.json,49,20,RB01_WV3_S1_R2_SS9281102_QMEAN_F50K_v1,True,PLANNED_NOT_RUN
RB01_WV3_S1_R2_SS9281102_QFULL_F50K_v1__RB02_A_ON,B01,RB02,WV3,s1,2,9281102,WV3_s1_R2_SS9281102,QFULL,RB01_WV3_S1_R2_SS9281102_QFULL_F50K_v1,EXACT_50000,A_ON,0,shift_grid_v1.json,49,20,RB01_WV3_S1_R2_SS9281102_QFULL_F50K_v1,True,PLANNED_NOT_RUN
RB01_WV3_S1_R2_SS9281102_QFULL_F50K_v1__RB02_A_ZERO_INFERENCE_ONLY,B01,RB02,WV3,s1,2,9281102,WV3_s1_R2_SS9281102,QFULL,RB01_WV3_S1_R2_SS9281102_QFULL_F50K_v1,EXACT_50000,A_ZERO_INFERENCE_ONLY,0,shift_grid_v1.json,49,20,RB01_WV3_S1_R2_SS9281102_QFULL_F50K_v1,True,PLANNED_NOT_RUN
RB01_WV3_S3_R1_SS9281301_QMEAN_F50K_v1__RB02_A_ON,B01,RB02,WV3,s3,1,9281301,WV3_s3_R1_SS9281301,QMEAN,RB01_WV3_S3_R1_SS9281301_QMEAN_F50K_v1,EXACT_50000,A_ON,0,shift_grid_v1.json,49,20,RB01_WV3_S3_R1_SS9281301_QMEAN_F50K_v1,True,PLANNED_NOT_RUN
RB01_WV3_S3_R1_SS9281301_QMEAN_F50K_v1__RB02_A_ZERO_INFERENCE_ONLY,B01,RB02,WV3,s3,1,9281301,WV3_s3_R1_SS9281301,QMEAN,RB01_WV3_S3_R1_SS9281301_QMEAN_F50K_v1,EXACT_50000,A_ZERO_INFERENCE_ONLY,0,shift_grid_v1.json,49,20,RB01_WV3_S3_R1_SS9281301_QMEAN_F50K_v1,True,PLANNED_NOT_RUN
RB01_WV3_S3_R1_SS9281301_QFULL_F50K_v1__RB02_A_ON,B01,RB02,WV3,s3,1,9281301,WV3_s3_R1_SS9281301,QFULL,RB01_WV3_S3_R1_SS9281301_QFULL_F50K_v1,EXACT_50000,A_ON,0,shift_grid_v1.json,49,20,RB01_WV3_S3_R1_SS9281301_QFULL_F50K_v1,True,PLANNED_NOT_RUN
RB01_WV3_S3_R1_SS9281301_QFULL_F50K_v1__RB02_A_ZERO_INFERENCE_ONLY,B01,RB02,WV3,s3,1,9281301,WV3_s3_R1_SS9281301,QFULL,RB01_WV3_S3_R1_SS9281301_QFULL_F50K_v1,EXACT_50000,A_ZERO_INFERENCE_ONLY,0,shift_grid_v1.json,49,20,RB01_WV3_S3_R1_SS9281301_QFULL_F50K_v1,True,PLANNED_NOT_RUN
RB01_WV3_S3_R1_SS9281301_QESUR_F50K_v1__RB02_A_ON,B01,RB02,WV3,s3,1,9281301,WV3_s3_R1_SS9281301,QESUR,RB01_WV3_S3_R1_SS9281301_QESUR_F50K_v1,EXACT_50000,A_ON,0,shift_grid_v1.json,49,20,RB01_WV3_S3_R1_SS9281301_QESUR_F50K_v1,True,PLANNED_NOT_RUN
RB01_WV3_S3_R1_SS9281301_QESUR_F50K_v1__RB02_A_ZERO_INFERENCE_ONLY,B01,RB02,WV3,s3,1,9281301,WV3_s3_R1_SS9281301,QESUR,RB01_WV3_S3_R1_SS9281301_QESUR_F50K_v1,EXACT_50000,A_ZERO_INFERENCE_ONLY,0,shift_grid_v1.json,49,20,RB01_WV3_S3_R1_SS9281301_QESUR_F50K_v1,True,PLANNED_NOT_RUN
RB01_WV3_S3_R1_SS9281301_QSHUF_F50K_v1__RB02_A_ON,B01,RB02,WV3,s3,1,9281301,WV3_s3_R1_SS9281301,QSHUF,RB01_WV3_S3_R1_SS9281301_QSHUF_F50K_v1,EXACT_50000,A_ON,0,shift_grid_v1.json,49,20,RB01_WV3_S3_R1_SS9281301_QSHUF_F50K_v1,True,PLANNED_NOT_RUN
RB01_WV3_S3_R1_SS9281301_QSHUF_F50K_v1__RB02_A_ZERO_INFERENCE_ONLY,B01,RB02,WV3,s3,1,9281301,WV3_s3_R1_SS9281301,QSHUF,RB01_WV3_S3_R1_SS9281301_QSHUF_F50K_v1,EXACT_50000,A_ZERO_INFERENCE_ONLY,0,shift_grid_v1.json,49,20,RB01_WV3_S3_R1_SS9281301_QSHUF_F50K_v1,True,PLANNED_NOT_RUN
RB01_WV3_S3_R2_SS9281302_QSHUF_F50K_v1__RB02_A_ON,B01,RB02,WV3,s3,2,9281302,WV3_s3_R2_SS9281302,QSHUF,RB01_WV3_S3_R2_SS9281302_QSHUF_F50K_v1,EXACT_50000,A_ON,0,shift_grid_v1.json,49,20,RB01_WV3_S3_R2_SS9281302_QSHUF_F50K_v1,True,PLANNED_NOT_RUN
RB01_WV3_S3_R2_SS9281302_QSHUF_F50K_v1__RB02_A_ZERO_INFERENCE_ONLY,B01,RB02,WV3,s3,2,9281302,WV3_s3_R2_SS9281302,QSHUF,RB01_WV3_S3_R2_SS9281302_QSHUF_F50K_v1,EXACT_50000,A_ZERO_INFERENCE_ONLY,0,shift_grid_v1.json,49,20,RB01_WV3_S3_R2_SS9281302_QSHUF_F50K_v1,True,PLANNED_NOT_RUN
RB01_WV3_S3_R2_SS9281302_QESUR_F50K_v1__RB02_A_ON,B01,RB02,WV3,s3,2,9281302,WV3_s3_R2_SS9281302,QESUR,RB01_WV3_S3_R2_SS9281302_QESUR_F50K_v1,EXACT_50000,A_ON,0,shift_grid_v1.json,49,20,RB01_WV3_S3_R2_SS9281302_QESUR_F50K_v1,True,PLANNED_NOT_RUN
RB01_WV3_S3_R2_SS9281302_QESUR_F50K_v1__RB02_A_ZERO_INFERENCE_ONLY,B01,RB02,WV3,s3,2,9281302,WV3_s3_R2_SS9281302,QESUR,RB01_WV3_S3_R2_SS9281302_QESUR_F50K_v1,EXACT_50000,A_ZERO_INFERENCE_ONLY,0,shift_grid_v1.json,49,20,RB01_WV3_S3_R2_SS9281302_QESUR_F50K_v1,True,PLANNED_NOT_RUN
RB01_WV3_S3_R2_SS9281302_QFULL_F50K_v1__RB02_A_ON,B01,RB02,WV3,s3,2,9281302,WV3_s3_R2_SS9281302,QFULL,RB01_WV3_S3_R2_SS9281302_QFULL_F50K_v1,EXACT_50000,A_ON,0,shift_grid_v1.json,49,20,RB01_WV3_S3_R2_SS9281302_QFULL_F50K_v1,True,PLANNED_NOT_RUN
RB01_WV3_S3_R2_SS9281302_QFULL_F50K_v1__RB02_A_ZERO_INFERENCE_ONLY,B01,RB02,WV3,s3,2,9281302,WV3_s3_R2_SS9281302,QFULL,RB01_WV3_S3_R2_SS9281302_QFULL_F50K_v1,EXACT_50000,A_ZERO_INFERENCE_ONLY,0,shift_grid_v1.json,49,20,RB01_WV3_S3_R2_SS9281302_QFULL_F50K_v1,True,PLANNED_NOT_RUN
RB01_WV3_S3_R2_SS9281302_QMEAN_F50K_v1__RB02_A_ON,B01,RB02,WV3,s3,2,9281302,WV3_s3_R2_SS9281302,QMEAN,RB01_WV3_S3_R2_SS9281302_QMEAN_F50K_v1,EXACT_50000,A_ON,0,shift_grid_v1.json,49,20,RB01_WV3_S3_R2_SS9281302_QMEAN_F50K_v1,True,PLANNED_NOT_RUN
RB01_WV3_S3_R2_SS9281302_QMEAN_F50K_v1__RB02_A_ZERO_INFERENCE_ONLY,B01,RB02,WV3,s3,2,9281302,WV3_s3_R2_SS9281302,QMEAN,RB01_WV3_S3_R2_SS9281302_QMEAN_F50K_v1,EXACT_50000,A_ZERO_INFERENCE_ONLY,0,shift_grid_v1.json,49,20,RB01_WV3_S3_R2_SS9281302_QMEAN_F50K_v1,True,PLANNED_NOT_RUN
RB01_WV3_S5_R1_SS9281501_QSHUF_F50K_v1__RB02_A_ON,B01,RB02,WV3,s5,1,9281501,WV3_s5_R1_SS9281501,QSHUF,RB01_WV3_S5_R1_SS9281501_QSHUF_F50K_v1,EXACT_50000,A_ON,0,shift_grid_v1.json,49,20,RB01_WV3_S5_R1_SS9281501_QSHUF_F50K_v1,True,PLANNED_NOT_RUN
RB01_WV3_S5_R1_SS9281501_QSHUF_F50K_v1__RB02_A_ZERO_INFERENCE_ONLY,B01,RB02,WV3,s5,1,9281501,WV3_s5_R1_SS9281501,QSHUF,RB01_WV3_S5_R1_SS9281501_QSHUF_F50K_v1,EXACT_50000,A_ZERO_INFERENCE_ONLY,0,shift_grid_v1.json,49,20,RB01_WV3_S5_R1_SS9281501_QSHUF_F50K_v1,True,PLANNED_NOT_RUN
RB01_WV3_S5_R1_SS9281501_QMEAN_F50K_v1__RB02_A_ON,B01,RB02,WV3,s5,1,9281501,WV3_s5_R1_SS9281501,QMEAN,RB01_WV3_S5_R1_SS9281501_QMEAN_F50K_v1,EXACT_50000,A_ON,0,shift_grid_v1.json,49,20,RB01_WV3_S5_R1_SS9281501_QMEAN_F50K_v1,True,PLANNED_NOT_RUN
RB01_WV3_S5_R1_SS9281501_QMEAN_F50K_v1__RB02_A_ZERO_INFERENCE_ONLY,B01,RB02,WV3,s5,1,9281501,WV3_s5_R1_SS9281501,QMEAN,RB01_WV3_S5_R1_SS9281501_QMEAN_F50K_v1,EXACT_50000,A_ZERO_INFERENCE_ONLY,0,shift_grid_v1.json,49,20,RB01_WV3_S5_R1_SS9281501_QMEAN_F50K_v1,True,PLANNED_NOT_RUN
RB01_WV3_S5_R1_SS9281501_QESUR_F50K_v1__RB02_A_ON,B01,RB02,WV3,s5,1,9281501,WV3_s5_R1_SS9281501,QESUR,RB01_WV3_S5_R1_SS9281501_QESUR_F50K_v1,EXACT_50000,A_ON,0,shift_grid_v1.json,49,20,RB01_WV3_S5_R1_SS9281501_QESUR_F50K_v1,True,PLANNED_NOT_RUN
RB01_WV3_S5_R1_SS9281501_QESUR_F50K_v1__RB02_A_ZERO_INFERENCE_ONLY,B01,RB02,WV3,s5,1,9281501,WV3_s5_R1_SS9281501,QESUR,RB01_WV3_S5_R1_SS9281501_QESUR_F50K_v1,EXACT_50000,A_ZERO_INFERENCE_ONLY,0,shift_grid_v1.json,49,20,RB01_WV3_S5_R1_SS9281501_QESUR_F50K_v1,True,PLANNED_NOT_RUN
RB01_WV3_S5_R1_SS9281501_QFULL_F50K_v1__RB02_A_ON,B01,RB02,WV3,s5,1,9281501,WV3_s5_R1_SS9281501,QFULL,RB01_WV3_S5_R1_SS9281501_QFULL_F50K_v1,EXACT_50000,A_ON,0,shift_grid_v1.json,49,20,RB01_WV3_S5_R1_SS9281501_QFULL_F50K_v1,True,PLANNED_NOT_RUN
RB01_WV3_S5_R1_SS9281501_QFULL_F50K_v1__RB02_A_ZERO_INFERENCE_ONLY,B01,RB02,WV3,s5,1,9281501,WV3_s5_R1_SS9281501,QFULL,RB01_WV3_S5_R1_SS9281501_QFULL_F50K_v1,EXACT_50000,A_ZERO_INFERENCE_ONLY,0,shift_grid_v1.json,49,20,RB01_WV3_S5_R1_SS9281501_QFULL_F50K_v1,True,PLANNED_NOT_RUN
RB01_WV3_S5_R2_SS9281502_QFULL_F50K_v1__RB02_A_ON,B01,RB02,WV3,s5,2,9281502,WV3_s5_R2_SS9281502,QFULL,RB01_WV3_S5_R2_SS9281502_QFULL_F50K_v1,EXACT_50000,A_ON,0,shift_grid_v1.json,49,20,RB01_WV3_S5_R2_SS9281502_QFULL_F50K_v1,True,PLANNED_NOT_RUN
RB01_WV3_S5_R2_SS9281502_QFULL_F50K_v1__RB02_A_ZERO_INFERENCE_ONLY,B01,RB02,WV3,s5,2,9281502,WV3_s5_R2_SS9281502,QFULL,RB01_WV3_S5_R2_SS9281502_QFULL_F50K_v1,EXACT_50000,A_ZERO_INFERENCE_ONLY,0,shift_grid_v1.json,49,20,RB01_WV3_S5_R2_SS9281502_QFULL_F50K_v1,True,PLANNED_NOT_RUN
RB01_WV3_S5_R2_SS9281502_QESUR_F50K_v1__RB02_A_ON,B01,RB02,WV3,s5,2,9281502,WV3_s5_R2_SS9281502,QESUR,RB01_WV3_S5_R2_SS9281502_QESUR_F50K_v1,EXACT_50000,A_ON,0,shift_grid_v1.json,49,20,RB01_WV3_S5_R2_SS9281502_QESUR_F50K_v1,True,PLANNED_NOT_RUN
RB01_WV3_S5_R2_SS9281502_QESUR_F50K_v1__RB02_A_ZERO_INFERENCE_ONLY,B01,RB02,WV3,s5,2,9281502,WV3_s5_R2_SS9281502,QESUR,RB01_WV3_S5_R2_SS9281502_QESUR_F50K_v1,EXACT_50000,A_ZERO_INFERENCE_ONLY,0,shift_grid_v1.json,49,20,RB01_WV3_S5_R2_SS9281502_QESUR_F50K_v1,True,PLANNED_NOT_RUN
RB01_WV3_S5_R2_SS9281502_QMEAN_F50K_v1__RB02_A_ON,B01,RB02,WV3,s5,2,9281502,WV3_s5_R2_SS9281502,QMEAN,RB01_WV3_S5_R2_SS9281502_QMEAN_F50K_v1,EXACT_50000,A_ON,0,shift_grid_v1.json,49,20,RB01_WV3_S5_R2_SS9281502_QMEAN_F50K_v1,True,PLANNED_NOT_RUN
RB01_WV3_S5_R2_SS9281502_QMEAN_F50K_v1__RB02_A_ZERO_INFERENCE_ONLY,B01,RB02,WV3,s5,2,9281502,WV3_s5_R2_SS9281502,QMEAN,RB01_WV3_S5_R2_SS9281502_QMEAN_F50K_v1,EXACT_50000,A_ZERO_INFERENCE_ONLY,0,shift_grid_v1.json,49,20,RB01_WV3_S5_R2_SS9281502_QMEAN_F50K_v1,True,PLANNED_NOT_RUN
RB01_WV3_S5_R2_SS9281502_QSHUF_F50K_v1__RB02_A_ON,B01,RB02,WV3,s5,2,9281502,WV3_s5_R2_SS9281502,QSHUF,RB01_WV3_S5_R2_SS9281502_QSHUF_F50K_v1,EXACT_50000,A_ON,0,shift_grid_v1.json,49,20,RB01_WV3_S5_R2_SS9281502_QSHUF_F50K_v1,True,PLANNED_NOT_RUN
RB01_WV3_S5_R2_SS9281502_QSHUF_F50K_v1__RB02_A_ZERO_INFERENCE_ONLY,B01,RB02,WV3,s5,2,9281502,WV3_s5_R2_SS9281502,QSHUF,RB01_WV3_S5_R2_SS9281502_QSHUF_F50K_v1,EXACT_50000,A_ZERO_INFERENCE_ONLY,0,shift_grid_v1.json,49,20,RB01_WV3_S5_R2_SS9281502_QSHUF_F50K_v1,True,PLANNED_NOT_RUN
