run_id,batch,step,dataset,server,repeat,seed,paired_block_id,case_id,updates,initialization,teacher_cohort,primary_selection,secondary_selection,status,runtime_binding
RB01_WV3_S1_R1_SS9281101_QFULL_F50K_v1,B01,RB01,WV3,s1,1,9281101,WV3_s1_R1_SS9281101,QFULL,50000,FRESH_U_AND_FROZEN_F1_A_CLONE,F1_FIXED,EXACT_50000,RR_VAL_ERGAS_MIN,PLANNED_NOT_RUN,REQUIRED_BEFORE_TRAINING
RB01_WV3_S1_R1_SS9281101_QMEAN_F50K_v1,B01,RB01,WV3,s1,1,9281101,WV3_s1_R1_SS9281101,QMEAN,50000,FRESH_U_AND_FROZEN_F1_A_CLONE,F1_FIXED,EXACT_50000,RR_VAL_ERGAS_MIN,PLANNED_NOT_RUN,REQUIRED_BEFORE_TRAINING
RB01_WV3_S1_R1_SS9281101_QSHUF_F50K_v1,B01,RB01,WV3,s1,1,9281101,WV3_s1_R1_SS9281101,QSHUF,50000,FRESH_U_AND_FROZEN_F1_A_CLONE,F1_FIXED,EXACT_50000,RR_VAL_ERGAS_MIN,PLANNED_NOT_RUN,REQUIRED_BEFORE_TRAINING
RB01_WV3_S1_R1_SS9281101_QESUR_F50K_v1,B01,RB01,WV3,s1,1,9281101,WV3_s1_R1_SS9281101,QESUR,50000,FRESH_U_AND_FROZEN_F1_A_CLONE,F1_FIXED,EXACT_50000,RR_VAL_ERGAS_MIN,PLANNED_NOT_RUN,REQUIRED_BEFORE_TRAINING
RB01_WV3_S1_R2_SS9281102_QESUR_F50K_v1,B01,RB01,WV3,s1,2,9281102,WV3_s1_R2_SS9281102,QESUR,50000,FRESH_U_AND_FROZEN_F1_A_CLONE,F1_FIXED,EXACT_50000,RR_VAL_ERGAS_MIN,PLANNED_NOT_RUN,REQUIRED_BEFORE_TRAINING
RB01_WV3_S1_R2_SS9281102_QSHUF_F50K_v1,B01,RB01,WV3,s1,2,9281102,WV3_s1_R2_SS9281102,QSHUF,50000,FRESH_U_AND_FROZEN_F1_A_CLONE,F1_FIXED,EXACT_50000,RR_VAL_ERGAS_MIN,PLANNED_NOT_RUN,REQUIRED_BEFORE_TRAINING
RB01_WV3_S1_R2_SS9281102_QMEAN_F50K_v1,B01,RB01,WV3,s1,2,9281102,WV3_s1_R2_SS9281102,QMEAN,50000,FRESH_U_AND_FROZEN_F1_A_CLONE,F1_FIXED,EXACT_50000,RR_VAL_ERGAS_MIN,PLANNED_NOT_RUN,REQUIRED_BEFORE_TRAINING
RB01_WV3_S1_R2_SS9281102_QFULL_F50K_v1,B01,RB01,WV3,s1,2,9281102,WV3_s1_R2_SS9281102,QFULL,50000,FRESH_U_AND_FROZEN_F1_A_CLONE,F1_FIXED,EXACT_50000,RR_VAL_ERGAS_MIN,PLANNED_NOT_RUN,REQUIRED_BEFORE_TRAINING
RB01_WV3_S3_R1_SS9281301_QMEAN_F50K_v1,B01,RB01,WV3,s3,1,9281301,WV3_s3_R1_SS9281301,QMEAN,50000,FRESH_U_AND_FROZEN_F1_A_CLONE,F1_FIXED,EXACT_50000,RR_VAL_ERGAS_MIN,PLANNED_NOT_RUN,REQUIRED_BEFORE_TRAINING
RB01_WV3_S3_R1_SS9281301_QFULL_F50K_v1,B01,RB01,WV3,s3,1,9281301,WV3_s3_R1_SS9281301,QFULL,50000,FRESH_U_AND_FROZEN_F1_A_CLONE,F1_FIXED,EXACT_50000,RR_VAL_ERGAS_MIN,PLANNED_NOT_RUN,REQUIRED_BEFORE_TRAINING
RB01_WV3_S3_R1_SS9281301_QESUR_F50K_v1,B01,RB01,WV3,s3,1,9281301,WV3_s3_R1_SS9281301,QESUR,50000,FRESH_U_AND_FROZEN_F1_A_CLONE,F1_FIXED,EXACT_50000,RR_VAL_ERGAS_MIN,PLANNED_NOT_RUN,REQUIRED_BEFORE_TRAINING
RB01_WV3_S3_R1_SS9281301_QSHUF_F50K_v1,B01,RB01,WV3,s3,1,9281301,WV3_s3_R1_SS9281301,QSHUF,50000,FRESH_U_AND_FROZEN_F1_A_CLONE,F1_FIXED,EXACT_50000,RR_VAL_ERGAS_MIN,PLANNED_NOT_RUN,REQUIRED_BEFORE_TRAINING
RB01_WV3_S3_R2_SS9281302_QSHUF_F50K_v1,B01,RB01,WV3,s3,2,9281302,WV3_s3_R2_SS9281302,QSHUF,50000,FRESH_U_AND_FROZEN_F1_A_CLONE,F1_FIXED,EXACT_50000,RR_VAL_ERGAS_MIN,PLANNED_NOT_RUN,REQUIRED_BEFORE_TRAINING
RB01_WV3_S3_R2_SS9281302_QESUR_F50K_v1,B01,RB01,WV3,s3,2,9281302,WV3_s3_R2_SS9281302,QESUR,50000,FRESH_U_AND_FROZEN_F1_A_CLONE,F1_FIXED,EXACT_50000,RR_VAL_ERGAS_MIN,PLANNED_NOT_RUN,REQUIRED_BEFORE_TRAINING
RB01_WV3_S3_R2_SS9281302_QFULL_F50K_v1,B01,RB01,WV3,s3,2,9281302,WV3_s3_R2_SS9281302,QFULL,50000,FRESH_U_AND_FROZEN_F1_A_CLONE,F1_FIXED,EXACT_50000,RR_VAL_ERGAS_MIN,PLANNED_NOT_RUN,REQUIRED_BEFORE_TRAINING
RB01_WV3_S3_R2_SS9281302_QMEAN_F50K_v1,B01,RB01,WV3,s3,2,9281302,WV3_s3_R2_SS9281302,QMEAN,50000,FRESH_U_AND_FROZEN_F1_A_CLONE,F1_FIXED,EXACT_50000,RR_VAL_ERGAS_MIN,PLANNED_NOT_RUN,REQUIRED_BEFORE_TRAINING
RB01_WV3_S5_R1_SS9281501_QSHUF_F50K_v1,B01,RB01,WV3,s5,1,9281501,WV3_s5_R1_SS9281501,QSHUF,50000,FRESH_U_AND_FROZEN_F1_A_CLONE,F1_FIXED,EXACT_50000,RR_VAL_ERGAS_MIN,PLANNED_NOT_RUN,REQUIRED_BEFORE_TRAINING
RB01_WV3_S5_R1_SS9281501_QMEAN_F50K_v1,B01,RB01,WV3,s5,1,9281501,WV3_s5_R1_SS9281501,QMEAN,50000,FRESH_U_AND_FROZEN_F1_A_CLONE,F1_FIXED,EXACT_50000,RR_VAL_ERGAS_MIN,PLANNED_NOT_RUN,REQUIRED_BEFORE_TRAINING
RB01_WV3_S5_R1_SS9281501_QESUR_F50K_v1,B01,RB01,WV3,s5,1,9281501,WV3_s5_R1_SS9281501,QESUR,50000,FRESH_U_AND_FROZEN_F1_A_CLONE,F1_FIXED,EXACT_50000,RR_VAL_ERGAS_MIN,PLANNED_NOT_RUN,REQUIRED_BEFORE_TRAINING
RB01_WV3_S5_R1_SS9281501_QFULL_F50K_v1,B01,RB01,WV3,s5,1,9281501,WV3_s5_R1_SS9281501,QFULL,50000,FRESH_U_AND_FROZEN_F1_A_CLONE,F1_FIXED,EXACT_50000,RR_VAL_ERGAS_MIN,PLANNED_NOT_RUN,REQUIRED_BEFORE_TRAINING
RB01_WV3_S5_R2_SS9281502_QFULL_F50K_v1,B01,RB01,WV3,s5,2,9281502,WV3_s5_R2_SS9281502,QFULL,50000,FRESH_U_AND_FROZEN_F1_A_CLONE,F1_FIXED,EXACT_50000,RR_VAL_ERGAS_MIN,PLANNED_NOT_RUN,REQUIRED_BEFORE_TRAINING
RB01_WV3_S5_R2_SS9281502_QESUR_F50K_v1,B01,RB01,WV3,s5,2,9281502,WV3_s5_R2_SS9281502,QESUR,50000,FRESH_U_AND_FROZEN_F1_A_CLONE,F1_FIXED,EXACT_50000,RR_VAL_ERGAS_MIN,PLANNED_NOT_RUN,REQUIRED_BEFORE_TRAINING
RB01_WV3_S5_R2_SS9281502_QMEAN_F50K_v1,B01,RB01,WV3,s5,2,9281502,WV3_s5_R2_SS9281502,QMEAN,50000,FRESH_U_AND_FROZEN_F1_A_CLONE,F1_FIXED,EXACT_50000,RR_VAL_ERGAS_MIN,PLANNED_NOT_RUN,REQUIRED_BEFORE_TRAINING
RB01_WV3_S5_R2_SS9281502_QSHUF_F50K_v1,B01,RB01,WV3,s5,2,9281502,WV3_s5_R2_SS9281502,QSHUF,50000,FRESH_U_AND_FROZEN_F1_A_CLONE,F1_FIXED,EXACT_50000,RR_VAL_ERGAS_MIN,PLANNED_NOT_RUN,REQUIRED_BEFORE_TRAINING
