config_path,depends_on,depth,input_layout,kind,order,reservation_hours,role,run_id,seed,server_id,student_seed,teacher_input_layout,teacher_run_id,teacher_seed,tier,width
,[],,,PREFLIGHT,0,,,FH12_S1_PREFLIGHT,,s1,,,,,CORE,
config/FH12_S1_T_P0_W112_D123_WV3_S71001_FRESH50_v1.yaml,"[""FH12_S1_PREFLIGHT""]","[1, 2, 3]",P0,TRAIN,10,2.6,T,FH12_S1_T_P0_W112_D123_WV3_S71001_FRESH50_v1,71001,s1,,P0,FH12_S1_T_P0_W112_D123_WV3_S71001_FRESH50_v1,71001,CORE,112
,"[""FH12_S1_T_P0_W112_D123_WV3_S71001_FRESH50_v1""]",,,CALIBRATION,20,,,FH12_S1_CALIBRATION,,s1,,,FH12_S1_T_P0_W112_D123_WV3_S71001_FRESH50_v1,,CORE,
config/FH12_S1_S_P0_W104_D121_WV3_TP0_TS71001_SS72001_FRESH50_v1.yaml,"[""FH12_S1_CALIBRATION""]","[1, 2, 1]",P0,TRAIN,30,2.5,S,FH12_S1_S_P0_W104_D121_WV3_TP0_TS71001_SS72001_FRESH50_v1,72001,s1,72001,P0,FH12_S1_T_P0_W112_D123_WV3_S71001_FRESH50_v1,71001,CORE,104
config/FH12_S1_S_PLH_W104_D121_WV3_TP0_TS71001_SS72001_FRESH50_v1.yaml,"[""FH12_S1_CALIBRATION""]","[1, 2, 1]",PLH,TRAIN,40,2.5,S,FH12_S1_S_PLH_W104_D121_WV3_TP0_TS71001_SS72001_FRESH50_v1,72001,s1,72001,P0,FH12_S1_T_P0_W112_D123_WV3_S71001_FRESH50_v1,71001,CORE,104
,[],,,PREFLIGHT,0,,,FH12_S2_PREFLIGHT,,s2,,,,,CORE,
config/FH12_S2_T_PL_W112_D123_WV3_S71001_FRESH50_v1.yaml,"[""FH12_S2_PREFLIGHT""]","[1, 2, 3]",PL,TRAIN,10,3.0,T,FH12_S2_T_PL_W112_D123_WV3_S71001_FRESH50_v1,71001,s2,,PL,FH12_S2_T_PL_W112_D123_WV3_S71001_FRESH50_v1,71001,CORE,112
,"[""FH12_S2_T_PL_W112_D123_WV3_S71001_FRESH50_v1""]",,,CALIBRATION,20,,,FH12_S2_CALIBRATION,,s2,,,FH12_S2_T_PL_W112_D123_WV3_S71001_FRESH50_v1,,CORE,
config/FH12_S2_S_PL_W104_D121_WV3_TPL_TS71001_SS72001_FRESH50_v1.yaml,"[""FH12_S2_CALIBRATION""]","[1, 2, 1]",PL,TRAIN,30,2.6,S,FH12_S2_S_PL_W104_D121_WV3_TPL_TS71001_SS72001_FRESH50_v1,72001,s2,72001,PL,FH12_S2_T_PL_W112_D123_WV3_S71001_FRESH50_v1,71001,CORE,104
config/FH12_S2_S_P0_W104_D121_WV3_TPL_TS71001_SS72001_FRESH50_v1.yaml,"[""FH12_S2_CALIBRATION""]","[1, 2, 1]",P0,TRAIN,40,2.6,S,FH12_S2_S_P0_W104_D121_WV3_TPL_TS71001_SS72001_FRESH50_v1,72001,s2,72001,PL,FH12_S2_T_PL_W112_D123_WV3_S71001_FRESH50_v1,71001,CORE,104
,[],,,PREFLIGHT,0,,,FH12_S3_PREFLIGHT,,s3,,,,,CORE,
config/FH12_S3_T_PH_W112_D123_WV3_S71001_FRESH50_v1.yaml,"[""FH12_S3_PREFLIGHT""]","[1, 2, 3]",PH,TRAIN,10,1.7,T,FH12_S3_T_PH_W112_D123_WV3_S71001_FRESH50_v1,71001,s3,,PH,FH12_S3_T_PH_W112_D123_WV3_S71001_FRESH50_v1,71001,CORE,112
,"[""FH12_S3_T_PH_W112_D123_WV3_S71001_FRESH50_v1""]",,,CALIBRATION,20,,,FH12_S3_CALIBRATION,,s3,,,FH12_S3_T_PH_W112_D123_WV3_S71001_FRESH50_v1,,CORE,
config/FH12_S3_S_PH_W104_D121_WV3_TPH_TS71001_SS72001_FRESH50_v1.yaml,"[""FH12_S3_CALIBRATION""]","[1, 2, 1]",PH,TRAIN,30,1.4,S,FH12_S3_S_PH_W104_D121_WV3_TPH_TS71001_SS72001_FRESH50_v1,72001,s3,72001,PH,FH12_S3_T_PH_W112_D123_WV3_S71001_FRESH50_v1,71001,CORE,104
config/FH12_S3_S_P0_W104_D121_WV3_TPH_TS71001_SS72001_FRESH50_v1.yaml,"[""FH12_S3_CALIBRATION""]","[1, 2, 1]",P0,TRAIN,40,1.4,S,FH12_S3_S_P0_W104_D121_WV3_TPH_TS71001_SS72001_FRESH50_v1,72001,s3,72001,PH,FH12_S3_T_PH_W112_D123_WV3_S71001_FRESH50_v1,71001,CORE,104
config/FH12_S3_S_PH_W104_D122_WV3_TPH_TS71001_SS72001_FRESH50_v1.yaml,"[""FH12_S3_CALIBRATION""]","[1, 2, 2]",PH,TRAIN,50,1.54,S,FH12_S3_S_PH_W104_D122_WV3_TPH_TS71001_SS72001_FRESH50_v1,72001,s3,72001,PH,FH12_S3_T_PH_W112_D123_WV3_S71001_FRESH50_v1,71001,RESERVE_D,104
config/FH12_S3_S_PH_W112_D121_WV3_TPH_TS71001_SS72001_FRESH50_v1.yaml,"[""FH12_S3_CALIBRATION""]","[1, 2, 1]",PH,TRAIN,60,1.68,S,FH12_S3_S_PH_W112_D121_WV3_TPH_TS71001_SS72001_FRESH50_v1,72001,s3,72001,PH,FH12_S3_T_PH_W112_D123_WV3_S71001_FRESH50_v1,71001,RESERVE_W,112
,[],,,PREFLIGHT,0,,,FH12_S4_PREFLIGHT,,s4,,,,,CORE,
config/FH12_S4_T_PLH_W112_D123_WV3_S71001_FRESH50_v1.yaml,"[""FH12_S4_PREFLIGHT""]","[1, 2, 3]",PLH,TRAIN,10,1.7,T,FH12_S4_T_PLH_W112_D123_WV3_S71001_FRESH50_v1,71001,s4,,PLH,FH12_S4_T_PLH_W112_D123_WV3_S71001_FRESH50_v1,71001,CORE,112
,"[""FH12_S4_T_PLH_W112_D123_WV3_S71001_FRESH50_v1""]",,,CALIBRATION,20,,,FH12_S4_CALIBRATION,,s4,,,FH12_S4_T_PLH_W112_D123_WV3_S71001_FRESH50_v1,,CORE,
config/FH12_S4_S_PLH_W104_D121_WV3_TPLH_TS71001_SS72001_FRESH50_v1.yaml,"[""FH12_S4_CALIBRATION""]","[1, 2, 1]",PLH,TRAIN,30,1.4,S,FH12_S4_S_PLH_W104_D121_WV3_TPLH_TS71001_SS72001_FRESH50_v1,72001,s4,72001,PLH,FH12_S4_T_PLH_W112_D123_WV3_S71001_FRESH50_v1,71001,CORE,104
config/FH12_S4_S_P0_W104_D121_WV3_TPLH_TS71001_SS72001_FRESH50_v1.yaml,"[""FH12_S4_CALIBRATION""]","[1, 2, 1]",P0,TRAIN,40,1.4,S,FH12_S4_S_P0_W104_D121_WV3_TPLH_TS71001_SS72001_FRESH50_v1,72001,s4,72001,PLH,FH12_S4_T_PLH_W112_D123_WV3_S71001_FRESH50_v1,71001,CORE,104
config/FH12_S4_S_PL_W104_D121_WV3_TPLH_TS71001_SS72001_FRESH50_v1.yaml,"[""FH12_S4_CALIBRATION""]","[1, 2, 1]",PL,TRAIN,50,1.4,S,FH12_S4_S_PL_W104_D121_WV3_TPLH_TS71001_SS72001_FRESH50_v1,72001,s4,72001,PLH,FH12_S4_T_PLH_W112_D123_WV3_S71001_FRESH50_v1,71001,CORE,104
config/FH12_S4_S_PH_W104_D121_WV3_TPLH_TS71001_SS72001_FRESH50_v1.yaml,"[""FH12_S4_CALIBRATION""]","[1, 2, 1]",PH,TRAIN,60,1.4,S,FH12_S4_S_PH_W104_D121_WV3_TPLH_TS71001_SS72001_FRESH50_v1,72001,s4,72001,PLH,FH12_S4_T_PLH_W112_D123_WV3_S71001_FRESH50_v1,71001,CORE,104
config/FH12_S4_S_PLH_W104_D122_WV3_TPLH_TS71001_SS72001_FRESH50_v1.yaml,"[""FH12_S4_CALIBRATION""]","[1, 2, 2]",PLH,TRAIN,70,1.54,S,FH12_S4_S_PLH_W104_D122_WV3_TPLH_TS71001_SS72001_FRESH50_v1,72001,s4,72001,PLH,FH12_S4_T_PLH_W112_D123_WV3_S71001_FRESH50_v1,71001,RESERVE_D,104
config/FH12_S4_S_PLH_W112_D121_WV3_TPLH_TS71001_SS72001_FRESH50_v1.yaml,"[""FH12_S4_CALIBRATION""]","[1, 2, 1]",PLH,TRAIN,80,1.68,S,FH12_S4_S_PLH_W112_D121_WV3_TPLH_TS71001_SS72001_FRESH50_v1,72001,s4,72001,PLH,FH12_S4_T_PLH_W112_D123_WV3_S71001_FRESH50_v1,71001,RESERVE_W,112
,[],,,PREFLIGHT,0,,,FH12_S5_PREFLIGHT,,s5,,,,,CORE,
config/FH12_S5_T_PLH_W112_D123_WV3_S71002_FRESH50_v1.yaml,"[""FH12_S5_PREFLIGHT""]","[1, 2, 3]",PLH,TRAIN,10,3.2,T,FH12_S5_T_PLH_W112_D123_WV3_S71002_FRESH50_v1,71002,s5,,PLH,FH12_S5_T_PLH_W112_D123_WV3_S71002_FRESH50_v1,71002,CORE,112
,"[""FH12_S5_T_PLH_W112_D123_WV3_S71002_FRESH50_v1""]",,,CALIBRATION,20,,,FH12_S5_CALIBRATION,,s5,,,FH12_S5_T_PLH_W112_D123_WV3_S71002_FRESH50_v1,,CORE,
config/FH12_S5_S_PLH_W104_D121_WV3_TPLH_TS71002_SS72002_FRESH50_v1.yaml,"[""FH12_S5_CALIBRATION""]","[1, 2, 1]",PLH,TRAIN,30,3.5,S,FH12_S5_S_PLH_W104_D121_WV3_TPLH_TS71002_SS72002_FRESH50_v1,72002,s5,72002,PLH,FH12_S5_T_PLH_W112_D123_WV3_S71002_FRESH50_v1,71002,CORE,104
config/FH12_S5_S_PLH_W104_D122_WV3_TPLH_TS71002_SS72002_FRESH50_v1.yaml,"[""FH12_S5_CALIBRATION""]","[1, 2, 2]",PLH,TRAIN,40,3.8500000000000005,S,FH12_S5_S_PLH_W104_D122_WV3_TPLH_TS71002_SS72002_FRESH50_v1,72002,s5,72002,PLH,FH12_S5_T_PLH_W112_D123_WV3_S71002_FRESH50_v1,71002,RESERVE_D,104
