server_id,role,tier,block_id,input_layout,width,depth,teacher_alias,teacher_seed,student_seed,profile,run_id,seed,teacher_run_id,teacher_input_layout,config_path,kind,eligible_when
s1,S,CORE,FH20R1_S1_B01,PLH,104,"[1, 2, 2]",F1,71001,73101,BASE,FH20R1_S1_S_PLH_W104_D122_WV3_TF1_TS71001_SS73101_BASE_FRESH50_v1,73101,FH12_S1_T_P0_W112_D123_WV3_S71001_FRESH50_v1,P0,config/FH20R1_S1_S_PLH_W104_D122_WV3_TF1_TS71001_SS73101_BASE_FRESH50_v1.yaml,TRAIN,ALWAYS
s1,S,CORE,FH20R1_S1_B01,PLH,104,"[1, 2, 2]",F1,71001,73101,A10,FH20R1_S1_S_PLH_W104_D122_WV3_TF1_TS71001_SS73101_A10_FRESH50_v1,73101,FH12_S1_T_P0_W112_D123_WV3_S71001_FRESH50_v1,P0,config/FH20R1_S1_S_PLH_W104_D122_WV3_TF1_TS71001_SS73101_A10_FRESH50_v1.yaml,TRAIN,S1_A_SUPPORT
s1,S,CORE,FH20R1_S1_B01,PLH,104,"[1, 2, 1]",F1,71001,73101,BASE,FH20R1_S1_S_PLH_W104_D121_WV3_TF1_TS71001_SS73101_BASE_FRESH50_v1,73101,FH12_S1_T_P0_W112_D123_WV3_S71001_FRESH50_v1,P0,config/FH20R1_S1_S_PLH_W104_D121_WV3_TF1_TS71001_SS73101_BASE_FRESH50_v1.yaml,TRAIN,S1_NO_A_SUPPORT_OR_INCONCLUSIVE
s1,S,CORE,FH20R1_S1_B02,PLH,104,"[1, 2, 2]",F1,71001,73102,BASE,FH20R1_S1_S_PLH_W104_D122_WV3_TF1_TS71001_SS73102_BASE_FRESH50_v1,73102,FH12_S1_T_P0_W112_D123_WV3_S71001_FRESH50_v1,P0,config/FH20R1_S1_S_PLH_W104_D122_WV3_TF1_TS71001_SS73102_BASE_FRESH50_v1.yaml,TRAIN,ALWAYS
s1,S,CORE,FH20R1_S1_B02,PLH,104,"[1, 2, 2]",F1,71001,73102,A10,FH20R1_S1_S_PLH_W104_D122_WV3_TF1_TS71001_SS73102_A10_FRESH50_v1,73102,FH12_S1_T_P0_W112_D123_WV3_S71001_FRESH50_v1,P0,config/FH20R1_S1_S_PLH_W104_D122_WV3_TF1_TS71001_SS73102_A10_FRESH50_v1.yaml,TRAIN,S1_A_SUPPORT
s1,S,CORE,FH20R1_S1_B02,PLH,104,"[1, 2, 1]",F1,71001,73102,BASE,FH20R1_S1_S_PLH_W104_D121_WV3_TF1_TS71001_SS73102_BASE_FRESH50_v1,73102,FH12_S1_T_P0_W112_D123_WV3_S71001_FRESH50_v1,P0,config/FH20R1_S1_S_PLH_W104_D121_WV3_TF1_TS71001_SS73102_BASE_FRESH50_v1.yaml,TRAIN,S1_NO_A_SUPPORT_OR_INCONCLUSIVE
s1,S,CORE,FH20R1_S1_B03,PLH,104,"[1, 2, 2]",F1,71001,73103,BASE,FH20R1_S1_S_PLH_W104_D122_WV3_TF1_TS71001_SS73103_BASE_FRESH50_v1,73103,FH12_S1_T_P0_W112_D123_WV3_S71001_FRESH50_v1,P0,config/FH20R1_S1_S_PLH_W104_D122_WV3_TF1_TS71001_SS73103_BASE_FRESH50_v1.yaml,TRAIN,ALWAYS
s1,S,CORE,FH20R1_S1_B03,PLH,104,"[1, 2, 2]",F1,71001,73103,A10,FH20R1_S1_S_PLH_W104_D122_WV3_TF1_TS71001_SS73103_A10_FRESH50_v1,73103,FH12_S1_T_P0_W112_D123_WV3_S71001_FRESH50_v1,P0,config/FH20R1_S1_S_PLH_W104_D122_WV3_TF1_TS71001_SS73103_A10_FRESH50_v1.yaml,TRAIN,S1_A_SUPPORT
s1,S,CORE,FH20R1_S1_B03,PLH,104,"[1, 2, 1]",F1,71001,73103,BASE,FH20R1_S1_S_PLH_W104_D121_WV3_TF1_TS71001_SS73103_BASE_FRESH50_v1,73103,FH12_S1_T_P0_W112_D123_WV3_S71001_FRESH50_v1,P0,config/FH20R1_S1_S_PLH_W104_D121_WV3_TF1_TS71001_SS73103_BASE_FRESH50_v1.yaml,TRAIN,S1_NO_A_SUPPORT_OR_INCONCLUSIVE
s1,S,CORE,FH20R1_S1_B04,PLH,104,"[1, 2, 2]",F1,71001,73104,BASE,FH20R1_S1_S_PLH_W104_D122_WV3_TF1_TS71001_SS73104_BASE_FRESH50_v1,73104,FH12_S1_T_P0_W112_D123_WV3_S71001_FRESH50_v1,P0,config/FH20R1_S1_S_PLH_W104_D122_WV3_TF1_TS71001_SS73104_BASE_FRESH50_v1.yaml,TRAIN,ALWAYS
s1,S,CORE,FH20R1_S1_B04,PLH,104,"[1, 2, 2]",F1,71001,73104,A10,FH20R1_S1_S_PLH_W104_D122_WV3_TF1_TS71001_SS73104_A10_FRESH50_v1,73104,FH12_S1_T_P0_W112_D123_WV3_S71001_FRESH50_v1,P0,config/FH20R1_S1_S_PLH_W104_D122_WV3_TF1_TS71001_SS73104_A10_FRESH50_v1.yaml,TRAIN,S1_A_SUPPORT
s1,S,CORE,FH20R1_S1_B04,PLH,104,"[1, 2, 1]",F1,71001,73104,BASE,FH20R1_S1_S_PLH_W104_D121_WV3_TF1_TS71001_SS73104_BASE_FRESH50_v1,73104,FH12_S1_T_P0_W112_D123_WV3_S71001_FRESH50_v1,P0,config/FH20R1_S1_S_PLH_W104_D121_WV3_TF1_TS71001_SS73104_BASE_FRESH50_v1.yaml,TRAIN,S1_NO_A_SUPPORT_OR_INCONCLUSIVE
s1,S,CORE,FH20R1_S1_B05,PLH,104,"[1, 2, 2]",F1,71001,73105,BASE,FH20R1_S1_S_PLH_W104_D122_WV3_TF1_TS71001_SS73105_BASE_FRESH50_v1,73105,FH12_S1_T_P0_W112_D123_WV3_S71001_FRESH50_v1,P0,config/FH20R1_S1_S_PLH_W104_D122_WV3_TF1_TS71001_SS73105_BASE_FRESH50_v1.yaml,TRAIN,ALWAYS
s1,S,CORE,FH20R1_S1_B05,PLH,104,"[1, 2, 2]",F1,71001,73105,A10,FH20R1_S1_S_PLH_W104_D122_WV3_TF1_TS71001_SS73105_A10_FRESH50_v1,73105,FH12_S1_T_P0_W112_D123_WV3_S71001_FRESH50_v1,P0,config/FH20R1_S1_S_PLH_W104_D122_WV3_TF1_TS71001_SS73105_A10_FRESH50_v1.yaml,TRAIN,S1_A_SUPPORT
s1,S,CORE,FH20R1_S1_B05,PLH,104,"[1, 2, 1]",F1,71001,73105,BASE,FH20R1_S1_S_PLH_W104_D121_WV3_TF1_TS71001_SS73105_BASE_FRESH50_v1,73105,FH12_S1_T_P0_W112_D123_WV3_S71001_FRESH50_v1,P0,config/FH20R1_S1_S_PLH_W104_D121_WV3_TF1_TS71001_SS73105_BASE_FRESH50_v1.yaml,TRAIN,S1_NO_A_SUPPORT_OR_INCONCLUSIVE
s1,S,CORE,FH20R1_S1_B06,PLH,104,"[1, 2, 2]",F1,71001,73106,BASE,FH20R1_S1_S_PLH_W104_D122_WV3_TF1_TS71001_SS73106_BASE_FRESH50_v1,73106,FH12_S1_T_P0_W112_D123_WV3_S71001_FRESH50_v1,P0,config/FH20R1_S1_S_PLH_W104_D122_WV3_TF1_TS71001_SS73106_BASE_FRESH50_v1.yaml,TRAIN,ALWAYS
s1,S,CORE,FH20R1_S1_B06,PLH,104,"[1, 2, 2]",F1,71001,73106,A10,FH20R1_S1_S_PLH_W104_D122_WV3_TF1_TS71001_SS73106_A10_FRESH50_v1,73106,FH12_S1_T_P0_W112_D123_WV3_S71001_FRESH50_v1,P0,config/FH20R1_S1_S_PLH_W104_D122_WV3_TF1_TS71001_SS73106_A10_FRESH50_v1.yaml,TRAIN,S1_A_SUPPORT
s1,S,CORE,FH20R1_S1_B06,PLH,104,"[1, 2, 1]",F1,71001,73106,BASE,FH20R1_S1_S_PLH_W104_D121_WV3_TF1_TS71001_SS73106_BASE_FRESH50_v1,73106,FH12_S1_T_P0_W112_D123_WV3_S71001_FRESH50_v1,P0,config/FH20R1_S1_S_PLH_W104_D121_WV3_TF1_TS71001_SS73106_BASE_FRESH50_v1.yaml,TRAIN,S1_NO_A_SUPPORT_OR_INCONCLUSIVE
s1,S,CORE,FH20R1_S1_B07,PLH,104,"[1, 2, 2]",F1,71001,73107,BASE,FH20R1_S1_S_PLH_W104_D122_WV3_TF1_TS71001_SS73107_BASE_FRESH50_v1,73107,FH12_S1_T_P0_W112_D123_WV3_S71001_FRESH50_v1,P0,config/FH20R1_S1_S_PLH_W104_D122_WV3_TF1_TS71001_SS73107_BASE_FRESH50_v1.yaml,TRAIN,ALWAYS
s1,S,CORE,FH20R1_S1_B07,PLH,104,"[1, 2, 2]",F1,71001,73107,A10,FH20R1_S1_S_PLH_W104_D122_WV3_TF1_TS71001_SS73107_A10_FRESH50_v1,73107,FH12_S1_T_P0_W112_D123_WV3_S71001_FRESH50_v1,P0,config/FH20R1_S1_S_PLH_W104_D122_WV3_TF1_TS71001_SS73107_A10_FRESH50_v1.yaml,TRAIN,S1_A_SUPPORT
s1,S,CORE,FH20R1_S1_B07,PLH,104,"[1, 2, 1]",F1,71001,73107,BASE,FH20R1_S1_S_PLH_W104_D121_WV3_TF1_TS71001_SS73107_BASE_FRESH50_v1,73107,FH12_S1_T_P0_W112_D123_WV3_S71001_FRESH50_v1,P0,config/FH20R1_S1_S_PLH_W104_D121_WV3_TF1_TS71001_SS73107_BASE_FRESH50_v1.yaml,TRAIN,S1_NO_A_SUPPORT_OR_INCONCLUSIVE
s1,S,RESERVE,FH20R1_S1_B08,PLH,104,"[1, 2, 2]",F1,71001,73108,BASE,FH20R1_S1_S_PLH_W104_D122_WV3_TF1_TS71001_SS73108_BASE_FRESH50_v1,73108,FH12_S1_T_P0_W112_D123_WV3_S71001_FRESH50_v1,P0,config/FH20R1_S1_S_PLH_W104_D122_WV3_TF1_TS71001_SS73108_BASE_FRESH50_v1.yaml,TRAIN,ALWAYS
s1,S,RESERVE,FH20R1_S1_B08,PLH,104,"[1, 2, 2]",F1,71001,73108,A10,FH20R1_S1_S_PLH_W104_D122_WV3_TF1_TS71001_SS73108_A10_FRESH50_v1,73108,FH12_S1_T_P0_W112_D123_WV3_S71001_FRESH50_v1,P0,config/FH20R1_S1_S_PLH_W104_D122_WV3_TF1_TS71001_SS73108_A10_FRESH50_v1.yaml,TRAIN,S1_A_SUPPORT
s1,S,RESERVE,FH20R1_S1_B08,PLH,104,"[1, 2, 1]",F1,71001,73108,BASE,FH20R1_S1_S_PLH_W104_D121_WV3_TF1_TS71001_SS73108_BASE_FRESH50_v1,73108,FH12_S1_T_P0_W112_D123_WV3_S71001_FRESH50_v1,P0,config/FH20R1_S1_S_PLH_W104_D121_WV3_TF1_TS71001_SS73108_BASE_FRESH50_v1.yaml,TRAIN,S1_NO_A_SUPPORT_OR_INCONCLUSIVE
s1,S,RESERVE,FH20R1_S1_B09,PLH,104,"[1, 2, 2]",F1,71001,73109,BASE,FH20R1_S1_S_PLH_W104_D122_WV3_TF1_TS71001_SS73109_BASE_FRESH50_v1,73109,FH12_S1_T_P0_W112_D123_WV3_S71001_FRESH50_v1,P0,config/FH20R1_S1_S_PLH_W104_D122_WV3_TF1_TS71001_SS73109_BASE_FRESH50_v1.yaml,TRAIN,ALWAYS
s1,S,RESERVE,FH20R1_S1_B09,PLH,104,"[1, 2, 2]",F1,71001,73109,A10,FH20R1_S1_S_PLH_W104_D122_WV3_TF1_TS71001_SS73109_A10_FRESH50_v1,73109,FH12_S1_T_P0_W112_D123_WV3_S71001_FRESH50_v1,P0,config/FH20R1_S1_S_PLH_W104_D122_WV3_TF1_TS71001_SS73109_A10_FRESH50_v1.yaml,TRAIN,S1_A_SUPPORT
s1,S,RESERVE,FH20R1_S1_B09,PLH,104,"[1, 2, 1]",F1,71001,73109,BASE,FH20R1_S1_S_PLH_W104_D121_WV3_TF1_TS71001_SS73109_BASE_FRESH50_v1,73109,FH12_S1_T_P0_W112_D123_WV3_S71001_FRESH50_v1,P0,config/FH20R1_S1_S_PLH_W104_D121_WV3_TF1_TS71001_SS73109_BASE_FRESH50_v1.yaml,TRAIN,S1_NO_A_SUPPORT_OR_INCONCLUSIVE
s1,S,RESERVE,FH20R1_S1_B10,PLH,104,"[1, 2, 2]",F1,71001,73110,BASE,FH20R1_S1_S_PLH_W104_D122_WV3_TF1_TS71001_SS73110_BASE_FRESH50_v1,73110,FH12_S1_T_P0_W112_D123_WV3_S71001_FRESH50_v1,P0,config/FH20R1_S1_S_PLH_W104_D122_WV3_TF1_TS71001_SS73110_BASE_FRESH50_v1.yaml,TRAIN,ALWAYS
s1,S,RESERVE,FH20R1_S1_B10,PLH,104,"[1, 2, 2]",F1,71001,73110,A10,FH20R1_S1_S_PLH_W104_D122_WV3_TF1_TS71001_SS73110_A10_FRESH50_v1,73110,FH12_S1_T_P0_W112_D123_WV3_S71001_FRESH50_v1,P0,config/FH20R1_S1_S_PLH_W104_D122_WV3_TF1_TS71001_SS73110_A10_FRESH50_v1.yaml,TRAIN,S1_A_SUPPORT
s1,S,RESERVE,FH20R1_S1_B10,PLH,104,"[1, 2, 1]",F1,71001,73110,BASE,FH20R1_S1_S_PLH_W104_D121_WV3_TF1_TS71001_SS73110_BASE_FRESH50_v1,73110,FH12_S1_T_P0_W112_D123_WV3_S71001_FRESH50_v1,P0,config/FH20R1_S1_S_PLH_W104_D121_WV3_TF1_TS71001_SS73110_BASE_FRESH50_v1.yaml,TRAIN,S1_NO_A_SUPPORT_OR_INCONCLUSIVE
s1,S,RESERVE,FH20R1_S1_B11,PLH,104,"[1, 2, 2]",F1,71001,73111,BASE,FH20R1_S1_S_PLH_W104_D122_WV3_TF1_TS71001_SS73111_BASE_FRESH50_v1,73111,FH12_S1_T_P0_W112_D123_WV3_S71001_FRESH50_v1,P0,config/FH20R1_S1_S_PLH_W104_D122_WV3_TF1_TS71001_SS73111_BASE_FRESH50_v1.yaml,TRAIN,ALWAYS
s1,S,RESERVE,FH20R1_S1_B11,PLH,104,"[1, 2, 2]",F1,71001,73111,A10,FH20R1_S1_S_PLH_W104_D122_WV3_TF1_TS71001_SS73111_A10_FRESH50_v1,73111,FH12_S1_T_P0_W112_D123_WV3_S71001_FRESH50_v1,P0,config/FH20R1_S1_S_PLH_W104_D122_WV3_TF1_TS71001_SS73111_A10_FRESH50_v1.yaml,TRAIN,S1_A_SUPPORT
s1,S,RESERVE,FH20R1_S1_B11,PLH,104,"[1, 2, 1]",F1,71001,73111,BASE,FH20R1_S1_S_PLH_W104_D121_WV3_TF1_TS71001_SS73111_BASE_FRESH50_v1,73111,FH12_S1_T_P0_W112_D123_WV3_S71001_FRESH50_v1,P0,config/FH20R1_S1_S_PLH_W104_D121_WV3_TF1_TS71001_SS73111_BASE_FRESH50_v1.yaml,TRAIN,S1_NO_A_SUPPORT_OR_INCONCLUSIVE
s2,T,CORE,FH20R1_S2_TEACHER_PREP,PL,112,"[1, 2, 3]",N2PL,71001,,N2INIT,FH20R1_S2_T_PL_W112_D123_WV3_TS71001_N2INIT50_v1,71001,FH20R1_S2_T_PL_W112_D123_WV3_TS71001_N2INIT50_v1,PL,config/FH20R1_S2_T_PL_W112_D123_WV3_TS71001_N2INIT50_v1.yaml,TRAIN,S2_DONOR_VERIFIED
s2,S,CORE,FH20R1_S2_B01,PL,104,"[1, 2, 2]",F2,71001,72001,BASE,FH20R1_S2_S_PL_W104_D122_WV3_TF2_TS71001_SS72001_BASE_FRESH50_v1,72001,FH12_S2_T_PL_W112_D123_WV3_S71001_FRESH50_v1,PL,config/FH20R1_S2_S_PL_W104_D122_WV3_TF2_TS71001_SS72001_BASE_FRESH50_v1.yaml,TRAIN,ALWAYS
s2,S,CORE,FH20R1_S2_B01,PL,104,"[1, 2, 2]",N2PL,71001,72001,BASE,FH20R1_S2_S_PL_W104_D122_WV3_TN2PL_TS71001_SS72001_BASE_FRESH50_v1,72001,FH20R1_S2_T_PL_W112_D123_WV3_TS71001_N2INIT50_v1,PL,config/FH20R1_S2_S_PL_W104_D122_WV3_TN2PL_TS71001_SS72001_BASE_FRESH50_v1.yaml,TRAIN,S2_N2PL_REFERENCE_READY
s2,S,CORE,FH20R1_S2_B01,PLH,104,"[1, 2, 2]",F2,71001,72001,BASE,FH20R1_S2_S_PLH_W104_D122_WV3_TF2_TS71001_SS72001_BASE_FRESH50_v1,72001,FH12_S2_T_PL_W112_D123_WV3_S71001_FRESH50_v1,PL,config/FH20R1_S2_S_PLH_W104_D122_WV3_TF2_TS71001_SS72001_BASE_FRESH50_v1.yaml,TRAIN,S2_DONOR_OR_REFERENCE_UNAVAILABLE
s2,S,CORE,FH20R1_S2_B02,PL,104,"[1, 2, 2]",F2,71001,73201,BASE,FH20R1_S2_S_PL_W104_D122_WV3_TF2_TS71001_SS73201_BASE_FRESH50_v1,73201,FH12_S2_T_PL_W112_D123_WV3_S71001_FRESH50_v1,PL,config/FH20R1_S2_S_PL_W104_D122_WV3_TF2_TS71001_SS73201_BASE_FRESH50_v1.yaml,TRAIN,ALWAYS
s2,S,CORE,FH20R1_S2_B02,PL,104,"[1, 2, 2]",N2PL,71001,73201,BASE,FH20R1_S2_S_PL_W104_D122_WV3_TN2PL_TS71001_SS73201_BASE_FRESH50_v1,73201,FH20R1_S2_T_PL_W112_D123_WV3_TS71001_N2INIT50_v1,PL,config/FH20R1_S2_S_PL_W104_D122_WV3_TN2PL_TS71001_SS73201_BASE_FRESH50_v1.yaml,TRAIN,S2_N2PL_REFERENCE_READY
s2,S,CORE,FH20R1_S2_B02,PLH,104,"[1, 2, 2]",F2,71001,73201,BASE,FH20R1_S2_S_PLH_W104_D122_WV3_TF2_TS71001_SS73201_BASE_FRESH50_v1,73201,FH12_S2_T_PL_W112_D123_WV3_S71001_FRESH50_v1,PL,config/FH20R1_S2_S_PLH_W104_D122_WV3_TF2_TS71001_SS73201_BASE_FRESH50_v1.yaml,TRAIN,S2_DONOR_OR_REFERENCE_UNAVAILABLE
s2,S,CORE,FH20R1_S2_B03,PL,104,"[1, 2, 2]",F2,71001,73202,BASE,FH20R1_S2_S_PL_W104_D122_WV3_TF2_TS71001_SS73202_BASE_FRESH50_v1,73202,FH12_S2_T_PL_W112_D123_WV3_S71001_FRESH50_v1,PL,config/FH20R1_S2_S_PL_W104_D122_WV3_TF2_TS71001_SS73202_BASE_FRESH50_v1.yaml,TRAIN,ALWAYS
s2,S,CORE,FH20R1_S2_B03,PL,104,"[1, 2, 2]",N2PL,71001,73202,BASE,FH20R1_S2_S_PL_W104_D122_WV3_TN2PL_TS71001_SS73202_BASE_FRESH50_v1,73202,FH20R1_S2_T_PL_W112_D123_WV3_TS71001_N2INIT50_v1,PL,config/FH20R1_S2_S_PL_W104_D122_WV3_TN2PL_TS71001_SS73202_BASE_FRESH50_v1.yaml,TRAIN,S2_N2PL_REFERENCE_READY
s2,S,CORE,FH20R1_S2_B03,PLH,104,"[1, 2, 2]",F2,71001,73202,BASE,FH20R1_S2_S_PLH_W104_D122_WV3_TF2_TS71001_SS73202_BASE_FRESH50_v1,73202,FH12_S2_T_PL_W112_D123_WV3_S71001_FRESH50_v1,PL,config/FH20R1_S2_S_PLH_W104_D122_WV3_TF2_TS71001_SS73202_BASE_FRESH50_v1.yaml,TRAIN,S2_DONOR_OR_REFERENCE_UNAVAILABLE
s2,S,CORE,FH20R1_S2_B04,PL,104,"[1, 2, 2]",F2,71001,73203,BASE,FH20R1_S2_S_PL_W104_D122_WV3_TF2_TS71001_SS73203_BASE_FRESH50_v1,73203,FH12_S2_T_PL_W112_D123_WV3_S71001_FRESH50_v1,PL,config/FH20R1_S2_S_PL_W104_D122_WV3_TF2_TS71001_SS73203_BASE_FRESH50_v1.yaml,TRAIN,ALWAYS
s2,S,CORE,FH20R1_S2_B04,PL,104,"[1, 2, 2]",N2PL,71001,73203,BASE,FH20R1_S2_S_PL_W104_D122_WV3_TN2PL_TS71001_SS73203_BASE_FRESH50_v1,73203,FH20R1_S2_T_PL_W112_D123_WV3_TS71001_N2INIT50_v1,PL,config/FH20R1_S2_S_PL_W104_D122_WV3_TN2PL_TS71001_SS73203_BASE_FRESH50_v1.yaml,TRAIN,S2_N2PL_REFERENCE_READY
s2,S,CORE,FH20R1_S2_B04,PLH,104,"[1, 2, 2]",F2,71001,73203,BASE,FH20R1_S2_S_PLH_W104_D122_WV3_TF2_TS71001_SS73203_BASE_FRESH50_v1,73203,FH12_S2_T_PL_W112_D123_WV3_S71001_FRESH50_v1,PL,config/FH20R1_S2_S_PLH_W104_D122_WV3_TF2_TS71001_SS73203_BASE_FRESH50_v1.yaml,TRAIN,S2_DONOR_OR_REFERENCE_UNAVAILABLE
s2,S,CORE,FH20R1_S2_B05,PL,104,"[1, 2, 2]",F2,71001,73204,BASE,FH20R1_S2_S_PL_W104_D122_WV3_TF2_TS71001_SS73204_BASE_FRESH50_v1,73204,FH12_S2_T_PL_W112_D123_WV3_S71001_FRESH50_v1,PL,config/FH20R1_S2_S_PL_W104_D122_WV3_TF2_TS71001_SS73204_BASE_FRESH50_v1.yaml,TRAIN,ALWAYS
s2,S,CORE,FH20R1_S2_B05,PL,104,"[1, 2, 2]",N2PL,71001,73204,BASE,FH20R1_S2_S_PL_W104_D122_WV3_TN2PL_TS71001_SS73204_BASE_FRESH50_v1,73204,FH20R1_S2_T_PL_W112_D123_WV3_TS71001_N2INIT50_v1,PL,config/FH20R1_S2_S_PL_W104_D122_WV3_TN2PL_TS71001_SS73204_BASE_FRESH50_v1.yaml,TRAIN,S2_N2PL_REFERENCE_READY
s2,S,CORE,FH20R1_S2_B05,PLH,104,"[1, 2, 2]",F2,71001,73204,BASE,FH20R1_S2_S_PLH_W104_D122_WV3_TF2_TS71001_SS73204_BASE_FRESH50_v1,73204,FH12_S2_T_PL_W112_D123_WV3_S71001_FRESH50_v1,PL,config/FH20R1_S2_S_PLH_W104_D122_WV3_TF2_TS71001_SS73204_BASE_FRESH50_v1.yaml,TRAIN,S2_DONOR_OR_REFERENCE_UNAVAILABLE
s2,S,RESERVE,FH20R1_S2_B06,PL,104,"[1, 2, 2]",F2,71001,73205,BASE,FH20R1_S2_S_PL_W104_D122_WV3_TF2_TS71001_SS73205_BASE_FRESH50_v1,73205,FH12_S2_T_PL_W112_D123_WV3_S71001_FRESH50_v1,PL,config/FH20R1_S2_S_PL_W104_D122_WV3_TF2_TS71001_SS73205_BASE_FRESH50_v1.yaml,TRAIN,ALWAYS
s2,S,RESERVE,FH20R1_S2_B06,PL,104,"[1, 2, 2]",N2PL,71001,73205,BASE,FH20R1_S2_S_PL_W104_D122_WV3_TN2PL_TS71001_SS73205_BASE_FRESH50_v1,73205,FH20R1_S2_T_PL_W112_D123_WV3_TS71001_N2INIT50_v1,PL,config/FH20R1_S2_S_PL_W104_D122_WV3_TN2PL_TS71001_SS73205_BASE_FRESH50_v1.yaml,TRAIN,S2_N2PL_REFERENCE_READY
s2,S,RESERVE,FH20R1_S2_B06,PLH,104,"[1, 2, 2]",F2,71001,73205,BASE,FH20R1_S2_S_PLH_W104_D122_WV3_TF2_TS71001_SS73205_BASE_FRESH50_v1,73205,FH12_S2_T_PL_W112_D123_WV3_S71001_FRESH50_v1,PL,config/FH20R1_S2_S_PLH_W104_D122_WV3_TF2_TS71001_SS73205_BASE_FRESH50_v1.yaml,TRAIN,S2_DONOR_OR_REFERENCE_UNAVAILABLE
s2,S,RESERVE,FH20R1_S2_B07,PL,104,"[1, 2, 2]",F2,71001,73206,BASE,FH20R1_S2_S_PL_W104_D122_WV3_TF2_TS71001_SS73206_BASE_FRESH50_v1,73206,FH12_S2_T_PL_W112_D123_WV3_S71001_FRESH50_v1,PL,config/FH20R1_S2_S_PL_W104_D122_WV3_TF2_TS71001_SS73206_BASE_FRESH50_v1.yaml,TRAIN,ALWAYS
s2,S,RESERVE,FH20R1_S2_B07,PL,104,"[1, 2, 2]",N2PL,71001,73206,BASE,FH20R1_S2_S_PL_W104_D122_WV3_TN2PL_TS71001_SS73206_BASE_FRESH50_v1,73206,FH20R1_S2_T_PL_W112_D123_WV3_TS71001_N2INIT50_v1,PL,config/FH20R1_S2_S_PL_W104_D122_WV3_TN2PL_TS71001_SS73206_BASE_FRESH50_v1.yaml,TRAIN,S2_N2PL_REFERENCE_READY
s2,S,RESERVE,FH20R1_S2_B07,PLH,104,"[1, 2, 2]",F2,71001,73206,BASE,FH20R1_S2_S_PLH_W104_D122_WV3_TF2_TS71001_SS73206_BASE_FRESH50_v1,73206,FH12_S2_T_PL_W112_D123_WV3_S71001_FRESH50_v1,PL,config/FH20R1_S2_S_PLH_W104_D122_WV3_TF2_TS71001_SS73206_BASE_FRESH50_v1.yaml,TRAIN,S2_DONOR_OR_REFERENCE_UNAVAILABLE
s2,S,RESERVE,FH20R1_S2_B08,PL,104,"[1, 2, 2]",F2,71001,73207,BASE,FH20R1_S2_S_PL_W104_D122_WV3_TF2_TS71001_SS73207_BASE_FRESH50_v1,73207,FH12_S2_T_PL_W112_D123_WV3_S71001_FRESH50_v1,PL,config/FH20R1_S2_S_PL_W104_D122_WV3_TF2_TS71001_SS73207_BASE_FRESH50_v1.yaml,TRAIN,ALWAYS
s2,S,RESERVE,FH20R1_S2_B08,PL,104,"[1, 2, 2]",N2PL,71001,73207,BASE,FH20R1_S2_S_PL_W104_D122_WV3_TN2PL_TS71001_SS73207_BASE_FRESH50_v1,73207,FH20R1_S2_T_PL_W112_D123_WV3_TS71001_N2INIT50_v1,PL,config/FH20R1_S2_S_PL_W104_D122_WV3_TN2PL_TS71001_SS73207_BASE_FRESH50_v1.yaml,TRAIN,S2_N2PL_REFERENCE_READY
s2,S,RESERVE,FH20R1_S2_B08,PLH,104,"[1, 2, 2]",F2,71001,73207,BASE,FH20R1_S2_S_PLH_W104_D122_WV3_TF2_TS71001_SS73207_BASE_FRESH50_v1,73207,FH12_S2_T_PL_W112_D123_WV3_S71001_FRESH50_v1,PL,config/FH20R1_S2_S_PLH_W104_D122_WV3_TF2_TS71001_SS73207_BASE_FRESH50_v1.yaml,TRAIN,S2_DONOR_OR_REFERENCE_UNAVAILABLE
s2,S,RESERVE,FH20R1_S2_B09,PL,104,"[1, 2, 2]",F2,71001,73208,BASE,FH20R1_S2_S_PL_W104_D122_WV3_TF2_TS71001_SS73208_BASE_FRESH50_v1,73208,FH12_S2_T_PL_W112_D123_WV3_S71001_FRESH50_v1,PL,config/FH20R1_S2_S_PL_W104_D122_WV3_TF2_TS71001_SS73208_BASE_FRESH50_v1.yaml,TRAIN,ALWAYS
s2,S,RESERVE,FH20R1_S2_B09,PL,104,"[1, 2, 2]",N2PL,71001,73208,BASE,FH20R1_S2_S_PL_W104_D122_WV3_TN2PL_TS71001_SS73208_BASE_FRESH50_v1,73208,FH20R1_S2_T_PL_W112_D123_WV3_TS71001_N2INIT50_v1,PL,config/FH20R1_S2_S_PL_W104_D122_WV3_TN2PL_TS71001_SS73208_BASE_FRESH50_v1.yaml,TRAIN,S2_N2PL_REFERENCE_READY
s2,S,RESERVE,FH20R1_S2_B09,PLH,104,"[1, 2, 2]",F2,71001,73208,BASE,FH20R1_S2_S_PLH_W104_D122_WV3_TF2_TS71001_SS73208_BASE_FRESH50_v1,73208,FH12_S2_T_PL_W112_D123_WV3_S71001_FRESH50_v1,PL,config/FH20R1_S2_S_PLH_W104_D122_WV3_TF2_TS71001_SS73208_BASE_FRESH50_v1.yaml,TRAIN,S2_DONOR_OR_REFERENCE_UNAVAILABLE
s3,S,CORE,FH20R1_S3_B01,PH,104,"[1, 2, 1]",F3,71001,72002,BASE,FH20R1_S3_S_PH_W104_D121_WV3_TF3_TS71001_SS72002_BASE_FRESH50_v1,72002,FH12_S3_T_PH_W112_D123_WV3_S71001_FRESH50_v1,PH,config/FH20R1_S3_S_PH_W104_D121_WV3_TF3_TS71001_SS72002_BASE_FRESH50_v1.yaml,TRAIN,ALWAYS
s3,S,CORE,FH20R1_S3_B01,PH,104,"[1, 2, 2]",F3,71001,72002,BASE,FH20R1_S3_S_PH_W104_D122_WV3_TF3_TS71001_SS72002_BASE_FRESH50_v1,72002,FH12_S3_T_PH_W112_D123_WV3_S71001_FRESH50_v1,PH,config/FH20R1_S3_S_PH_W104_D122_WV3_TF3_TS71001_SS72002_BASE_FRESH50_v1.yaml,TRAIN,ALWAYS
s3,S,CORE,FH20R1_S3_B02,PH,104,"[1, 2, 1]",F3,71001,73301,BASE,FH20R1_S3_S_PH_W104_D121_WV3_TF3_TS71001_SS73301_BASE_FRESH50_v1,73301,FH12_S3_T_PH_W112_D123_WV3_S71001_FRESH50_v1,PH,config/FH20R1_S3_S_PH_W104_D121_WV3_TF3_TS71001_SS73301_BASE_FRESH50_v1.yaml,TRAIN,ALWAYS
s3,S,CORE,FH20R1_S3_B02,PH,104,"[1, 2, 2]",F3,71001,73301,BASE,FH20R1_S3_S_PH_W104_D122_WV3_TF3_TS71001_SS73301_BASE_FRESH50_v1,73301,FH12_S3_T_PH_W112_D123_WV3_S71001_FRESH50_v1,PH,config/FH20R1_S3_S_PH_W104_D122_WV3_TF3_TS71001_SS73301_BASE_FRESH50_v1.yaml,TRAIN,ALWAYS
s3,S,CORE,FH20R1_S3_B03,PH,104,"[1, 2, 1]",F3,71001,73302,BASE,FH20R1_S3_S_PH_W104_D121_WV3_TF3_TS71001_SS73302_BASE_FRESH50_v1,73302,FH12_S3_T_PH_W112_D123_WV3_S71001_FRESH50_v1,PH,config/FH20R1_S3_S_PH_W104_D121_WV3_TF3_TS71001_SS73302_BASE_FRESH50_v1.yaml,TRAIN,ALWAYS
s3,S,CORE,FH20R1_S3_B03,PH,104,"[1, 2, 2]",F3,71001,73302,BASE,FH20R1_S3_S_PH_W104_D122_WV3_TF3_TS71001_SS73302_BASE_FRESH50_v1,73302,FH12_S3_T_PH_W112_D123_WV3_S71001_FRESH50_v1,PH,config/FH20R1_S3_S_PH_W104_D122_WV3_TF3_TS71001_SS73302_BASE_FRESH50_v1.yaml,TRAIN,ALWAYS
s3,S,CORE,FH20R1_S3_B04,PH,104,"[1, 2, 1]",F3,71001,73303,BASE,FH20R1_S3_S_PH_W104_D121_WV3_TF3_TS71001_SS73303_BASE_FRESH50_v1,73303,FH12_S3_T_PH_W112_D123_WV3_S71001_FRESH50_v1,PH,config/FH20R1_S3_S_PH_W104_D121_WV3_TF3_TS71001_SS73303_BASE_FRESH50_v1.yaml,TRAIN,ALWAYS
s3,S,CORE,FH20R1_S3_B04,PH,104,"[1, 2, 2]",F3,71001,73303,BASE,FH20R1_S3_S_PH_W104_D122_WV3_TF3_TS71001_SS73303_BASE_FRESH50_v1,73303,FH12_S3_T_PH_W112_D123_WV3_S71001_FRESH50_v1,PH,config/FH20R1_S3_S_PH_W104_D122_WV3_TF3_TS71001_SS73303_BASE_FRESH50_v1.yaml,TRAIN,ALWAYS
s3,S,CORE,FH20R1_S3_B05,PH,104,"[1, 2, 1]",F3,71001,73304,BASE,FH20R1_S3_S_PH_W104_D121_WV3_TF3_TS71001_SS73304_BASE_FRESH50_v1,73304,FH12_S3_T_PH_W112_D123_WV3_S71001_FRESH50_v1,PH,config/FH20R1_S3_S_PH_W104_D121_WV3_TF3_TS71001_SS73304_BASE_FRESH50_v1.yaml,TRAIN,ALWAYS
s3,S,CORE,FH20R1_S3_B05,PH,104,"[1, 2, 2]",F3,71001,73304,BASE,FH20R1_S3_S_PH_W104_D122_WV3_TF3_TS71001_SS73304_BASE_FRESH50_v1,73304,FH12_S3_T_PH_W112_D123_WV3_S71001_FRESH50_v1,PH,config/FH20R1_S3_S_PH_W104_D122_WV3_TF3_TS71001_SS73304_BASE_FRESH50_v1.yaml,TRAIN,ALWAYS
s3,S,CORE,FH20R1_S3_B06,PH,104,"[1, 2, 2]",F3,71001,73305,BASE,FH20R1_S3_S_PH_W104_D122_WV3_TF3_TS71001_SS73305_BASE_FRESH50_v1,73305,FH12_S3_T_PH_W112_D123_WV3_S71001_FRESH50_v1,PH,config/FH20R1_S3_S_PH_W104_D122_WV3_TF3_TS71001_SS73305_BASE_FRESH50_v1.yaml,TRAIN,ALWAYS
s3,S,CORE,FH20R1_S3_B06,PH,112,"[1, 2, 2]",F3,71001,73305,BASE,FH20R1_S3_S_PH_W112_D122_WV3_TF3_TS71001_SS73305_BASE_FRESH50_v1,73305,FH12_S3_T_PH_W112_D123_WV3_S71001_FRESH50_v1,PH,config/FH20R1_S3_S_PH_W112_D122_WV3_TF3_TS71001_SS73305_BASE_FRESH50_v1.yaml,TRAIN,ALWAYS
s3,S,CORE,FH20R1_S3_B07,PH,104,"[1, 2, 2]",F3,71001,73306,BASE,FH20R1_S3_S_PH_W104_D122_WV3_TF3_TS71001_SS73306_BASE_FRESH50_v1,73306,FH12_S3_T_PH_W112_D123_WV3_S71001_FRESH50_v1,PH,config/FH20R1_S3_S_PH_W104_D122_WV3_TF3_TS71001_SS73306_BASE_FRESH50_v1.yaml,TRAIN,ALWAYS
s3,S,CORE,FH20R1_S3_B07,PH,112,"[1, 2, 2]",F3,71001,73306,BASE,FH20R1_S3_S_PH_W112_D122_WV3_TF3_TS71001_SS73306_BASE_FRESH50_v1,73306,FH12_S3_T_PH_W112_D123_WV3_S71001_FRESH50_v1,PH,config/FH20R1_S3_S_PH_W112_D122_WV3_TF3_TS71001_SS73306_BASE_FRESH50_v1.yaml,TRAIN,ALWAYS
s3,S,CORE,FH20R1_S3_B08,PH,104,"[1, 2, 2]",F3,71001,73307,BASE,FH20R1_S3_S_PH_W104_D122_WV3_TF3_TS71001_SS73307_BASE_FRESH50_v1,73307,FH12_S3_T_PH_W112_D123_WV3_S71001_FRESH50_v1,PH,config/FH20R1_S3_S_PH_W104_D122_WV3_TF3_TS71001_SS73307_BASE_FRESH50_v1.yaml,TRAIN,ALWAYS
s3,S,CORE,FH20R1_S3_B08,PH,112,"[1, 2, 2]",F3,71001,73307,BASE,FH20R1_S3_S_PH_W112_D122_WV3_TF3_TS71001_SS73307_BASE_FRESH50_v1,73307,FH12_S3_T_PH_W112_D123_WV3_S71001_FRESH50_v1,PH,config/FH20R1_S3_S_PH_W112_D122_WV3_TF3_TS71001_SS73307_BASE_FRESH50_v1.yaml,TRAIN,ALWAYS
s3,S,CORE,FH20R1_S3_B09,PH,104,"[1, 2, 2]",F3,71001,73308,BASE,FH20R1_S3_S_PH_W104_D122_WV3_TF3_TS71001_SS73308_BASE_FRESH50_v1,73308,FH12_S3_T_PH_W112_D123_WV3_S71001_FRESH50_v1,PH,config/FH20R1_S3_S_PH_W104_D122_WV3_TF3_TS71001_SS73308_BASE_FRESH50_v1.yaml,TRAIN,ALWAYS
s3,S,CORE,FH20R1_S3_B09,PH,112,"[1, 2, 2]",F3,71001,73308,BASE,FH20R1_S3_S_PH_W112_D122_WV3_TF3_TS71001_SS73308_BASE_FRESH50_v1,73308,FH12_S3_T_PH_W112_D123_WV3_S71001_FRESH50_v1,PH,config/FH20R1_S3_S_PH_W112_D122_WV3_TF3_TS71001_SS73308_BASE_FRESH50_v1.yaml,TRAIN,ALWAYS
s3,S,CORE,FH20R1_S3_B10,PH,104,"[1, 2, 2]",F3,71001,73309,BASE,FH20R1_S3_S_PH_W104_D122_WV3_TF3_TS71001_SS73309_BASE_FRESH50_v1,73309,FH12_S3_T_PH_W112_D123_WV3_S71001_FRESH50_v1,PH,config/FH20R1_S3_S_PH_W104_D122_WV3_TF3_TS71001_SS73309_BASE_FRESH50_v1.yaml,TRAIN,ALWAYS
s3,S,CORE,FH20R1_S3_B10,PH,112,"[1, 2, 2]",F3,71001,73309,BASE,FH20R1_S3_S_PH_W112_D122_WV3_TF3_TS71001_SS73309_BASE_FRESH50_v1,73309,FH12_S3_T_PH_W112_D123_WV3_S71001_FRESH50_v1,PH,config/FH20R1_S3_S_PH_W112_D122_WV3_TF3_TS71001_SS73309_BASE_FRESH50_v1.yaml,TRAIN,ALWAYS
s3,S,RESERVE,FH20R1_S3_B11,PH,104,"[1, 2, 1]",F3,71001,73310,BASE,FH20R1_S3_S_PH_W104_D121_WV3_TF3_TS71001_SS73310_BASE_FRESH50_v1,73310,FH12_S3_T_PH_W112_D123_WV3_S71001_FRESH50_v1,PH,config/FH20R1_S3_S_PH_W104_D121_WV3_TF3_TS71001_SS73310_BASE_FRESH50_v1.yaml,TRAIN,ALWAYS
s3,S,RESERVE,FH20R1_S3_B11,PH,104,"[1, 2, 2]",F3,71001,73310,BASE,FH20R1_S3_S_PH_W104_D122_WV3_TF3_TS71001_SS73310_BASE_FRESH50_v1,73310,FH12_S3_T_PH_W112_D123_WV3_S71001_FRESH50_v1,PH,config/FH20R1_S3_S_PH_W104_D122_WV3_TF3_TS71001_SS73310_BASE_FRESH50_v1.yaml,TRAIN,ALWAYS
s3,S,RESERVE,FH20R1_S3_B12,PH,104,"[1, 2, 1]",F3,71001,73311,BASE,FH20R1_S3_S_PH_W104_D121_WV3_TF3_TS71001_SS73311_BASE_FRESH50_v1,73311,FH12_S3_T_PH_W112_D123_WV3_S71001_FRESH50_v1,PH,config/FH20R1_S3_S_PH_W104_D121_WV3_TF3_TS71001_SS73311_BASE_FRESH50_v1.yaml,TRAIN,ALWAYS
s3,S,RESERVE,FH20R1_S3_B12,PH,104,"[1, 2, 2]",F3,71001,73311,BASE,FH20R1_S3_S_PH_W104_D122_WV3_TF3_TS71001_SS73311_BASE_FRESH50_v1,73311,FH12_S3_T_PH_W112_D123_WV3_S71001_FRESH50_v1,PH,config/FH20R1_S3_S_PH_W104_D122_WV3_TF3_TS71001_SS73311_BASE_FRESH50_v1.yaml,TRAIN,ALWAYS
s3,S,RESERVE,FH20R1_S3_B13,PH,104,"[1, 2, 1]",F3,71001,73312,BASE,FH20R1_S3_S_PH_W104_D121_WV3_TF3_TS71001_SS73312_BASE_FRESH50_v1,73312,FH12_S3_T_PH_W112_D123_WV3_S71001_FRESH50_v1,PH,config/FH20R1_S3_S_PH_W104_D121_WV3_TF3_TS71001_SS73312_BASE_FRESH50_v1.yaml,TRAIN,ALWAYS
s3,S,RESERVE,FH20R1_S3_B13,PH,104,"[1, 2, 2]",F3,71001,73312,BASE,FH20R1_S3_S_PH_W104_D122_WV3_TF3_TS71001_SS73312_BASE_FRESH50_v1,73312,FH12_S3_T_PH_W112_D123_WV3_S71001_FRESH50_v1,PH,config/FH20R1_S3_S_PH_W104_D122_WV3_TF3_TS71001_SS73312_BASE_FRESH50_v1.yaml,TRAIN,ALWAYS
s3,S,RESERVE,FH20R1_S3_B14,PH,104,"[1, 2, 1]",F3,71001,73313,BASE,FH20R1_S3_S_PH_W104_D121_WV3_TF3_TS71001_SS73313_BASE_FRESH50_v1,73313,FH12_S3_T_PH_W112_D123_WV3_S71001_FRESH50_v1,PH,config/FH20R1_S3_S_PH_W104_D121_WV3_TF3_TS71001_SS73313_BASE_FRESH50_v1.yaml,TRAIN,ALWAYS
s3,S,RESERVE,FH20R1_S3_B14,PH,104,"[1, 2, 2]",F3,71001,73313,BASE,FH20R1_S3_S_PH_W104_D122_WV3_TF3_TS71001_SS73313_BASE_FRESH50_v1,73313,FH12_S3_T_PH_W112_D123_WV3_S71001_FRESH50_v1,PH,config/FH20R1_S3_S_PH_W104_D122_WV3_TF3_TS71001_SS73313_BASE_FRESH50_v1.yaml,TRAIN,ALWAYS
s4,S,CORE,FH20R1_S4_B01,PL,104,"[1, 2, 2]",F4,71001,72001,BASE,FH20R1_S4_S_PL_W104_D122_WV3_TF4_TS71001_SS72001_BASE_FRESH50_v1,72001,FH12_S4_T_PLH_W112_D123_WV3_S71001_FRESH50_v1,PLH,config/FH20R1_S4_S_PL_W104_D122_WV3_TF4_TS71001_SS72001_BASE_FRESH50_v1.yaml,TRAIN,ALWAYS
s4,S,CORE,FH20R1_S4_B02,PL,104,"[1, 2, 1]",F4,71001,73401,BASE,FH20R1_S4_S_PL_W104_D121_WV3_TF4_TS71001_SS73401_BASE_FRESH50_v1,73401,FH12_S4_T_PLH_W112_D123_WV3_S71001_FRESH50_v1,PLH,config/FH20R1_S4_S_PL_W104_D121_WV3_TF4_TS71001_SS73401_BASE_FRESH50_v1.yaml,TRAIN,ALWAYS
s4,S,CORE,FH20R1_S4_B02,PL,104,"[1, 2, 2]",F4,71001,73401,BASE,FH20R1_S4_S_PL_W104_D122_WV3_TF4_TS71001_SS73401_BASE_FRESH50_v1,73401,FH12_S4_T_PLH_W112_D123_WV3_S71001_FRESH50_v1,PLH,config/FH20R1_S4_S_PL_W104_D122_WV3_TF4_TS71001_SS73401_BASE_FRESH50_v1.yaml,TRAIN,ALWAYS
s4,S,CORE,FH20R1_S4_B02,PLH,104,"[1, 2, 2]",F4,71001,73401,BASE,FH20R1_S4_S_PLH_W104_D122_WV3_TF4_TS71001_SS73401_BASE_FRESH50_v1,73401,FH12_S4_T_PLH_W112_D123_WV3_S71001_FRESH50_v1,PLH,config/FH20R1_S4_S_PLH_W104_D122_WV3_TF4_TS71001_SS73401_BASE_FRESH50_v1.yaml,TRAIN,ALWAYS
s4,S,CORE,FH20R1_S4_B02,PLH,104,"[1, 2, 1]",F4,71001,73401,BASE,FH20R1_S4_S_PLH_W104_D121_WV3_TF4_TS71001_SS73401_BASE_FRESH50_v1,73401,FH12_S4_T_PLH_W112_D123_WV3_S71001_FRESH50_v1,PLH,config/FH20R1_S4_S_PLH_W104_D121_WV3_TF4_TS71001_SS73401_BASE_FRESH50_v1.yaml,TRAIN,ALWAYS
s4,S,CORE,FH20R1_S4_B03,PL,104,"[1, 2, 1]",F4,71001,73402,BASE,FH20R1_S4_S_PL_W104_D121_WV3_TF4_TS71001_SS73402_BASE_FRESH50_v1,73402,FH12_S4_T_PLH_W112_D123_WV3_S71001_FRESH50_v1,PLH,config/FH20R1_S4_S_PL_W104_D121_WV3_TF4_TS71001_SS73402_BASE_FRESH50_v1.yaml,TRAIN,ALWAYS
s4,S,CORE,FH20R1_S4_B03,PL,104,"[1, 2, 2]",F4,71001,73402,BASE,FH20R1_S4_S_PL_W104_D122_WV3_TF4_TS71001_SS73402_BASE_FRESH50_v1,73402,FH12_S4_T_PLH_W112_D123_WV3_S71001_FRESH50_v1,PLH,config/FH20R1_S4_S_PL_W104_D122_WV3_TF4_TS71001_SS73402_BASE_FRESH50_v1.yaml,TRAIN,ALWAYS
s4,S,CORE,FH20R1_S4_B03,PLH,104,"[1, 2, 2]",F4,71001,73402,BASE,FH20R1_S4_S_PLH_W104_D122_WV3_TF4_TS71001_SS73402_BASE_FRESH50_v1,73402,FH12_S4_T_PLH_W112_D123_WV3_S71001_FRESH50_v1,PLH,config/FH20R1_S4_S_PLH_W104_D122_WV3_TF4_TS71001_SS73402_BASE_FRESH50_v1.yaml,TRAIN,ALWAYS
s4,S,CORE,FH20R1_S4_B03,PLH,104,"[1, 2, 1]",F4,71001,73402,BASE,FH20R1_S4_S_PLH_W104_D121_WV3_TF4_TS71001_SS73402_BASE_FRESH50_v1,73402,FH12_S4_T_PLH_W112_D123_WV3_S71001_FRESH50_v1,PLH,config/FH20R1_S4_S_PLH_W104_D121_WV3_TF4_TS71001_SS73402_BASE_FRESH50_v1.yaml,TRAIN,ALWAYS
s4,S,CORE,FH20R1_S4_B04,PL,104,"[1, 2, 1]",F4,71001,73403,BASE,FH20R1_S4_S_PL_W104_D121_WV3_TF4_TS71001_SS73403_BASE_FRESH50_v1,73403,FH12_S4_T_PLH_W112_D123_WV3_S71001_FRESH50_v1,PLH,config/FH20R1_S4_S_PL_W104_D121_WV3_TF4_TS71001_SS73403_BASE_FRESH50_v1.yaml,TRAIN,ALWAYS
s4,S,CORE,FH20R1_S4_B04,PL,104,"[1, 2, 2]",F4,71001,73403,BASE,FH20R1_S4_S_PL_W104_D122_WV3_TF4_TS71001_SS73403_BASE_FRESH50_v1,73403,FH12_S4_T_PLH_W112_D123_WV3_S71001_FRESH50_v1,PLH,config/FH20R1_S4_S_PL_W104_D122_WV3_TF4_TS71001_SS73403_BASE_FRESH50_v1.yaml,TRAIN,ALWAYS
s4,S,CORE,FH20R1_S4_B04,PLH,104,"[1, 2, 2]",F4,71001,73403,BASE,FH20R1_S4_S_PLH_W104_D122_WV3_TF4_TS71001_SS73403_BASE_FRESH50_v1,73403,FH12_S4_T_PLH_W112_D123_WV3_S71001_FRESH50_v1,PLH,config/FH20R1_S4_S_PLH_W104_D122_WV3_TF4_TS71001_SS73403_BASE_FRESH50_v1.yaml,TRAIN,ALWAYS
s4,S,CORE,FH20R1_S4_B04,PLH,104,"[1, 2, 1]",F4,71001,73403,BASE,FH20R1_S4_S_PLH_W104_D121_WV3_TF4_TS71001_SS73403_BASE_FRESH50_v1,73403,FH12_S4_T_PLH_W112_D123_WV3_S71001_FRESH50_v1,PLH,config/FH20R1_S4_S_PLH_W104_D121_WV3_TF4_TS71001_SS73403_BASE_FRESH50_v1.yaml,TRAIN,ALWAYS
s4,S,CORE,FH20R1_S4_B05,PL,104,"[1, 2, 1]",F4,71001,73404,BASE,FH20R1_S4_S_PL_W104_D121_WV3_TF4_TS71001_SS73404_BASE_FRESH50_v1,73404,FH12_S4_T_PLH_W112_D123_WV3_S71001_FRESH50_v1,PLH,config/FH20R1_S4_S_PL_W104_D121_WV3_TF4_TS71001_SS73404_BASE_FRESH50_v1.yaml,TRAIN,ALWAYS
s4,S,CORE,FH20R1_S4_B05,PL,104,"[1, 2, 2]",F4,71001,73404,BASE,FH20R1_S4_S_PL_W104_D122_WV3_TF4_TS71001_SS73404_BASE_FRESH50_v1,73404,FH12_S4_T_PLH_W112_D123_WV3_S71001_FRESH50_v1,PLH,config/FH20R1_S4_S_PL_W104_D122_WV3_TF4_TS71001_SS73404_BASE_FRESH50_v1.yaml,TRAIN,ALWAYS
s4,S,CORE,FH20R1_S4_B05,PLH,104,"[1, 2, 2]",F4,71001,73404,BASE,FH20R1_S4_S_PLH_W104_D122_WV3_TF4_TS71001_SS73404_BASE_FRESH50_v1,73404,FH12_S4_T_PLH_W112_D123_WV3_S71001_FRESH50_v1,PLH,config/FH20R1_S4_S_PLH_W104_D122_WV3_TF4_TS71001_SS73404_BASE_FRESH50_v1.yaml,TRAIN,ALWAYS
s4,S,CORE,FH20R1_S4_B05,PLH,104,"[1, 2, 1]",F4,71001,73404,BASE,FH20R1_S4_S_PLH_W104_D121_WV3_TF4_TS71001_SS73404_BASE_FRESH50_v1,73404,FH12_S4_T_PLH_W112_D123_WV3_S71001_FRESH50_v1,PLH,config/FH20R1_S4_S_PLH_W104_D121_WV3_TF4_TS71001_SS73404_BASE_FRESH50_v1.yaml,TRAIN,ALWAYS
s4,S,CORE,FH20R1_S4_B06,PLH,112,"[1, 2, 2]",F4,71001,72001,BASE,FH20R1_S4_S_PLH_W112_D122_WV3_TF4_TS71001_SS72001_BASE_FRESH50_v1,72001,FH12_S4_T_PLH_W112_D123_WV3_S71001_FRESH50_v1,PLH,config/FH20R1_S4_S_PLH_W112_D122_WV3_TF4_TS71001_SS72001_BASE_FRESH50_v1.yaml,TRAIN,ALWAYS
s4,S,CORE,FH20R1_S4_B07,PLH,112,"[1, 2, 1]",F4,71001,73405,BASE,FH20R1_S4_S_PLH_W112_D121_WV3_TF4_TS71001_SS73405_BASE_FRESH50_v1,73405,FH12_S4_T_PLH_W112_D123_WV3_S71001_FRESH50_v1,PLH,config/FH20R1_S4_S_PLH_W112_D121_WV3_TF4_TS71001_SS73405_BASE_FRESH50_v1.yaml,TRAIN,ALWAYS
s4,S,CORE,FH20R1_S4_B07,PLH,112,"[1, 2, 2]",F4,71001,73405,BASE,FH20R1_S4_S_PLH_W112_D122_WV3_TF4_TS71001_SS73405_BASE_FRESH50_v1,73405,FH12_S4_T_PLH_W112_D123_WV3_S71001_FRESH50_v1,PLH,config/FH20R1_S4_S_PLH_W112_D122_WV3_TF4_TS71001_SS73405_BASE_FRESH50_v1.yaml,TRAIN,ALWAYS
s4,S,RESERVE,FH20R1_S4_B08,PL,104,"[1, 2, 1]",F4,71001,73406,BASE,FH20R1_S4_S_PL_W104_D121_WV3_TF4_TS71001_SS73406_BASE_FRESH50_v1,73406,FH12_S4_T_PLH_W112_D123_WV3_S71001_FRESH50_v1,PLH,config/FH20R1_S4_S_PL_W104_D121_WV3_TF4_TS71001_SS73406_BASE_FRESH50_v1.yaml,TRAIN,ALWAYS
s4,S,RESERVE,FH20R1_S4_B08,PL,104,"[1, 2, 2]",F4,71001,73406,BASE,FH20R1_S4_S_PL_W104_D122_WV3_TF4_TS71001_SS73406_BASE_FRESH50_v1,73406,FH12_S4_T_PLH_W112_D123_WV3_S71001_FRESH50_v1,PLH,config/FH20R1_S4_S_PL_W104_D122_WV3_TF4_TS71001_SS73406_BASE_FRESH50_v1.yaml,TRAIN,ALWAYS
s4,S,RESERVE,FH20R1_S4_B08,PLH,104,"[1, 2, 2]",F4,71001,73406,BASE,FH20R1_S4_S_PLH_W104_D122_WV3_TF4_TS71001_SS73406_BASE_FRESH50_v1,73406,FH12_S4_T_PLH_W112_D123_WV3_S71001_FRESH50_v1,PLH,config/FH20R1_S4_S_PLH_W104_D122_WV3_TF4_TS71001_SS73406_BASE_FRESH50_v1.yaml,TRAIN,ALWAYS
s4,S,RESERVE,FH20R1_S4_B08,PLH,104,"[1, 2, 1]",F4,71001,73406,BASE,FH20R1_S4_S_PLH_W104_D121_WV3_TF4_TS71001_SS73406_BASE_FRESH50_v1,73406,FH12_S4_T_PLH_W112_D123_WV3_S71001_FRESH50_v1,PLH,config/FH20R1_S4_S_PLH_W104_D121_WV3_TF4_TS71001_SS73406_BASE_FRESH50_v1.yaml,TRAIN,ALWAYS
s4,S,RESERVE,FH20R1_S4_B09,PL,104,"[1, 2, 1]",F4,71001,73407,BASE,FH20R1_S4_S_PL_W104_D121_WV3_TF4_TS71001_SS73407_BASE_FRESH50_v1,73407,FH12_S4_T_PLH_W112_D123_WV3_S71001_FRESH50_v1,PLH,config/FH20R1_S4_S_PL_W104_D121_WV3_TF4_TS71001_SS73407_BASE_FRESH50_v1.yaml,TRAIN,ALWAYS
s4,S,RESERVE,FH20R1_S4_B09,PL,104,"[1, 2, 2]",F4,71001,73407,BASE,FH20R1_S4_S_PL_W104_D122_WV3_TF4_TS71001_SS73407_BASE_FRESH50_v1,73407,FH12_S4_T_PLH_W112_D123_WV3_S71001_FRESH50_v1,PLH,config/FH20R1_S4_S_PL_W104_D122_WV3_TF4_TS71001_SS73407_BASE_FRESH50_v1.yaml,TRAIN,ALWAYS
s4,S,RESERVE,FH20R1_S4_B09,PLH,104,"[1, 2, 2]",F4,71001,73407,BASE,FH20R1_S4_S_PLH_W104_D122_WV3_TF4_TS71001_SS73407_BASE_FRESH50_v1,73407,FH12_S4_T_PLH_W112_D123_WV3_S71001_FRESH50_v1,PLH,config/FH20R1_S4_S_PLH_W104_D122_WV3_TF4_TS71001_SS73407_BASE_FRESH50_v1.yaml,TRAIN,ALWAYS
s4,S,RESERVE,FH20R1_S4_B09,PLH,104,"[1, 2, 1]",F4,71001,73407,BASE,FH20R1_S4_S_PLH_W104_D121_WV3_TF4_TS71001_SS73407_BASE_FRESH50_v1,73407,FH12_S4_T_PLH_W112_D123_WV3_S71001_FRESH50_v1,PLH,config/FH20R1_S4_S_PLH_W104_D121_WV3_TF4_TS71001_SS73407_BASE_FRESH50_v1.yaml,TRAIN,ALWAYS
s5,S,CORE,FH20R1_S5_B01,PL,104,"[1, 2, 1]",F5,71002,72002,BASE,FH20R1_S5_S_PL_W104_D121_WV3_TF5_TS71002_SS72002_BASE_FRESH50_v1,72002,FH12_S5_T_PLH_W112_D123_WV3_S71002_FRESH50_v1,PLH,config/FH20R1_S5_S_PL_W104_D121_WV3_TF5_TS71002_SS72002_BASE_FRESH50_v1.yaml,TRAIN,ALWAYS
s5,S,CORE,FH20R1_S5_B01,PL,104,"[1, 2, 2]",F5,71002,72002,BASE,FH20R1_S5_S_PL_W104_D122_WV3_TF5_TS71002_SS72002_BASE_FRESH50_v1,72002,FH12_S5_T_PLH_W112_D123_WV3_S71002_FRESH50_v1,PLH,config/FH20R1_S5_S_PL_W104_D122_WV3_TF5_TS71002_SS72002_BASE_FRESH50_v1.yaml,TRAIN,ALWAYS
s5,S,CORE,FH20R1_S5_B02,PL,104,"[1, 2, 1]",F5,71002,73501,BASE,FH20R1_S5_S_PL_W104_D121_WV3_TF5_TS71002_SS73501_BASE_FRESH50_v1,73501,FH12_S5_T_PLH_W112_D123_WV3_S71002_FRESH50_v1,PLH,config/FH20R1_S5_S_PL_W104_D121_WV3_TF5_TS71002_SS73501_BASE_FRESH50_v1.yaml,TRAIN,ALWAYS
s5,S,CORE,FH20R1_S5_B02,PL,104,"[1, 2, 2]",F5,71002,73501,BASE,FH20R1_S5_S_PL_W104_D122_WV3_TF5_TS71002_SS73501_BASE_FRESH50_v1,73501,FH12_S5_T_PLH_W112_D123_WV3_S71002_FRESH50_v1,PLH,config/FH20R1_S5_S_PL_W104_D122_WV3_TF5_TS71002_SS73501_BASE_FRESH50_v1.yaml,TRAIN,ALWAYS
s5,S,CORE,FH20R1_S5_B02,PLH,104,"[1, 2, 2]",F5,71002,73501,BASE,FH20R1_S5_S_PLH_W104_D122_WV3_TF5_TS71002_SS73501_BASE_FRESH50_v1,73501,FH12_S5_T_PLH_W112_D123_WV3_S71002_FRESH50_v1,PLH,config/FH20R1_S5_S_PLH_W104_D122_WV3_TF5_TS71002_SS73501_BASE_FRESH50_v1.yaml,TRAIN,ALWAYS
s5,S,CORE,FH20R1_S5_B02,PLH,104,"[1, 2, 1]",F5,71002,73501,BASE,FH20R1_S5_S_PLH_W104_D121_WV3_TF5_TS71002_SS73501_BASE_FRESH50_v1,73501,FH12_S5_T_PLH_W112_D123_WV3_S71002_FRESH50_v1,PLH,config/FH20R1_S5_S_PLH_W104_D121_WV3_TF5_TS71002_SS73501_BASE_FRESH50_v1.yaml,TRAIN,ALWAYS
s5,S,CORE,FH20R1_S5_B03,PL,104,"[1, 2, 1]",F5,71002,73502,BASE,FH20R1_S5_S_PL_W104_D121_WV3_TF5_TS71002_SS73502_BASE_FRESH50_v1,73502,FH12_S5_T_PLH_W112_D123_WV3_S71002_FRESH50_v1,PLH,config/FH20R1_S5_S_PL_W104_D121_WV3_TF5_TS71002_SS73502_BASE_FRESH50_v1.yaml,TRAIN,ALWAYS
s5,S,CORE,FH20R1_S5_B03,PL,104,"[1, 2, 2]",F5,71002,73502,BASE,FH20R1_S5_S_PL_W104_D122_WV3_TF5_TS71002_SS73502_BASE_FRESH50_v1,73502,FH12_S5_T_PLH_W112_D123_WV3_S71002_FRESH50_v1,PLH,config/FH20R1_S5_S_PL_W104_D122_WV3_TF5_TS71002_SS73502_BASE_FRESH50_v1.yaml,TRAIN,ALWAYS
s5,S,CORE,FH20R1_S5_B03,PLH,104,"[1, 2, 2]",F5,71002,73502,BASE,FH20R1_S5_S_PLH_W104_D122_WV3_TF5_TS71002_SS73502_BASE_FRESH50_v1,73502,FH12_S5_T_PLH_W112_D123_WV3_S71002_FRESH50_v1,PLH,config/FH20R1_S5_S_PLH_W104_D122_WV3_TF5_TS71002_SS73502_BASE_FRESH50_v1.yaml,TRAIN,ALWAYS
s5,S,CORE,FH20R1_S5_B03,PLH,104,"[1, 2, 1]",F5,71002,73502,BASE,FH20R1_S5_S_PLH_W104_D121_WV3_TF5_TS71002_SS73502_BASE_FRESH50_v1,73502,FH12_S5_T_PLH_W112_D123_WV3_S71002_FRESH50_v1,PLH,config/FH20R1_S5_S_PLH_W104_D121_WV3_TF5_TS71002_SS73502_BASE_FRESH50_v1.yaml,TRAIN,ALWAYS
s5,S,CORE,FH20R1_S5_B04,PL,104,"[1, 2, 1]",F5,71002,73503,BASE,FH20R1_S5_S_PL_W104_D121_WV3_TF5_TS71002_SS73503_BASE_FRESH50_v1,73503,FH12_S5_T_PLH_W112_D123_WV3_S71002_FRESH50_v1,PLH,config/FH20R1_S5_S_PL_W104_D121_WV3_TF5_TS71002_SS73503_BASE_FRESH50_v1.yaml,TRAIN,ALWAYS
s5,S,CORE,FH20R1_S5_B04,PL,104,"[1, 2, 2]",F5,71002,73503,BASE,FH20R1_S5_S_PL_W104_D122_WV3_TF5_TS71002_SS73503_BASE_FRESH50_v1,73503,FH12_S5_T_PLH_W112_D123_WV3_S71002_FRESH50_v1,PLH,config/FH20R1_S5_S_PL_W104_D122_WV3_TF5_TS71002_SS73503_BASE_FRESH50_v1.yaml,TRAIN,ALWAYS
s5,S,CORE,FH20R1_S5_B04,PLH,104,"[1, 2, 2]",F5,71002,73503,BASE,FH20R1_S5_S_PLH_W104_D122_WV3_TF5_TS71002_SS73503_BASE_FRESH50_v1,73503,FH12_S5_T_PLH_W112_D123_WV3_S71002_FRESH50_v1,PLH,config/FH20R1_S5_S_PLH_W104_D122_WV3_TF5_TS71002_SS73503_BASE_FRESH50_v1.yaml,TRAIN,ALWAYS
s5,S,CORE,FH20R1_S5_B04,PLH,104,"[1, 2, 1]",F5,71002,73503,BASE,FH20R1_S5_S_PLH_W104_D121_WV3_TF5_TS71002_SS73503_BASE_FRESH50_v1,73503,FH12_S5_T_PLH_W112_D123_WV3_S71002_FRESH50_v1,PLH,config/FH20R1_S5_S_PLH_W104_D121_WV3_TF5_TS71002_SS73503_BASE_FRESH50_v1.yaml,TRAIN,ALWAYS
s5,S,CORE,FH20R1_S5_B05,PL,104,"[1, 2, 1]",F5,71002,73504,BASE,FH20R1_S5_S_PL_W104_D121_WV3_TF5_TS71002_SS73504_BASE_FRESH50_v1,73504,FH12_S5_T_PLH_W112_D123_WV3_S71002_FRESH50_v1,PLH,config/FH20R1_S5_S_PL_W104_D121_WV3_TF5_TS71002_SS73504_BASE_FRESH50_v1.yaml,TRAIN,ALWAYS
s5,S,CORE,FH20R1_S5_B05,PL,104,"[1, 2, 2]",F5,71002,73504,BASE,FH20R1_S5_S_PL_W104_D122_WV3_TF5_TS71002_SS73504_BASE_FRESH50_v1,73504,FH12_S5_T_PLH_W112_D123_WV3_S71002_FRESH50_v1,PLH,config/FH20R1_S5_S_PL_W104_D122_WV3_TF5_TS71002_SS73504_BASE_FRESH50_v1.yaml,TRAIN,ALWAYS
s5,S,CORE,FH20R1_S5_B05,PLH,104,"[1, 2, 2]",F5,71002,73504,BASE,FH20R1_S5_S_PLH_W104_D122_WV3_TF5_TS71002_SS73504_BASE_FRESH50_v1,73504,FH12_S5_T_PLH_W112_D123_WV3_S71002_FRESH50_v1,PLH,config/FH20R1_S5_S_PLH_W104_D122_WV3_TF5_TS71002_SS73504_BASE_FRESH50_v1.yaml,TRAIN,ALWAYS
s5,S,CORE,FH20R1_S5_B05,PLH,104,"[1, 2, 1]",F5,71002,73504,BASE,FH20R1_S5_S_PLH_W104_D121_WV3_TF5_TS71002_SS73504_BASE_FRESH50_v1,73504,FH12_S5_T_PLH_W112_D123_WV3_S71002_FRESH50_v1,PLH,config/FH20R1_S5_S_PLH_W104_D121_WV3_TF5_TS71002_SS73504_BASE_FRESH50_v1.yaml,TRAIN,ALWAYS
s5,S,CORE,FH20R1_S5_B06,PLH,112,"[1, 2, 1]",F5,71002,72002,BASE,FH20R1_S5_S_PLH_W112_D121_WV3_TF5_TS71002_SS72002_BASE_FRESH50_v1,72002,FH12_S5_T_PLH_W112_D123_WV3_S71002_FRESH50_v1,PLH,config/FH20R1_S5_S_PLH_W112_D121_WV3_TF5_TS71002_SS72002_BASE_FRESH50_v1.yaml,TRAIN,ALWAYS
s5,S,CORE,FH20R1_S5_B06,PLH,112,"[1, 2, 2]",F5,71002,72002,BASE,FH20R1_S5_S_PLH_W112_D122_WV3_TF5_TS71002_SS72002_BASE_FRESH50_v1,72002,FH12_S5_T_PLH_W112_D123_WV3_S71002_FRESH50_v1,PLH,config/FH20R1_S5_S_PLH_W112_D122_WV3_TF5_TS71002_SS72002_BASE_FRESH50_v1.yaml,TRAIN,ALWAYS
s5,S,RESERVE,FH20R1_S5_B07,PL,104,"[1, 2, 1]",F5,71002,73505,BASE,FH20R1_S5_S_PL_W104_D121_WV3_TF5_TS71002_SS73505_BASE_FRESH50_v1,73505,FH12_S5_T_PLH_W112_D123_WV3_S71002_FRESH50_v1,PLH,config/FH20R1_S5_S_PL_W104_D121_WV3_TF5_TS71002_SS73505_BASE_FRESH50_v1.yaml,TRAIN,ALWAYS
s5,S,RESERVE,FH20R1_S5_B07,PL,104,"[1, 2, 2]",F5,71002,73505,BASE,FH20R1_S5_S_PL_W104_D122_WV3_TF5_TS71002_SS73505_BASE_FRESH50_v1,73505,FH12_S5_T_PLH_W112_D123_WV3_S71002_FRESH50_v1,PLH,config/FH20R1_S5_S_PL_W104_D122_WV3_TF5_TS71002_SS73505_BASE_FRESH50_v1.yaml,TRAIN,ALWAYS
s5,S,RESERVE,FH20R1_S5_B07,PLH,104,"[1, 2, 2]",F5,71002,73505,BASE,FH20R1_S5_S_PLH_W104_D122_WV3_TF5_TS71002_SS73505_BASE_FRESH50_v1,73505,FH12_S5_T_PLH_W112_D123_WV3_S71002_FRESH50_v1,PLH,config/FH20R1_S5_S_PLH_W104_D122_WV3_TF5_TS71002_SS73505_BASE_FRESH50_v1.yaml,TRAIN,ALWAYS
s5,S,RESERVE,FH20R1_S5_B07,PLH,104,"[1, 2, 1]",F5,71002,73505,BASE,FH20R1_S5_S_PLH_W104_D121_WV3_TF5_TS71002_SS73505_BASE_FRESH50_v1,73505,FH12_S5_T_PLH_W112_D123_WV3_S71002_FRESH50_v1,PLH,config/FH20R1_S5_S_PLH_W104_D121_WV3_TF5_TS71002_SS73505_BASE_FRESH50_v1.yaml,TRAIN,ALWAYS
s5,S,RESERVE,FH20R1_S5_B08,PL,104,"[1, 2, 1]",F5,71002,73506,BASE,FH20R1_S5_S_PL_W104_D121_WV3_TF5_TS71002_SS73506_BASE_FRESH50_v1,73506,FH12_S5_T_PLH_W112_D123_WV3_S71002_FRESH50_v1,PLH,config/FH20R1_S5_S_PL_W104_D121_WV3_TF5_TS71002_SS73506_BASE_FRESH50_v1.yaml,TRAIN,ALWAYS
s5,S,RESERVE,FH20R1_S5_B08,PL,104,"[1, 2, 2]",F5,71002,73506,BASE,FH20R1_S5_S_PL_W104_D122_WV3_TF5_TS71002_SS73506_BASE_FRESH50_v1,73506,FH12_S5_T_PLH_W112_D123_WV3_S71002_FRESH50_v1,PLH,config/FH20R1_S5_S_PL_W104_D122_WV3_TF5_TS71002_SS73506_BASE_FRESH50_v1.yaml,TRAIN,ALWAYS
s5,S,RESERVE,FH20R1_S5_B08,PLH,104,"[1, 2, 2]",F5,71002,73506,BASE,FH20R1_S5_S_PLH_W104_D122_WV3_TF5_TS71002_SS73506_BASE_FRESH50_v1,73506,FH12_S5_T_PLH_W112_D123_WV3_S71002_FRESH50_v1,PLH,config/FH20R1_S5_S_PLH_W104_D122_WV3_TF5_TS71002_SS73506_BASE_FRESH50_v1.yaml,TRAIN,ALWAYS
s5,S,RESERVE,FH20R1_S5_B08,PLH,104,"[1, 2, 1]",F5,71002,73506,BASE,FH20R1_S5_S_PLH_W104_D121_WV3_TF5_TS71002_SS73506_BASE_FRESH50_v1,73506,FH12_S5_T_PLH_W112_D123_WV3_S71002_FRESH50_v1,PLH,config/FH20R1_S5_S_PLH_W104_D121_WV3_TF5_TS71002_SS73506_BASE_FRESH50_v1.yaml,TRAIN,ALWAYS
