task_id,source_run_id,server,repeat,seed,case_id,selection,rr_scenes,fr_scenes,optimizer_updates,statistical_unit
RBM12_WV3_S1_R1_SS261001101_QFULL_F50K_v1__NATIVE__EXACT_50000,RBM12_WV3_S1_R1_SS261001101_QFULL_F50K_v1,s1,1,261001101,QFULL,EXACT_50000,20,20,0,RBM12_WV3_S1_R1_SS261001101_QFULL_F50K_v1
RBM12_WV3_S1_R1_SS261001101_QFULL_F50K_v1__NATIVE__RR_VAL_ERGAS_MIN,RBM12_WV3_S1_R1_SS261001101_QFULL_F50K_v1,s1,1,261001101,QFULL,RR_VAL_ERGAS_MIN,20,20,0,RBM12_WV3_S1_R1_SS261001101_QFULL_F50K_v1
RBM12_WV3_S1_R1_SS261001101_QMEAN_F50K_v1__NATIVE__EXACT_50000,RBM12_WV3_S1_R1_SS261001101_QMEAN_F50K_v1,s1,1,261001101,QMEAN,EXACT_50000,20,20,0,RBM12_WV3_S1_R1_SS261001101_QMEAN_F50K_v1
RBM12_WV3_S1_R1_SS261001101_QMEAN_F50K_v1__NATIVE__RR_VAL_ERGAS_MIN,RBM12_WV3_S1_R1_SS261001101_QMEAN_F50K_v1,s1,1,261001101,QMEAN,RR_VAL_ERGAS_MIN,20,20,0,RBM12_WV3_S1_R1_SS261001101_QMEAN_F50K_v1
RBM12_WV3_S1_R1_SS261001101_QSHUF_F50K_v1__NATIVE__EXACT_50000,RBM12_WV3_S1_R1_SS261001101_QSHUF_F50K_v1,s1,1,261001101,QSHUF,EXACT_50000,20,20,0,RBM12_WV3_S1_R1_SS261001101_QSHUF_F50K_v1
RBM12_WV3_S1_R1_SS261001101_QSHUF_F50K_v1__NATIVE__RR_VAL_ERGAS_MIN,RBM12_WV3_S1_R1_SS261001101_QSHUF_F50K_v1,s1,1,261001101,QSHUF,RR_VAL_ERGAS_MIN,20,20,0,RBM12_WV3_S1_R1_SS261001101_QSHUF_F50K_v1
RBM12_WV3_S1_R1_SS261001101_QESUR_F50K_v1__NATIVE__EXACT_50000,RBM12_WV3_S1_R1_SS261001101_QESUR_F50K_v1,s1,1,261001101,QESUR,EXACT_50000,20,20,0,RBM12_WV3_S1_R1_SS261001101_QESUR_F50K_v1
RBM12_WV3_S1_R1_SS261001101_QESUR_F50K_v1__NATIVE__RR_VAL_ERGAS_MIN,RBM12_WV3_S1_R1_SS261001101_QESUR_F50K_v1,s1,1,261001101,QESUR,RR_VAL_ERGAS_MIN,20,20,0,RBM12_WV3_S1_R1_SS261001101_QESUR_F50K_v1
RBM12_WV3_S1_R1_SS261001101_QEDGE_F50K_v1__NATIVE__EXACT_50000,RBM12_WV3_S1_R1_SS261001101_QEDGE_F50K_v1,s1,1,261001101,QEDGE,EXACT_50000,20,20,0,RBM12_WV3_S1_R1_SS261001101_QEDGE_F50K_v1
RBM12_WV3_S1_R1_SS261001101_QEDGE_F50K_v1__NATIVE__RR_VAL_ERGAS_MIN,RBM12_WV3_S1_R1_SS261001101_QEDGE_F50K_v1,s1,1,261001101,QEDGE,RR_VAL_ERGAS_MIN,20,20,0,RBM12_WV3_S1_R1_SS261001101_QEDGE_F50K_v1
RBM12_WV3_S1_R1_SS261001101_QALIGN_F50K_v1__NATIVE__EXACT_50000,RBM12_WV3_S1_R1_SS261001101_QALIGN_F50K_v1,s1,1,261001101,QALIGN,EXACT_50000,20,20,0,RBM12_WV3_S1_R1_SS261001101_QALIGN_F50K_v1
RBM12_WV3_S1_R1_SS261001101_QALIGN_F50K_v1__NATIVE__RR_VAL_ERGAS_MIN,RBM12_WV3_S1_R1_SS261001101_QALIGN_F50K_v1,s1,1,261001101,QALIGN,RR_VAL_ERGAS_MIN,20,20,0,RBM12_WV3_S1_R1_SS261001101_QALIGN_F50K_v1
RBM12_WV3_S1_R1_SS261001101_H0_F50K_v1__NATIVE__EXACT_50000,RBM12_WV3_S1_R1_SS261001101_H0_F50K_v1,s1,1,261001101,H0,EXACT_50000,20,20,0,RBM12_WV3_S1_R1_SS261001101_H0_F50K_v1
RBM12_WV3_S1_R1_SS261001101_H0_F50K_v1__NATIVE__RR_VAL_ERGAS_MIN,RBM12_WV3_S1_R1_SS261001101_H0_F50K_v1,s1,1,261001101,H0,RR_VAL_ERGAS_MIN,20,20,0,RBM12_WV3_S1_R1_SS261001101_H0_F50K_v1
RBM12_WV3_S1_R1_SS261001101_HSPMEAN_F50K_v1__NATIVE__EXACT_50000,RBM12_WV3_S1_R1_SS261001101_HSPMEAN_F50K_v1,s1,1,261001101,HSPMEAN,EXACT_50000,20,20,0,RBM12_WV3_S1_R1_SS261001101_HSPMEAN_F50K_v1
RBM12_WV3_S1_R1_SS261001101_HSPMEAN_F50K_v1__NATIVE__RR_VAL_ERGAS_MIN,RBM12_WV3_S1_R1_SS261001101_HSPMEAN_F50K_v1,s1,1,261001101,HSPMEAN,RR_VAL_ERGAS_MIN,20,20,0,RBM12_WV3_S1_R1_SS261001101_HSPMEAN_F50K_v1
RBM12_WV3_S1_R1_SS261001101_NOADV_F50K_v1__NATIVE__EXACT_50000,RBM12_WV3_S1_R1_SS261001101_NOADV_F50K_v1,s1,1,261001101,NOADV,EXACT_50000,20,20,0,RBM12_WV3_S1_R1_SS261001101_NOADV_F50K_v1
RBM12_WV3_S1_R1_SS261001101_NOADV_F50K_v1__NATIVE__RR_VAL_ERGAS_MIN,RBM12_WV3_S1_R1_SS261001101_NOADV_F50K_v1,s1,1,261001101,NOADV,RR_VAL_ERGAS_MIN,20,20,0,RBM12_WV3_S1_R1_SS261001101_NOADV_F50K_v1
RBM12_WV3_S1_R1_SS261001101_ADVMEAN_F50K_v1__NATIVE__EXACT_50000,RBM12_WV3_S1_R1_SS261001101_ADVMEAN_F50K_v1,s1,1,261001101,ADVMEAN,EXACT_50000,20,20,0,RBM12_WV3_S1_R1_SS261001101_ADVMEAN_F50K_v1
RBM12_WV3_S1_R1_SS261001101_ADVMEAN_F50K_v1__NATIVE__RR_VAL_ERGAS_MIN,RBM12_WV3_S1_R1_SS261001101_ADVMEAN_F50K_v1,s1,1,261001101,ADVMEAN,RR_VAL_ERGAS_MIN,20,20,0,RBM12_WV3_S1_R1_SS261001101_ADVMEAN_F50K_v1
RBM12_WV3_S1_R2_SS261001102_QFULL_F50K_v1__NATIVE__EXACT_50000,RBM12_WV3_S1_R2_SS261001102_QFULL_F50K_v1,s1,2,261001102,QFULL,EXACT_50000,20,20,0,RBM12_WV3_S1_R2_SS261001102_QFULL_F50K_v1
RBM12_WV3_S1_R2_SS261001102_QFULL_F50K_v1__NATIVE__RR_VAL_ERGAS_MIN,RBM12_WV3_S1_R2_SS261001102_QFULL_F50K_v1,s1,2,261001102,QFULL,RR_VAL_ERGAS_MIN,20,20,0,RBM12_WV3_S1_R2_SS261001102_QFULL_F50K_v1
RBM12_WV3_S1_R2_SS261001102_QMEAN_F50K_v1__NATIVE__EXACT_50000,RBM12_WV3_S1_R2_SS261001102_QMEAN_F50K_v1,s1,2,261001102,QMEAN,EXACT_50000,20,20,0,RBM12_WV3_S1_R2_SS261001102_QMEAN_F50K_v1
RBM12_WV3_S1_R2_SS261001102_QMEAN_F50K_v1__NATIVE__RR_VAL_ERGAS_MIN,RBM12_WV3_S1_R2_SS261001102_QMEAN_F50K_v1,s1,2,261001102,QMEAN,RR_VAL_ERGAS_MIN,20,20,0,RBM12_WV3_S1_R2_SS261001102_QMEAN_F50K_v1
RBM12_WV3_S1_R2_SS261001102_QSHUF_F50K_v1__NATIVE__EXACT_50000,RBM12_WV3_S1_R2_SS261001102_QSHUF_F50K_v1,s1,2,261001102,QSHUF,EXACT_50000,20,20,0,RBM12_WV3_S1_R2_SS261001102_QSHUF_F50K_v1
RBM12_WV3_S1_R2_SS261001102_QSHUF_F50K_v1__NATIVE__RR_VAL_ERGAS_MIN,RBM12_WV3_S1_R2_SS261001102_QSHUF_F50K_v1,s1,2,261001102,QSHUF,RR_VAL_ERGAS_MIN,20,20,0,RBM12_WV3_S1_R2_SS261001102_QSHUF_F50K_v1
RBM12_WV3_S1_R2_SS261001102_QESUR_F50K_v1__NATIVE__EXACT_50000,RBM12_WV3_S1_R2_SS261001102_QESUR_F50K_v1,s1,2,261001102,QESUR,EXACT_50000,20,20,0,RBM12_WV3_S1_R2_SS261001102_QESUR_F50K_v1
RBM12_WV3_S1_R2_SS261001102_QESUR_F50K_v1__NATIVE__RR_VAL_ERGAS_MIN,RBM12_WV3_S1_R2_SS261001102_QESUR_F50K_v1,s1,2,261001102,QESUR,RR_VAL_ERGAS_MIN,20,20,0,RBM12_WV3_S1_R2_SS261001102_QESUR_F50K_v1
RBM12_WV3_S1_R2_SS261001102_QEDGE_F50K_v1__NATIVE__EXACT_50000,RBM12_WV3_S1_R2_SS261001102_QEDGE_F50K_v1,s1,2,261001102,QEDGE,EXACT_50000,20,20,0,RBM12_WV3_S1_R2_SS261001102_QEDGE_F50K_v1
RBM12_WV3_S1_R2_SS261001102_QEDGE_F50K_v1__NATIVE__RR_VAL_ERGAS_MIN,RBM12_WV3_S1_R2_SS261001102_QEDGE_F50K_v1,s1,2,261001102,QEDGE,RR_VAL_ERGAS_MIN,20,20,0,RBM12_WV3_S1_R2_SS261001102_QEDGE_F50K_v1
RBM12_WV3_S1_R2_SS261001102_QALIGN_F50K_v1__NATIVE__EXACT_50000,RBM12_WV3_S1_R2_SS261001102_QALIGN_F50K_v1,s1,2,261001102,QALIGN,EXACT_50000,20,20,0,RBM12_WV3_S1_R2_SS261001102_QALIGN_F50K_v1
RBM12_WV3_S1_R2_SS261001102_QALIGN_F50K_v1__NATIVE__RR_VAL_ERGAS_MIN,RBM12_WV3_S1_R2_SS261001102_QALIGN_F50K_v1,s1,2,261001102,QALIGN,RR_VAL_ERGAS_MIN,20,20,0,RBM12_WV3_S1_R2_SS261001102_QALIGN_F50K_v1
RBM12_WV3_S1_R2_SS261001102_H0_F50K_v1__NATIVE__EXACT_50000,RBM12_WV3_S1_R2_SS261001102_H0_F50K_v1,s1,2,261001102,H0,EXACT_50000,20,20,0,RBM12_WV3_S1_R2_SS261001102_H0_F50K_v1
RBM12_WV3_S1_R2_SS261001102_H0_F50K_v1__NATIVE__RR_VAL_ERGAS_MIN,RBM12_WV3_S1_R2_SS261001102_H0_F50K_v1,s1,2,261001102,H0,RR_VAL_ERGAS_MIN,20,20,0,RBM12_WV3_S1_R2_SS261001102_H0_F50K_v1
RBM12_WV3_S1_R2_SS261001102_HSPMEAN_F50K_v1__NATIVE__EXACT_50000,RBM12_WV3_S1_R2_SS261001102_HSPMEAN_F50K_v1,s1,2,261001102,HSPMEAN,EXACT_50000,20,20,0,RBM12_WV3_S1_R2_SS261001102_HSPMEAN_F50K_v1
RBM12_WV3_S1_R2_SS261001102_HSPMEAN_F50K_v1__NATIVE__RR_VAL_ERGAS_MIN,RBM12_WV3_S1_R2_SS261001102_HSPMEAN_F50K_v1,s1,2,261001102,HSPMEAN,RR_VAL_ERGAS_MIN,20,20,0,RBM12_WV3_S1_R2_SS261001102_HSPMEAN_F50K_v1
RBM12_WV3_S1_R2_SS261001102_NOADV_F50K_v1__NATIVE__EXACT_50000,RBM12_WV3_S1_R2_SS261001102_NOADV_F50K_v1,s1,2,261001102,NOADV,EXACT_50000,20,20,0,RBM12_WV3_S1_R2_SS261001102_NOADV_F50K_v1
RBM12_WV3_S1_R2_SS261001102_NOADV_F50K_v1__NATIVE__RR_VAL_ERGAS_MIN,RBM12_WV3_S1_R2_SS261001102_NOADV_F50K_v1,s1,2,261001102,NOADV,RR_VAL_ERGAS_MIN,20,20,0,RBM12_WV3_S1_R2_SS261001102_NOADV_F50K_v1
RBM12_WV3_S1_R2_SS261001102_ADVMEAN_F50K_v1__NATIVE__EXACT_50000,RBM12_WV3_S1_R2_SS261001102_ADVMEAN_F50K_v1,s1,2,261001102,ADVMEAN,EXACT_50000,20,20,0,RBM12_WV3_S1_R2_SS261001102_ADVMEAN_F50K_v1
RBM12_WV3_S1_R2_SS261001102_ADVMEAN_F50K_v1__NATIVE__RR_VAL_ERGAS_MIN,RBM12_WV3_S1_R2_SS261001102_ADVMEAN_F50K_v1,s1,2,261001102,ADVMEAN,RR_VAL_ERGAS_MIN,20,20,0,RBM12_WV3_S1_R2_SS261001102_ADVMEAN_F50K_v1
RBM12_WV3_S1_R3_SS261001103_QFULL_F50K_v1__NATIVE__EXACT_50000,RBM12_WV3_S1_R3_SS261001103_QFULL_F50K_v1,s1,3,261001103,QFULL,EXACT_50000,20,20,0,RBM12_WV3_S1_R3_SS261001103_QFULL_F50K_v1
RBM12_WV3_S1_R3_SS261001103_QFULL_F50K_v1__NATIVE__RR_VAL_ERGAS_MIN,RBM12_WV3_S1_R3_SS261001103_QFULL_F50K_v1,s1,3,261001103,QFULL,RR_VAL_ERGAS_MIN,20,20,0,RBM12_WV3_S1_R3_SS261001103_QFULL_F50K_v1
RBM12_WV3_S1_R3_SS261001103_QMEAN_F50K_v1__NATIVE__EXACT_50000,RBM12_WV3_S1_R3_SS261001103_QMEAN_F50K_v1,s1,3,261001103,QMEAN,EXACT_50000,20,20,0,RBM12_WV3_S1_R3_SS261001103_QMEAN_F50K_v1
RBM12_WV3_S1_R3_SS261001103_QMEAN_F50K_v1__NATIVE__RR_VAL_ERGAS_MIN,RBM12_WV3_S1_R3_SS261001103_QMEAN_F50K_v1,s1,3,261001103,QMEAN,RR_VAL_ERGAS_MIN,20,20,0,RBM12_WV3_S1_R3_SS261001103_QMEAN_F50K_v1
RBM12_WV3_S1_R3_SS261001103_QSHUF_F50K_v1__NATIVE__EXACT_50000,RBM12_WV3_S1_R3_SS261001103_QSHUF_F50K_v1,s1,3,261001103,QSHUF,EXACT_50000,20,20,0,RBM12_WV3_S1_R3_SS261001103_QSHUF_F50K_v1
RBM12_WV3_S1_R3_SS261001103_QSHUF_F50K_v1__NATIVE__RR_VAL_ERGAS_MIN,RBM12_WV3_S1_R3_SS261001103_QSHUF_F50K_v1,s1,3,261001103,QSHUF,RR_VAL_ERGAS_MIN,20,20,0,RBM12_WV3_S1_R3_SS261001103_QSHUF_F50K_v1
RBM12_WV3_S1_R3_SS261001103_QESUR_F50K_v1__NATIVE__EXACT_50000,RBM12_WV3_S1_R3_SS261001103_QESUR_F50K_v1,s1,3,261001103,QESUR,EXACT_50000,20,20,0,RBM12_WV3_S1_R3_SS261001103_QESUR_F50K_v1
RBM12_WV3_S1_R3_SS261001103_QESUR_F50K_v1__NATIVE__RR_VAL_ERGAS_MIN,RBM12_WV3_S1_R3_SS261001103_QESUR_F50K_v1,s1,3,261001103,QESUR,RR_VAL_ERGAS_MIN,20,20,0,RBM12_WV3_S1_R3_SS261001103_QESUR_F50K_v1
RBM12_WV3_S1_R3_SS261001103_QEDGE_F50K_v1__NATIVE__EXACT_50000,RBM12_WV3_S1_R3_SS261001103_QEDGE_F50K_v1,s1,3,261001103,QEDGE,EXACT_50000,20,20,0,RBM12_WV3_S1_R3_SS261001103_QEDGE_F50K_v1
RBM12_WV3_S1_R3_SS261001103_QEDGE_F50K_v1__NATIVE__RR_VAL_ERGAS_MIN,RBM12_WV3_S1_R3_SS261001103_QEDGE_F50K_v1,s1,3,261001103,QEDGE,RR_VAL_ERGAS_MIN,20,20,0,RBM12_WV3_S1_R3_SS261001103_QEDGE_F50K_v1
RBM12_WV3_S1_R3_SS261001103_QALIGN_F50K_v1__NATIVE__EXACT_50000,RBM12_WV3_S1_R3_SS261001103_QALIGN_F50K_v1,s1,3,261001103,QALIGN,EXACT_50000,20,20,0,RBM12_WV3_S1_R3_SS261001103_QALIGN_F50K_v1
RBM12_WV3_S1_R3_SS261001103_QALIGN_F50K_v1__NATIVE__RR_VAL_ERGAS_MIN,RBM12_WV3_S1_R3_SS261001103_QALIGN_F50K_v1,s1,3,261001103,QALIGN,RR_VAL_ERGAS_MIN,20,20,0,RBM12_WV3_S1_R3_SS261001103_QALIGN_F50K_v1
RBM12_WV3_S1_R3_SS261001103_H0_F50K_v1__NATIVE__EXACT_50000,RBM12_WV3_S1_R3_SS261001103_H0_F50K_v1,s1,3,261001103,H0,EXACT_50000,20,20,0,RBM12_WV3_S1_R3_SS261001103_H0_F50K_v1
RBM12_WV3_S1_R3_SS261001103_H0_F50K_v1__NATIVE__RR_VAL_ERGAS_MIN,RBM12_WV3_S1_R3_SS261001103_H0_F50K_v1,s1,3,261001103,H0,RR_VAL_ERGAS_MIN,20,20,0,RBM12_WV3_S1_R3_SS261001103_H0_F50K_v1
RBM12_WV3_S1_R3_SS261001103_HSPMEAN_F50K_v1__NATIVE__EXACT_50000,RBM12_WV3_S1_R3_SS261001103_HSPMEAN_F50K_v1,s1,3,261001103,HSPMEAN,EXACT_50000,20,20,0,RBM12_WV3_S1_R3_SS261001103_HSPMEAN_F50K_v1
RBM12_WV3_S1_R3_SS261001103_HSPMEAN_F50K_v1__NATIVE__RR_VAL_ERGAS_MIN,RBM12_WV3_S1_R3_SS261001103_HSPMEAN_F50K_v1,s1,3,261001103,HSPMEAN,RR_VAL_ERGAS_MIN,20,20,0,RBM12_WV3_S1_R3_SS261001103_HSPMEAN_F50K_v1
RBM12_WV3_S1_R3_SS261001103_NOADV_F50K_v1__NATIVE__EXACT_50000,RBM12_WV3_S1_R3_SS261001103_NOADV_F50K_v1,s1,3,261001103,NOADV,EXACT_50000,20,20,0,RBM12_WV3_S1_R3_SS261001103_NOADV_F50K_v1
RBM12_WV3_S1_R3_SS261001103_NOADV_F50K_v1__NATIVE__RR_VAL_ERGAS_MIN,RBM12_WV3_S1_R3_SS261001103_NOADV_F50K_v1,s1,3,261001103,NOADV,RR_VAL_ERGAS_MIN,20,20,0,RBM12_WV3_S1_R3_SS261001103_NOADV_F50K_v1
RBM12_WV3_S1_R3_SS261001103_ADVMEAN_F50K_v1__NATIVE__EXACT_50000,RBM12_WV3_S1_R3_SS261001103_ADVMEAN_F50K_v1,s1,3,261001103,ADVMEAN,EXACT_50000,20,20,0,RBM12_WV3_S1_R3_SS261001103_ADVMEAN_F50K_v1
RBM12_WV3_S1_R3_SS261001103_ADVMEAN_F50K_v1__NATIVE__RR_VAL_ERGAS_MIN,RBM12_WV3_S1_R3_SS261001103_ADVMEAN_F50K_v1,s1,3,261001103,ADVMEAN,RR_VAL_ERGAS_MIN,20,20,0,RBM12_WV3_S1_R3_SS261001103_ADVMEAN_F50K_v1
RBM12_WV3_S1_R4_SS261001104_QFULL_F50K_v1__NATIVE__EXACT_50000,RBM12_WV3_S1_R4_SS261001104_QFULL_F50K_v1,s1,4,261001104,QFULL,EXACT_50000,20,20,0,RBM12_WV3_S1_R4_SS261001104_QFULL_F50K_v1
RBM12_WV3_S1_R4_SS261001104_QFULL_F50K_v1__NATIVE__RR_VAL_ERGAS_MIN,RBM12_WV3_S1_R4_SS261001104_QFULL_F50K_v1,s1,4,261001104,QFULL,RR_VAL_ERGAS_MIN,20,20,0,RBM12_WV3_S1_R4_SS261001104_QFULL_F50K_v1
RBM12_WV3_S1_R4_SS261001104_QMEAN_F50K_v1__NATIVE__EXACT_50000,RBM12_WV3_S1_R4_SS261001104_QMEAN_F50K_v1,s1,4,261001104,QMEAN,EXACT_50000,20,20,0,RBM12_WV3_S1_R4_SS261001104_QMEAN_F50K_v1
RBM12_WV3_S1_R4_SS261001104_QMEAN_F50K_v1__NATIVE__RR_VAL_ERGAS_MIN,RBM12_WV3_S1_R4_SS261001104_QMEAN_F50K_v1,s1,4,261001104,QMEAN,RR_VAL_ERGAS_MIN,20,20,0,RBM12_WV3_S1_R4_SS261001104_QMEAN_F50K_v1
RBM12_WV3_S1_R4_SS261001104_QSHUF_F50K_v1__NATIVE__EXACT_50000,RBM12_WV3_S1_R4_SS261001104_QSHUF_F50K_v1,s1,4,261001104,QSHUF,EXACT_50000,20,20,0,RBM12_WV3_S1_R4_SS261001104_QSHUF_F50K_v1
RBM12_WV3_S1_R4_SS261001104_QSHUF_F50K_v1__NATIVE__RR_VAL_ERGAS_MIN,RBM12_WV3_S1_R4_SS261001104_QSHUF_F50K_v1,s1,4,261001104,QSHUF,RR_VAL_ERGAS_MIN,20,20,0,RBM12_WV3_S1_R4_SS261001104_QSHUF_F50K_v1
RBM12_WV3_S1_R4_SS261001104_QESUR_F50K_v1__NATIVE__EXACT_50000,RBM12_WV3_S1_R4_SS261001104_QESUR_F50K_v1,s1,4,261001104,QESUR,EXACT_50000,20,20,0,RBM12_WV3_S1_R4_SS261001104_QESUR_F50K_v1
RBM12_WV3_S1_R4_SS261001104_QESUR_F50K_v1__NATIVE__RR_VAL_ERGAS_MIN,RBM12_WV3_S1_R4_SS261001104_QESUR_F50K_v1,s1,4,261001104,QESUR,RR_VAL_ERGAS_MIN,20,20,0,RBM12_WV3_S1_R4_SS261001104_QESUR_F50K_v1
RBM12_WV3_S1_R4_SS261001104_QEDGE_F50K_v1__NATIVE__EXACT_50000,RBM12_WV3_S1_R4_SS261001104_QEDGE_F50K_v1,s1,4,261001104,QEDGE,EXACT_50000,20,20,0,RBM12_WV3_S1_R4_SS261001104_QEDGE_F50K_v1
RBM12_WV3_S1_R4_SS261001104_QEDGE_F50K_v1__NATIVE__RR_VAL_ERGAS_MIN,RBM12_WV3_S1_R4_SS261001104_QEDGE_F50K_v1,s1,4,261001104,QEDGE,RR_VAL_ERGAS_MIN,20,20,0,RBM12_WV3_S1_R4_SS261001104_QEDGE_F50K_v1
RBM12_WV3_S1_R4_SS261001104_QALIGN_F50K_v1__NATIVE__EXACT_50000,RBM12_WV3_S1_R4_SS261001104_QALIGN_F50K_v1,s1,4,261001104,QALIGN,EXACT_50000,20,20,0,RBM12_WV3_S1_R4_SS261001104_QALIGN_F50K_v1
RBM12_WV3_S1_R4_SS261001104_QALIGN_F50K_v1__NATIVE__RR_VAL_ERGAS_MIN,RBM12_WV3_S1_R4_SS261001104_QALIGN_F50K_v1,s1,4,261001104,QALIGN,RR_VAL_ERGAS_MIN,20,20,0,RBM12_WV3_S1_R4_SS261001104_QALIGN_F50K_v1
RBM12_WV3_S1_R4_SS261001104_H0_F50K_v1__NATIVE__EXACT_50000,RBM12_WV3_S1_R4_SS261001104_H0_F50K_v1,s1,4,261001104,H0,EXACT_50000,20,20,0,RBM12_WV3_S1_R4_SS261001104_H0_F50K_v1
RBM12_WV3_S1_R4_SS261001104_H0_F50K_v1__NATIVE__RR_VAL_ERGAS_MIN,RBM12_WV3_S1_R4_SS261001104_H0_F50K_v1,s1,4,261001104,H0,RR_VAL_ERGAS_MIN,20,20,0,RBM12_WV3_S1_R4_SS261001104_H0_F50K_v1
RBM12_WV3_S1_R4_SS261001104_HSPMEAN_F50K_v1__NATIVE__EXACT_50000,RBM12_WV3_S1_R4_SS261001104_HSPMEAN_F50K_v1,s1,4,261001104,HSPMEAN,EXACT_50000,20,20,0,RBM12_WV3_S1_R4_SS261001104_HSPMEAN_F50K_v1
RBM12_WV3_S1_R4_SS261001104_HSPMEAN_F50K_v1__NATIVE__RR_VAL_ERGAS_MIN,RBM12_WV3_S1_R4_SS261001104_HSPMEAN_F50K_v1,s1,4,261001104,HSPMEAN,RR_VAL_ERGAS_MIN,20,20,0,RBM12_WV3_S1_R4_SS261001104_HSPMEAN_F50K_v1
RBM12_WV3_S1_R4_SS261001104_NOADV_F50K_v1__NATIVE__EXACT_50000,RBM12_WV3_S1_R4_SS261001104_NOADV_F50K_v1,s1,4,261001104,NOADV,EXACT_50000,20,20,0,RBM12_WV3_S1_R4_SS261001104_NOADV_F50K_v1
RBM12_WV3_S1_R4_SS261001104_NOADV_F50K_v1__NATIVE__RR_VAL_ERGAS_MIN,RBM12_WV3_S1_R4_SS261001104_NOADV_F50K_v1,s1,4,261001104,NOADV,RR_VAL_ERGAS_MIN,20,20,0,RBM12_WV3_S1_R4_SS261001104_NOADV_F50K_v1
RBM12_WV3_S1_R4_SS261001104_ADVMEAN_F50K_v1__NATIVE__EXACT_50000,RBM12_WV3_S1_R4_SS261001104_ADVMEAN_F50K_v1,s1,4,261001104,ADVMEAN,EXACT_50000,20,20,0,RBM12_WV3_S1_R4_SS261001104_ADVMEAN_F50K_v1
RBM12_WV3_S1_R4_SS261001104_ADVMEAN_F50K_v1__NATIVE__RR_VAL_ERGAS_MIN,RBM12_WV3_S1_R4_SS261001104_ADVMEAN_F50K_v1,s1,4,261001104,ADVMEAN,RR_VAL_ERGAS_MIN,20,20,0,RBM12_WV3_S1_R4_SS261001104_ADVMEAN_F50K_v1
RBM12_WV3_S3_R1_SS261001301_QFULL_F50K_v1__NATIVE__EXACT_50000,RBM12_WV3_S3_R1_SS261001301_QFULL_F50K_v1,s3,1,261001301,QFULL,EXACT_50000,20,20,0,RBM12_WV3_S3_R1_SS261001301_QFULL_F50K_v1
RBM12_WV3_S3_R1_SS261001301_QFULL_F50K_v1__NATIVE__RR_VAL_ERGAS_MIN,RBM12_WV3_S3_R1_SS261001301_QFULL_F50K_v1,s3,1,261001301,QFULL,RR_VAL_ERGAS_MIN,20,20,0,RBM12_WV3_S3_R1_SS261001301_QFULL_F50K_v1
RBM12_WV3_S3_R1_SS261001301_QMEAN_F50K_v1__NATIVE__EXACT_50000,RBM12_WV3_S3_R1_SS261001301_QMEAN_F50K_v1,s3,1,261001301,QMEAN,EXACT_50000,20,20,0,RBM12_WV3_S3_R1_SS261001301_QMEAN_F50K_v1
RBM12_WV3_S3_R1_SS261001301_QMEAN_F50K_v1__NATIVE__RR_VAL_ERGAS_MIN,RBM12_WV3_S3_R1_SS261001301_QMEAN_F50K_v1,s3,1,261001301,QMEAN,RR_VAL_ERGAS_MIN,20,20,0,RBM12_WV3_S3_R1_SS261001301_QMEAN_F50K_v1
RBM12_WV3_S3_R1_SS261001301_QSHUF_F50K_v1__NATIVE__EXACT_50000,RBM12_WV3_S3_R1_SS261001301_QSHUF_F50K_v1,s3,1,261001301,QSHUF,EXACT_50000,20,20,0,RBM12_WV3_S3_R1_SS261001301_QSHUF_F50K_v1
RBM12_WV3_S3_R1_SS261001301_QSHUF_F50K_v1__NATIVE__RR_VAL_ERGAS_MIN,RBM12_WV3_S3_R1_SS261001301_QSHUF_F50K_v1,s3,1,261001301,QSHUF,RR_VAL_ERGAS_MIN,20,20,0,RBM12_WV3_S3_R1_SS261001301_QSHUF_F50K_v1
RBM12_WV3_S3_R1_SS261001301_QESUR_F50K_v1__NATIVE__EXACT_50000,RBM12_WV3_S3_R1_SS261001301_QESUR_F50K_v1,s3,1,261001301,QESUR,EXACT_50000,20,20,0,RBM12_WV3_S3_R1_SS261001301_QESUR_F50K_v1
RBM12_WV3_S3_R1_SS261001301_QESUR_F50K_v1__NATIVE__RR_VAL_ERGAS_MIN,RBM12_WV3_S3_R1_SS261001301_QESUR_F50K_v1,s3,1,261001301,QESUR,RR_VAL_ERGAS_MIN,20,20,0,RBM12_WV3_S3_R1_SS261001301_QESUR_F50K_v1
RBM12_WV3_S3_R1_SS261001301_QEDGE_F50K_v1__NATIVE__EXACT_50000,RBM12_WV3_S3_R1_SS261001301_QEDGE_F50K_v1,s3,1,261001301,QEDGE,EXACT_50000,20,20,0,RBM12_WV3_S3_R1_SS261001301_QEDGE_F50K_v1
RBM12_WV3_S3_R1_SS261001301_QEDGE_F50K_v1__NATIVE__RR_VAL_ERGAS_MIN,RBM12_WV3_S3_R1_SS261001301_QEDGE_F50K_v1,s3,1,261001301,QEDGE,RR_VAL_ERGAS_MIN,20,20,0,RBM12_WV3_S3_R1_SS261001301_QEDGE_F50K_v1
RBM12_WV3_S3_R1_SS261001301_QALIGN_F50K_v1__NATIVE__EXACT_50000,RBM12_WV3_S3_R1_SS261001301_QALIGN_F50K_v1,s3,1,261001301,QALIGN,EXACT_50000,20,20,0,RBM12_WV3_S3_R1_SS261001301_QALIGN_F50K_v1
RBM12_WV3_S3_R1_SS261001301_QALIGN_F50K_v1__NATIVE__RR_VAL_ERGAS_MIN,RBM12_WV3_S3_R1_SS261001301_QALIGN_F50K_v1,s3,1,261001301,QALIGN,RR_VAL_ERGAS_MIN,20,20,0,RBM12_WV3_S3_R1_SS261001301_QALIGN_F50K_v1
RBM12_WV3_S3_R1_SS261001301_H0_F50K_v1__NATIVE__EXACT_50000,RBM12_WV3_S3_R1_SS261001301_H0_F50K_v1,s3,1,261001301,H0,EXACT_50000,20,20,0,RBM12_WV3_S3_R1_SS261001301_H0_F50K_v1
RBM12_WV3_S3_R1_SS261001301_H0_F50K_v1__NATIVE__RR_VAL_ERGAS_MIN,RBM12_WV3_S3_R1_SS261001301_H0_F50K_v1,s3,1,261001301,H0,RR_VAL_ERGAS_MIN,20,20,0,RBM12_WV3_S3_R1_SS261001301_H0_F50K_v1
RBM12_WV3_S3_R1_SS261001301_HSPMEAN_F50K_v1__NATIVE__EXACT_50000,RBM12_WV3_S3_R1_SS261001301_HSPMEAN_F50K_v1,s3,1,261001301,HSPMEAN,EXACT_50000,20,20,0,RBM12_WV3_S3_R1_SS261001301_HSPMEAN_F50K_v1
RBM12_WV3_S3_R1_SS261001301_HSPMEAN_F50K_v1__NATIVE__RR_VAL_ERGAS_MIN,RBM12_WV3_S3_R1_SS261001301_HSPMEAN_F50K_v1,s3,1,261001301,HSPMEAN,RR_VAL_ERGAS_MIN,20,20,0,RBM12_WV3_S3_R1_SS261001301_HSPMEAN_F50K_v1
RBM12_WV3_S3_R1_SS261001301_NOADV_F50K_v1__NATIVE__EXACT_50000,RBM12_WV3_S3_R1_SS261001301_NOADV_F50K_v1,s3,1,261001301,NOADV,EXACT_50000,20,20,0,RBM12_WV3_S3_R1_SS261001301_NOADV_F50K_v1
RBM12_WV3_S3_R1_SS261001301_NOADV_F50K_v1__NATIVE__RR_VAL_ERGAS_MIN,RBM12_WV3_S3_R1_SS261001301_NOADV_F50K_v1,s3,1,261001301,NOADV,RR_VAL_ERGAS_MIN,20,20,0,RBM12_WV3_S3_R1_SS261001301_NOADV_F50K_v1
RBM12_WV3_S3_R1_SS261001301_ADVMEAN_F50K_v1__NATIVE__EXACT_50000,RBM12_WV3_S3_R1_SS261001301_ADVMEAN_F50K_v1,s3,1,261001301,ADVMEAN,EXACT_50000,20,20,0,RBM12_WV3_S3_R1_SS261001301_ADVMEAN_F50K_v1
RBM12_WV3_S3_R1_SS261001301_ADVMEAN_F50K_v1__NATIVE__RR_VAL_ERGAS_MIN,RBM12_WV3_S3_R1_SS261001301_ADVMEAN_F50K_v1,s3,1,261001301,ADVMEAN,RR_VAL_ERGAS_MIN,20,20,0,RBM12_WV3_S3_R1_SS261001301_ADVMEAN_F50K_v1
RBM12_WV3_S3_R2_SS261001302_QFULL_F50K_v1__NATIVE__EXACT_50000,RBM12_WV3_S3_R2_SS261001302_QFULL_F50K_v1,s3,2,261001302,QFULL,EXACT_50000,20,20,0,RBM12_WV3_S3_R2_SS261001302_QFULL_F50K_v1
RBM12_WV3_S3_R2_SS261001302_QFULL_F50K_v1__NATIVE__RR_VAL_ERGAS_MIN,RBM12_WV3_S3_R2_SS261001302_QFULL_F50K_v1,s3,2,261001302,QFULL,RR_VAL_ERGAS_MIN,20,20,0,RBM12_WV3_S3_R2_SS261001302_QFULL_F50K_v1
RBM12_WV3_S3_R2_SS261001302_QMEAN_F50K_v1__NATIVE__EXACT_50000,RBM12_WV3_S3_R2_SS261001302_QMEAN_F50K_v1,s3,2,261001302,QMEAN,EXACT_50000,20,20,0,RBM12_WV3_S3_R2_SS261001302_QMEAN_F50K_v1
RBM12_WV3_S3_R2_SS261001302_QMEAN_F50K_v1__NATIVE__RR_VAL_ERGAS_MIN,RBM12_WV3_S3_R2_SS261001302_QMEAN_F50K_v1,s3,2,261001302,QMEAN,RR_VAL_ERGAS_MIN,20,20,0,RBM12_WV3_S3_R2_SS261001302_QMEAN_F50K_v1
RBM12_WV3_S3_R2_SS261001302_QSHUF_F50K_v1__NATIVE__EXACT_50000,RBM12_WV3_S3_R2_SS261001302_QSHUF_F50K_v1,s3,2,261001302,QSHUF,EXACT_50000,20,20,0,RBM12_WV3_S3_R2_SS261001302_QSHUF_F50K_v1
RBM12_WV3_S3_R2_SS261001302_QSHUF_F50K_v1__NATIVE__RR_VAL_ERGAS_MIN,RBM12_WV3_S3_R2_SS261001302_QSHUF_F50K_v1,s3,2,261001302,QSHUF,RR_VAL_ERGAS_MIN,20,20,0,RBM12_WV3_S3_R2_SS261001302_QSHUF_F50K_v1
RBM12_WV3_S3_R2_SS261001302_QESUR_F50K_v1__NATIVE__EXACT_50000,RBM12_WV3_S3_R2_SS261001302_QESUR_F50K_v1,s3,2,261001302,QESUR,EXACT_50000,20,20,0,RBM12_WV3_S3_R2_SS261001302_QESUR_F50K_v1
RBM12_WV3_S3_R2_SS261001302_QESUR_F50K_v1__NATIVE__RR_VAL_ERGAS_MIN,RBM12_WV3_S3_R2_SS261001302_QESUR_F50K_v1,s3,2,261001302,QESUR,RR_VAL_ERGAS_MIN,20,20,0,RBM12_WV3_S3_R2_SS261001302_QESUR_F50K_v1
RBM12_WV3_S3_R2_SS261001302_QEDGE_F50K_v1__NATIVE__EXACT_50000,RBM12_WV3_S3_R2_SS261001302_QEDGE_F50K_v1,s3,2,261001302,QEDGE,EXACT_50000,20,20,0,RBM12_WV3_S3_R2_SS261001302_QEDGE_F50K_v1
RBM12_WV3_S3_R2_SS261001302_QEDGE_F50K_v1__NATIVE__RR_VAL_ERGAS_MIN,RBM12_WV3_S3_R2_SS261001302_QEDGE_F50K_v1,s3,2,261001302,QEDGE,RR_VAL_ERGAS_MIN,20,20,0,RBM12_WV3_S3_R2_SS261001302_QEDGE_F50K_v1
RBM12_WV3_S3_R2_SS261001302_QALIGN_F50K_v1__NATIVE__EXACT_50000,RBM12_WV3_S3_R2_SS261001302_QALIGN_F50K_v1,s3,2,261001302,QALIGN,EXACT_50000,20,20,0,RBM12_WV3_S3_R2_SS261001302_QALIGN_F50K_v1
RBM12_WV3_S3_R2_SS261001302_QALIGN_F50K_v1__NATIVE__RR_VAL_ERGAS_MIN,RBM12_WV3_S3_R2_SS261001302_QALIGN_F50K_v1,s3,2,261001302,QALIGN,RR_VAL_ERGAS_MIN,20,20,0,RBM12_WV3_S3_R2_SS261001302_QALIGN_F50K_v1
RBM12_WV3_S3_R2_SS261001302_H0_F50K_v1__NATIVE__EXACT_50000,RBM12_WV3_S3_R2_SS261001302_H0_F50K_v1,s3,2,261001302,H0,EXACT_50000,20,20,0,RBM12_WV3_S3_R2_SS261001302_H0_F50K_v1
RBM12_WV3_S3_R2_SS261001302_H0_F50K_v1__NATIVE__RR_VAL_ERGAS_MIN,RBM12_WV3_S3_R2_SS261001302_H0_F50K_v1,s3,2,261001302,H0,RR_VAL_ERGAS_MIN,20,20,0,RBM12_WV3_S3_R2_SS261001302_H0_F50K_v1
RBM12_WV3_S3_R2_SS261001302_HSPMEAN_F50K_v1__NATIVE__EXACT_50000,RBM12_WV3_S3_R2_SS261001302_HSPMEAN_F50K_v1,s3,2,261001302,HSPMEAN,EXACT_50000,20,20,0,RBM12_WV3_S3_R2_SS261001302_HSPMEAN_F50K_v1
RBM12_WV3_S3_R2_SS261001302_HSPMEAN_F50K_v1__NATIVE__RR_VAL_ERGAS_MIN,RBM12_WV3_S3_R2_SS261001302_HSPMEAN_F50K_v1,s3,2,261001302,HSPMEAN,RR_VAL_ERGAS_MIN,20,20,0,RBM12_WV3_S3_R2_SS261001302_HSPMEAN_F50K_v1
RBM12_WV3_S3_R2_SS261001302_NOADV_F50K_v1__NATIVE__EXACT_50000,RBM12_WV3_S3_R2_SS261001302_NOADV_F50K_v1,s3,2,261001302,NOADV,EXACT_50000,20,20,0,RBM12_WV3_S3_R2_SS261001302_NOADV_F50K_v1
RBM12_WV3_S3_R2_SS261001302_NOADV_F50K_v1__NATIVE__RR_VAL_ERGAS_MIN,RBM12_WV3_S3_R2_SS261001302_NOADV_F50K_v1,s3,2,261001302,NOADV,RR_VAL_ERGAS_MIN,20,20,0,RBM12_WV3_S3_R2_SS261001302_NOADV_F50K_v1
RBM12_WV3_S3_R2_SS261001302_ADVMEAN_F50K_v1__NATIVE__EXACT_50000,RBM12_WV3_S3_R2_SS261001302_ADVMEAN_F50K_v1,s3,2,261001302,ADVMEAN,EXACT_50000,20,20,0,RBM12_WV3_S3_R2_SS261001302_ADVMEAN_F50K_v1
RBM12_WV3_S3_R2_SS261001302_ADVMEAN_F50K_v1__NATIVE__RR_VAL_ERGAS_MIN,RBM12_WV3_S3_R2_SS261001302_ADVMEAN_F50K_v1,s3,2,261001302,ADVMEAN,RR_VAL_ERGAS_MIN,20,20,0,RBM12_WV3_S3_R2_SS261001302_ADVMEAN_F50K_v1
RBM12_WV3_S3_R3_SS261001303_QFULL_F50K_v1__NATIVE__EXACT_50000,RBM12_WV3_S3_R3_SS261001303_QFULL_F50K_v1,s3,3,261001303,QFULL,EXACT_50000,20,20,0,RBM12_WV3_S3_R3_SS261001303_QFULL_F50K_v1
RBM12_WV3_S3_R3_SS261001303_QFULL_F50K_v1__NATIVE__RR_VAL_ERGAS_MIN,RBM12_WV3_S3_R3_SS261001303_QFULL_F50K_v1,s3,3,261001303,QFULL,RR_VAL_ERGAS_MIN,20,20,0,RBM12_WV3_S3_R3_SS261001303_QFULL_F50K_v1
RBM12_WV3_S3_R3_SS261001303_QMEAN_F50K_v1__NATIVE__EXACT_50000,RBM12_WV3_S3_R3_SS261001303_QMEAN_F50K_v1,s3,3,261001303,QMEAN,EXACT_50000,20,20,0,RBM12_WV3_S3_R3_SS261001303_QMEAN_F50K_v1
RBM12_WV3_S3_R3_SS261001303_QMEAN_F50K_v1__NATIVE__RR_VAL_ERGAS_MIN,RBM12_WV3_S3_R3_SS261001303_QMEAN_F50K_v1,s3,3,261001303,QMEAN,RR_VAL_ERGAS_MIN,20,20,0,RBM12_WV3_S3_R3_SS261001303_QMEAN_F50K_v1
RBM12_WV3_S3_R3_SS261001303_QSHUF_F50K_v1__NATIVE__EXACT_50000,RBM12_WV3_S3_R3_SS261001303_QSHUF_F50K_v1,s3,3,261001303,QSHUF,EXACT_50000,20,20,0,RBM12_WV3_S3_R3_SS261001303_QSHUF_F50K_v1
RBM12_WV3_S3_R3_SS261001303_QSHUF_F50K_v1__NATIVE__RR_VAL_ERGAS_MIN,RBM12_WV3_S3_R3_SS261001303_QSHUF_F50K_v1,s3,3,261001303,QSHUF,RR_VAL_ERGAS_MIN,20,20,0,RBM12_WV3_S3_R3_SS261001303_QSHUF_F50K_v1
RBM12_WV3_S3_R3_SS261001303_QESUR_F50K_v1__NATIVE__EXACT_50000,RBM12_WV3_S3_R3_SS261001303_QESUR_F50K_v1,s3,3,261001303,QESUR,EXACT_50000,20,20,0,RBM12_WV3_S3_R3_SS261001303_QESUR_F50K_v1
RBM12_WV3_S3_R3_SS261001303_QESUR_F50K_v1__NATIVE__RR_VAL_ERGAS_MIN,RBM12_WV3_S3_R3_SS261001303_QESUR_F50K_v1,s3,3,261001303,QESUR,RR_VAL_ERGAS_MIN,20,20,0,RBM12_WV3_S3_R3_SS261001303_QESUR_F50K_v1
RBM12_WV3_S3_R3_SS261001303_QEDGE_F50K_v1__NATIVE__EXACT_50000,RBM12_WV3_S3_R3_SS261001303_QEDGE_F50K_v1,s3,3,261001303,QEDGE,EXACT_50000,20,20,0,RBM12_WV3_S3_R3_SS261001303_QEDGE_F50K_v1
RBM12_WV3_S3_R3_SS261001303_QEDGE_F50K_v1__NATIVE__RR_VAL_ERGAS_MIN,RBM12_WV3_S3_R3_SS261001303_QEDGE_F50K_v1,s3,3,261001303,QEDGE,RR_VAL_ERGAS_MIN,20,20,0,RBM12_WV3_S3_R3_SS261001303_QEDGE_F50K_v1
RBM12_WV3_S3_R3_SS261001303_QALIGN_F50K_v1__NATIVE__EXACT_50000,RBM12_WV3_S3_R3_SS261001303_QALIGN_F50K_v1,s3,3,261001303,QALIGN,EXACT_50000,20,20,0,RBM12_WV3_S3_R3_SS261001303_QALIGN_F50K_v1
RBM12_WV3_S3_R3_SS261001303_QALIGN_F50K_v1__NATIVE__RR_VAL_ERGAS_MIN,RBM12_WV3_S3_R3_SS261001303_QALIGN_F50K_v1,s3,3,261001303,QALIGN,RR_VAL_ERGAS_MIN,20,20,0,RBM12_WV3_S3_R3_SS261001303_QALIGN_F50K_v1
RBM12_WV3_S3_R3_SS261001303_H0_F50K_v1__NATIVE__EXACT_50000,RBM12_WV3_S3_R3_SS261001303_H0_F50K_v1,s3,3,261001303,H0,EXACT_50000,20,20,0,RBM12_WV3_S3_R3_SS261001303_H0_F50K_v1
RBM12_WV3_S3_R3_SS261001303_H0_F50K_v1__NATIVE__RR_VAL_ERGAS_MIN,RBM12_WV3_S3_R3_SS261001303_H0_F50K_v1,s3,3,261001303,H0,RR_VAL_ERGAS_MIN,20,20,0,RBM12_WV3_S3_R3_SS261001303_H0_F50K_v1
RBM12_WV3_S3_R3_SS261001303_HSPMEAN_F50K_v1__NATIVE__EXACT_50000,RBM12_WV3_S3_R3_SS261001303_HSPMEAN_F50K_v1,s3,3,261001303,HSPMEAN,EXACT_50000,20,20,0,RBM12_WV3_S3_R3_SS261001303_HSPMEAN_F50K_v1
RBM12_WV3_S3_R3_SS261001303_HSPMEAN_F50K_v1__NATIVE__RR_VAL_ERGAS_MIN,RBM12_WV3_S3_R3_SS261001303_HSPMEAN_F50K_v1,s3,3,261001303,HSPMEAN,RR_VAL_ERGAS_MIN,20,20,0,RBM12_WV3_S3_R3_SS261001303_HSPMEAN_F50K_v1
RBM12_WV3_S3_R3_SS261001303_NOADV_F50K_v1__NATIVE__EXACT_50000,RBM12_WV3_S3_R3_SS261001303_NOADV_F50K_v1,s3,3,261001303,NOADV,EXACT_50000,20,20,0,RBM12_WV3_S3_R3_SS261001303_NOADV_F50K_v1
RBM12_WV3_S3_R3_SS261001303_NOADV_F50K_v1__NATIVE__RR_VAL_ERGAS_MIN,RBM12_WV3_S3_R3_SS261001303_NOADV_F50K_v1,s3,3,261001303,NOADV,RR_VAL_ERGAS_MIN,20,20,0,RBM12_WV3_S3_R3_SS261001303_NOADV_F50K_v1
RBM12_WV3_S3_R3_SS261001303_ADVMEAN_F50K_v1__NATIVE__EXACT_50000,RBM12_WV3_S3_R3_SS261001303_ADVMEAN_F50K_v1,s3,3,261001303,ADVMEAN,EXACT_50000,20,20,0,RBM12_WV3_S3_R3_SS261001303_ADVMEAN_F50K_v1
RBM12_WV3_S3_R3_SS261001303_ADVMEAN_F50K_v1__NATIVE__RR_VAL_ERGAS_MIN,RBM12_WV3_S3_R3_SS261001303_ADVMEAN_F50K_v1,s3,3,261001303,ADVMEAN,RR_VAL_ERGAS_MIN,20,20,0,RBM12_WV3_S3_R3_SS261001303_ADVMEAN_F50K_v1
RBM12_WV3_S3_R4_SS261001304_QFULL_F50K_v1__NATIVE__EXACT_50000,RBM12_WV3_S3_R4_SS261001304_QFULL_F50K_v1,s3,4,261001304,QFULL,EXACT_50000,20,20,0,RBM12_WV3_S3_R4_SS261001304_QFULL_F50K_v1
RBM12_WV3_S3_R4_SS261001304_QFULL_F50K_v1__NATIVE__RR_VAL_ERGAS_MIN,RBM12_WV3_S3_R4_SS261001304_QFULL_F50K_v1,s3,4,261001304,QFULL,RR_VAL_ERGAS_MIN,20,20,0,RBM12_WV3_S3_R4_SS261001304_QFULL_F50K_v1
RBM12_WV3_S3_R4_SS261001304_QMEAN_F50K_v1__NATIVE__EXACT_50000,RBM12_WV3_S3_R4_SS261001304_QMEAN_F50K_v1,s3,4,261001304,QMEAN,EXACT_50000,20,20,0,RBM12_WV3_S3_R4_SS261001304_QMEAN_F50K_v1
RBM12_WV3_S3_R4_SS261001304_QMEAN_F50K_v1__NATIVE__RR_VAL_ERGAS_MIN,RBM12_WV3_S3_R4_SS261001304_QMEAN_F50K_v1,s3,4,261001304,QMEAN,RR_VAL_ERGAS_MIN,20,20,0,RBM12_WV3_S3_R4_SS261001304_QMEAN_F50K_v1
RBM12_WV3_S3_R4_SS261001304_QSHUF_F50K_v1__NATIVE__EXACT_50000,RBM12_WV3_S3_R4_SS261001304_QSHUF_F50K_v1,s3,4,261001304,QSHUF,EXACT_50000,20,20,0,RBM12_WV3_S3_R4_SS261001304_QSHUF_F50K_v1
RBM12_WV3_S3_R4_SS261001304_QSHUF_F50K_v1__NATIVE__RR_VAL_ERGAS_MIN,RBM12_WV3_S3_R4_SS261001304_QSHUF_F50K_v1,s3,4,261001304,QSHUF,RR_VAL_ERGAS_MIN,20,20,0,RBM12_WV3_S3_R4_SS261001304_QSHUF_F50K_v1
RBM12_WV3_S3_R4_SS261001304_QESUR_F50K_v1__NATIVE__EXACT_50000,RBM12_WV3_S3_R4_SS261001304_QESUR_F50K_v1,s3,4,261001304,QESUR,EXACT_50000,20,20,0,RBM12_WV3_S3_R4_SS261001304_QESUR_F50K_v1
RBM12_WV3_S3_R4_SS261001304_QESUR_F50K_v1__NATIVE__RR_VAL_ERGAS_MIN,RBM12_WV3_S3_R4_SS261001304_QESUR_F50K_v1,s3,4,261001304,QESUR,RR_VAL_ERGAS_MIN,20,20,0,RBM12_WV3_S3_R4_SS261001304_QESUR_F50K_v1
RBM12_WV3_S3_R4_SS261001304_QEDGE_F50K_v1__NATIVE__EXACT_50000,RBM12_WV3_S3_R4_SS261001304_QEDGE_F50K_v1,s3,4,261001304,QEDGE,EXACT_50000,20,20,0,RBM12_WV3_S3_R4_SS261001304_QEDGE_F50K_v1
RBM12_WV3_S3_R4_SS261001304_QEDGE_F50K_v1__NATIVE__RR_VAL_ERGAS_MIN,RBM12_WV3_S3_R4_SS261001304_QEDGE_F50K_v1,s3,4,261001304,QEDGE,RR_VAL_ERGAS_MIN,20,20,0,RBM12_WV3_S3_R4_SS261001304_QEDGE_F50K_v1
RBM12_WV3_S3_R4_SS261001304_QALIGN_F50K_v1__NATIVE__EXACT_50000,RBM12_WV3_S3_R4_SS261001304_QALIGN_F50K_v1,s3,4,261001304,QALIGN,EXACT_50000,20,20,0,RBM12_WV3_S3_R4_SS261001304_QALIGN_F50K_v1
RBM12_WV3_S3_R4_SS261001304_QALIGN_F50K_v1__NATIVE__RR_VAL_ERGAS_MIN,RBM12_WV3_S3_R4_SS261001304_QALIGN_F50K_v1,s3,4,261001304,QALIGN,RR_VAL_ERGAS_MIN,20,20,0,RBM12_WV3_S3_R4_SS261001304_QALIGN_F50K_v1
RBM12_WV3_S3_R4_SS261001304_H0_F50K_v1__NATIVE__EXACT_50000,RBM12_WV3_S3_R4_SS261001304_H0_F50K_v1,s3,4,261001304,H0,EXACT_50000,20,20,0,RBM12_WV3_S3_R4_SS261001304_H0_F50K_v1
RBM12_WV3_S3_R4_SS261001304_H0_F50K_v1__NATIVE__RR_VAL_ERGAS_MIN,RBM12_WV3_S3_R4_SS261001304_H0_F50K_v1,s3,4,261001304,H0,RR_VAL_ERGAS_MIN,20,20,0,RBM12_WV3_S3_R4_SS261001304_H0_F50K_v1
RBM12_WV3_S3_R4_SS261001304_HSPMEAN_F50K_v1__NATIVE__EXACT_50000,RBM12_WV3_S3_R4_SS261001304_HSPMEAN_F50K_v1,s3,4,261001304,HSPMEAN,EXACT_50000,20,20,0,RBM12_WV3_S3_R4_SS261001304_HSPMEAN_F50K_v1
RBM12_WV3_S3_R4_SS261001304_HSPMEAN_F50K_v1__NATIVE__RR_VAL_ERGAS_MIN,RBM12_WV3_S3_R4_SS261001304_HSPMEAN_F50K_v1,s3,4,261001304,HSPMEAN,RR_VAL_ERGAS_MIN,20,20,0,RBM12_WV3_S3_R4_SS261001304_HSPMEAN_F50K_v1
RBM12_WV3_S3_R4_SS261001304_NOADV_F50K_v1__NATIVE__EXACT_50000,RBM12_WV3_S3_R4_SS261001304_NOADV_F50K_v1,s3,4,261001304,NOADV,EXACT_50000,20,20,0,RBM12_WV3_S3_R4_SS261001304_NOADV_F50K_v1
RBM12_WV3_S3_R4_SS261001304_NOADV_F50K_v1__NATIVE__RR_VAL_ERGAS_MIN,RBM12_WV3_S3_R4_SS261001304_NOADV_F50K_v1,s3,4,261001304,NOADV,RR_VAL_ERGAS_MIN,20,20,0,RBM12_WV3_S3_R4_SS261001304_NOADV_F50K_v1
RBM12_WV3_S3_R4_SS261001304_ADVMEAN_F50K_v1__NATIVE__EXACT_50000,RBM12_WV3_S3_R4_SS261001304_ADVMEAN_F50K_v1,s3,4,261001304,ADVMEAN,EXACT_50000,20,20,0,RBM12_WV3_S3_R4_SS261001304_ADVMEAN_F50K_v1
RBM12_WV3_S3_R4_SS261001304_ADVMEAN_F50K_v1__NATIVE__RR_VAL_ERGAS_MIN,RBM12_WV3_S3_R4_SS261001304_ADVMEAN_F50K_v1,s3,4,261001304,ADVMEAN,RR_VAL_ERGAS_MIN,20,20,0,RBM12_WV3_S3_R4_SS261001304_ADVMEAN_F50K_v1
RBM12_WV3_S5_R1_SS261001501_QFULL_F50K_v1__NATIVE__EXACT_50000,RBM12_WV3_S5_R1_SS261001501_QFULL_F50K_v1,s5,1,261001501,QFULL,EXACT_50000,20,20,0,RBM12_WV3_S5_R1_SS261001501_QFULL_F50K_v1
RBM12_WV3_S5_R1_SS261001501_QFULL_F50K_v1__NATIVE__RR_VAL_ERGAS_MIN,RBM12_WV3_S5_R1_SS261001501_QFULL_F50K_v1,s5,1,261001501,QFULL,RR_VAL_ERGAS_MIN,20,20,0,RBM12_WV3_S5_R1_SS261001501_QFULL_F50K_v1
RBM12_WV3_S5_R1_SS261001501_QMEAN_F50K_v1__NATIVE__EXACT_50000,RBM12_WV3_S5_R1_SS261001501_QMEAN_F50K_v1,s5,1,261001501,QMEAN,EXACT_50000,20,20,0,RBM12_WV3_S5_R1_SS261001501_QMEAN_F50K_v1
RBM12_WV3_S5_R1_SS261001501_QMEAN_F50K_v1__NATIVE__RR_VAL_ERGAS_MIN,RBM12_WV3_S5_R1_SS261001501_QMEAN_F50K_v1,s5,1,261001501,QMEAN,RR_VAL_ERGAS_MIN,20,20,0,RBM12_WV3_S5_R1_SS261001501_QMEAN_F50K_v1
RBM12_WV3_S5_R1_SS261001501_QSHUF_F50K_v1__NATIVE__EXACT_50000,RBM12_WV3_S5_R1_SS261001501_QSHUF_F50K_v1,s5,1,261001501,QSHUF,EXACT_50000,20,20,0,RBM12_WV3_S5_R1_SS261001501_QSHUF_F50K_v1
RBM12_WV3_S5_R1_SS261001501_QSHUF_F50K_v1__NATIVE__RR_VAL_ERGAS_MIN,RBM12_WV3_S5_R1_SS261001501_QSHUF_F50K_v1,s5,1,261001501,QSHUF,RR_VAL_ERGAS_MIN,20,20,0,RBM12_WV3_S5_R1_SS261001501_QSHUF_F50K_v1
RBM12_WV3_S5_R1_SS261001501_QESUR_F50K_v1__NATIVE__EXACT_50000,RBM12_WV3_S5_R1_SS261001501_QESUR_F50K_v1,s5,1,261001501,QESUR,EXACT_50000,20,20,0,RBM12_WV3_S5_R1_SS261001501_QESUR_F50K_v1
RBM12_WV3_S5_R1_SS261001501_QESUR_F50K_v1__NATIVE__RR_VAL_ERGAS_MIN,RBM12_WV3_S5_R1_SS261001501_QESUR_F50K_v1,s5,1,261001501,QESUR,RR_VAL_ERGAS_MIN,20,20,0,RBM12_WV3_S5_R1_SS261001501_QESUR_F50K_v1
RBM12_WV3_S5_R1_SS261001501_QEDGE_F50K_v1__NATIVE__EXACT_50000,RBM12_WV3_S5_R1_SS261001501_QEDGE_F50K_v1,s5,1,261001501,QEDGE,EXACT_50000,20,20,0,RBM12_WV3_S5_R1_SS261001501_QEDGE_F50K_v1
RBM12_WV3_S5_R1_SS261001501_QEDGE_F50K_v1__NATIVE__RR_VAL_ERGAS_MIN,RBM12_WV3_S5_R1_SS261001501_QEDGE_F50K_v1,s5,1,261001501,QEDGE,RR_VAL_ERGAS_MIN,20,20,0,RBM12_WV3_S5_R1_SS261001501_QEDGE_F50K_v1
RBM12_WV3_S5_R1_SS261001501_QALIGN_F50K_v1__NATIVE__EXACT_50000,RBM12_WV3_S5_R1_SS261001501_QALIGN_F50K_v1,s5,1,261001501,QALIGN,EXACT_50000,20,20,0,RBM12_WV3_S5_R1_SS261001501_QALIGN_F50K_v1
RBM12_WV3_S5_R1_SS261001501_QALIGN_F50K_v1__NATIVE__RR_VAL_ERGAS_MIN,RBM12_WV3_S5_R1_SS261001501_QALIGN_F50K_v1,s5,1,261001501,QALIGN,RR_VAL_ERGAS_MIN,20,20,0,RBM12_WV3_S5_R1_SS261001501_QALIGN_F50K_v1
RBM12_WV3_S5_R1_SS261001501_H0_F50K_v1__NATIVE__EXACT_50000,RBM12_WV3_S5_R1_SS261001501_H0_F50K_v1,s5,1,261001501,H0,EXACT_50000,20,20,0,RBM12_WV3_S5_R1_SS261001501_H0_F50K_v1
RBM12_WV3_S5_R1_SS261001501_H0_F50K_v1__NATIVE__RR_VAL_ERGAS_MIN,RBM12_WV3_S5_R1_SS261001501_H0_F50K_v1,s5,1,261001501,H0,RR_VAL_ERGAS_MIN,20,20,0,RBM12_WV3_S5_R1_SS261001501_H0_F50K_v1
RBM12_WV3_S5_R1_SS261001501_HSPMEAN_F50K_v1__NATIVE__EXACT_50000,RBM12_WV3_S5_R1_SS261001501_HSPMEAN_F50K_v1,s5,1,261001501,HSPMEAN,EXACT_50000,20,20,0,RBM12_WV3_S5_R1_SS261001501_HSPMEAN_F50K_v1
RBM12_WV3_S5_R1_SS261001501_HSPMEAN_F50K_v1__NATIVE__RR_VAL_ERGAS_MIN,RBM12_WV3_S5_R1_SS261001501_HSPMEAN_F50K_v1,s5,1,261001501,HSPMEAN,RR_VAL_ERGAS_MIN,20,20,0,RBM12_WV3_S5_R1_SS261001501_HSPMEAN_F50K_v1
RBM12_WV3_S5_R1_SS261001501_NOADV_F50K_v1__NATIVE__EXACT_50000,RBM12_WV3_S5_R1_SS261001501_NOADV_F50K_v1,s5,1,261001501,NOADV,EXACT_50000,20,20,0,RBM12_WV3_S5_R1_SS261001501_NOADV_F50K_v1
RBM12_WV3_S5_R1_SS261001501_NOADV_F50K_v1__NATIVE__RR_VAL_ERGAS_MIN,RBM12_WV3_S5_R1_SS261001501_NOADV_F50K_v1,s5,1,261001501,NOADV,RR_VAL_ERGAS_MIN,20,20,0,RBM12_WV3_S5_R1_SS261001501_NOADV_F50K_v1
RBM12_WV3_S5_R1_SS261001501_ADVMEAN_F50K_v1__NATIVE__EXACT_50000,RBM12_WV3_S5_R1_SS261001501_ADVMEAN_F50K_v1,s5,1,261001501,ADVMEAN,EXACT_50000,20,20,0,RBM12_WV3_S5_R1_SS261001501_ADVMEAN_F50K_v1
RBM12_WV3_S5_R1_SS261001501_ADVMEAN_F50K_v1__NATIVE__RR_VAL_ERGAS_MIN,RBM12_WV3_S5_R1_SS261001501_ADVMEAN_F50K_v1,s5,1,261001501,ADVMEAN,RR_VAL_ERGAS_MIN,20,20,0,RBM12_WV3_S5_R1_SS261001501_ADVMEAN_F50K_v1
RBM12_WV3_S5_R2_SS261001502_QFULL_F50K_v1__NATIVE__EXACT_50000,RBM12_WV3_S5_R2_SS261001502_QFULL_F50K_v1,s5,2,261001502,QFULL,EXACT_50000,20,20,0,RBM12_WV3_S5_R2_SS261001502_QFULL_F50K_v1
RBM12_WV3_S5_R2_SS261001502_QFULL_F50K_v1__NATIVE__RR_VAL_ERGAS_MIN,RBM12_WV3_S5_R2_SS261001502_QFULL_F50K_v1,s5,2,261001502,QFULL,RR_VAL_ERGAS_MIN,20,20,0,RBM12_WV3_S5_R2_SS261001502_QFULL_F50K_v1
RBM12_WV3_S5_R2_SS261001502_QMEAN_F50K_v1__NATIVE__EXACT_50000,RBM12_WV3_S5_R2_SS261001502_QMEAN_F50K_v1,s5,2,261001502,QMEAN,EXACT_50000,20,20,0,RBM12_WV3_S5_R2_SS261001502_QMEAN_F50K_v1
RBM12_WV3_S5_R2_SS261001502_QMEAN_F50K_v1__NATIVE__RR_VAL_ERGAS_MIN,RBM12_WV3_S5_R2_SS261001502_QMEAN_F50K_v1,s5,2,261001502,QMEAN,RR_VAL_ERGAS_MIN,20,20,0,RBM12_WV3_S5_R2_SS261001502_QMEAN_F50K_v1
RBM12_WV3_S5_R2_SS261001502_QSHUF_F50K_v1__NATIVE__EXACT_50000,RBM12_WV3_S5_R2_SS261001502_QSHUF_F50K_v1,s5,2,261001502,QSHUF,EXACT_50000,20,20,0,RBM12_WV3_S5_R2_SS261001502_QSHUF_F50K_v1
RBM12_WV3_S5_R2_SS261001502_QSHUF_F50K_v1__NATIVE__RR_VAL_ERGAS_MIN,RBM12_WV3_S5_R2_SS261001502_QSHUF_F50K_v1,s5,2,261001502,QSHUF,RR_VAL_ERGAS_MIN,20,20,0,RBM12_WV3_S5_R2_SS261001502_QSHUF_F50K_v1
RBM12_WV3_S5_R2_SS261001502_QESUR_F50K_v1__NATIVE__EXACT_50000,RBM12_WV3_S5_R2_SS261001502_QESUR_F50K_v1,s5,2,261001502,QESUR,EXACT_50000,20,20,0,RBM12_WV3_S5_R2_SS261001502_QESUR_F50K_v1
RBM12_WV3_S5_R2_SS261001502_QESUR_F50K_v1__NATIVE__RR_VAL_ERGAS_MIN,RBM12_WV3_S5_R2_SS261001502_QESUR_F50K_v1,s5,2,261001502,QESUR,RR_VAL_ERGAS_MIN,20,20,0,RBM12_WV3_S5_R2_SS261001502_QESUR_F50K_v1
RBM12_WV3_S5_R2_SS261001502_QEDGE_F50K_v1__NATIVE__EXACT_50000,RBM12_WV3_S5_R2_SS261001502_QEDGE_F50K_v1,s5,2,261001502,QEDGE,EXACT_50000,20,20,0,RBM12_WV3_S5_R2_SS261001502_QEDGE_F50K_v1
RBM12_WV3_S5_R2_SS261001502_QEDGE_F50K_v1__NATIVE__RR_VAL_ERGAS_MIN,RBM12_WV3_S5_R2_SS261001502_QEDGE_F50K_v1,s5,2,261001502,QEDGE,RR_VAL_ERGAS_MIN,20,20,0,RBM12_WV3_S5_R2_SS261001502_QEDGE_F50K_v1
RBM12_WV3_S5_R2_SS261001502_QALIGN_F50K_v1__NATIVE__EXACT_50000,RBM12_WV3_S5_R2_SS261001502_QALIGN_F50K_v1,s5,2,261001502,QALIGN,EXACT_50000,20,20,0,RBM12_WV3_S5_R2_SS261001502_QALIGN_F50K_v1
RBM12_WV3_S5_R2_SS261001502_QALIGN_F50K_v1__NATIVE__RR_VAL_ERGAS_MIN,RBM12_WV3_S5_R2_SS261001502_QALIGN_F50K_v1,s5,2,261001502,QALIGN,RR_VAL_ERGAS_MIN,20,20,0,RBM12_WV3_S5_R2_SS261001502_QALIGN_F50K_v1
RBM12_WV3_S5_R2_SS261001502_H0_F50K_v1__NATIVE__EXACT_50000,RBM12_WV3_S5_R2_SS261001502_H0_F50K_v1,s5,2,261001502,H0,EXACT_50000,20,20,0,RBM12_WV3_S5_R2_SS261001502_H0_F50K_v1
RBM12_WV3_S5_R2_SS261001502_H0_F50K_v1__NATIVE__RR_VAL_ERGAS_MIN,RBM12_WV3_S5_R2_SS261001502_H0_F50K_v1,s5,2,261001502,H0,RR_VAL_ERGAS_MIN,20,20,0,RBM12_WV3_S5_R2_SS261001502_H0_F50K_v1
RBM12_WV3_S5_R2_SS261001502_HSPMEAN_F50K_v1__NATIVE__EXACT_50000,RBM12_WV3_S5_R2_SS261001502_HSPMEAN_F50K_v1,s5,2,261001502,HSPMEAN,EXACT_50000,20,20,0,RBM12_WV3_S5_R2_SS261001502_HSPMEAN_F50K_v1
RBM12_WV3_S5_R2_SS261001502_HSPMEAN_F50K_v1__NATIVE__RR_VAL_ERGAS_MIN,RBM12_WV3_S5_R2_SS261001502_HSPMEAN_F50K_v1,s5,2,261001502,HSPMEAN,RR_VAL_ERGAS_MIN,20,20,0,RBM12_WV3_S5_R2_SS261001502_HSPMEAN_F50K_v1
RBM12_WV3_S5_R2_SS261001502_NOADV_F50K_v1__NATIVE__EXACT_50000,RBM12_WV3_S5_R2_SS261001502_NOADV_F50K_v1,s5,2,261001502,NOADV,EXACT_50000,20,20,0,RBM12_WV3_S5_R2_SS261001502_NOADV_F50K_v1
RBM12_WV3_S5_R2_SS261001502_NOADV_F50K_v1__NATIVE__RR_VAL_ERGAS_MIN,RBM12_WV3_S5_R2_SS261001502_NOADV_F50K_v1,s5,2,261001502,NOADV,RR_VAL_ERGAS_MIN,20,20,0,RBM12_WV3_S5_R2_SS261001502_NOADV_F50K_v1
RBM12_WV3_S5_R2_SS261001502_ADVMEAN_F50K_v1__NATIVE__EXACT_50000,RBM12_WV3_S5_R2_SS261001502_ADVMEAN_F50K_v1,s5,2,261001502,ADVMEAN,EXACT_50000,20,20,0,RBM12_WV3_S5_R2_SS261001502_ADVMEAN_F50K_v1
RBM12_WV3_S5_R2_SS261001502_ADVMEAN_F50K_v1__NATIVE__RR_VAL_ERGAS_MIN,RBM12_WV3_S5_R2_SS261001502_ADVMEAN_F50K_v1,s5,2,261001502,ADVMEAN,RR_VAL_ERGAS_MIN,20,20,0,RBM12_WV3_S5_R2_SS261001502_ADVMEAN_F50K_v1
RBM12_WV3_S5_R3_SS261001503_QFULL_F50K_v1__NATIVE__EXACT_50000,RBM12_WV3_S5_R3_SS261001503_QFULL_F50K_v1,s5,3,261001503,QFULL,EXACT_50000,20,20,0,RBM12_WV3_S5_R3_SS261001503_QFULL_F50K_v1
RBM12_WV3_S5_R3_SS261001503_QFULL_F50K_v1__NATIVE__RR_VAL_ERGAS_MIN,RBM12_WV3_S5_R3_SS261001503_QFULL_F50K_v1,s5,3,261001503,QFULL,RR_VAL_ERGAS_MIN,20,20,0,RBM12_WV3_S5_R3_SS261001503_QFULL_F50K_v1
RBM12_WV3_S5_R3_SS261001503_QMEAN_F50K_v1__NATIVE__EXACT_50000,RBM12_WV3_S5_R3_SS261001503_QMEAN_F50K_v1,s5,3,261001503,QMEAN,EXACT_50000,20,20,0,RBM12_WV3_S5_R3_SS261001503_QMEAN_F50K_v1
RBM12_WV3_S5_R3_SS261001503_QMEAN_F50K_v1__NATIVE__RR_VAL_ERGAS_MIN,RBM12_WV3_S5_R3_SS261001503_QMEAN_F50K_v1,s5,3,261001503,QMEAN,RR_VAL_ERGAS_MIN,20,20,0,RBM12_WV3_S5_R3_SS261001503_QMEAN_F50K_v1
RBM12_WV3_S5_R3_SS261001503_QSHUF_F50K_v1__NATIVE__EXACT_50000,RBM12_WV3_S5_R3_SS261001503_QSHUF_F50K_v1,s5,3,261001503,QSHUF,EXACT_50000,20,20,0,RBM12_WV3_S5_R3_SS261001503_QSHUF_F50K_v1
RBM12_WV3_S5_R3_SS261001503_QSHUF_F50K_v1__NATIVE__RR_VAL_ERGAS_MIN,RBM12_WV3_S5_R3_SS261001503_QSHUF_F50K_v1,s5,3,261001503,QSHUF,RR_VAL_ERGAS_MIN,20,20,0,RBM12_WV3_S5_R3_SS261001503_QSHUF_F50K_v1
RBM12_WV3_S5_R3_SS261001503_QESUR_F50K_v1__NATIVE__EXACT_50000,RBM12_WV3_S5_R3_SS261001503_QESUR_F50K_v1,s5,3,261001503,QESUR,EXACT_50000,20,20,0,RBM12_WV3_S5_R3_SS261001503_QESUR_F50K_v1
RBM12_WV3_S5_R3_SS261001503_QESUR_F50K_v1__NATIVE__RR_VAL_ERGAS_MIN,RBM12_WV3_S5_R3_SS261001503_QESUR_F50K_v1,s5,3,261001503,QESUR,RR_VAL_ERGAS_MIN,20,20,0,RBM12_WV3_S5_R3_SS261001503_QESUR_F50K_v1
RBM12_WV3_S5_R3_SS261001503_QEDGE_F50K_v1__NATIVE__EXACT_50000,RBM12_WV3_S5_R3_SS261001503_QEDGE_F50K_v1,s5,3,261001503,QEDGE,EXACT_50000,20,20,0,RBM12_WV3_S5_R3_SS261001503_QEDGE_F50K_v1
RBM12_WV3_S5_R3_SS261001503_QEDGE_F50K_v1__NATIVE__RR_VAL_ERGAS_MIN,RBM12_WV3_S5_R3_SS261001503_QEDGE_F50K_v1,s5,3,261001503,QEDGE,RR_VAL_ERGAS_MIN,20,20,0,RBM12_WV3_S5_R3_SS261001503_QEDGE_F50K_v1
RBM12_WV3_S5_R3_SS261001503_QALIGN_F50K_v1__NATIVE__EXACT_50000,RBM12_WV3_S5_R3_SS261001503_QALIGN_F50K_v1,s5,3,261001503,QALIGN,EXACT_50000,20,20,0,RBM12_WV3_S5_R3_SS261001503_QALIGN_F50K_v1
RBM12_WV3_S5_R3_SS261001503_QALIGN_F50K_v1__NATIVE__RR_VAL_ERGAS_MIN,RBM12_WV3_S5_R3_SS261001503_QALIGN_F50K_v1,s5,3,261001503,QALIGN,RR_VAL_ERGAS_MIN,20,20,0,RBM12_WV3_S5_R3_SS261001503_QALIGN_F50K_v1
RBM12_WV3_S5_R3_SS261001503_H0_F50K_v1__NATIVE__EXACT_50000,RBM12_WV3_S5_R3_SS261001503_H0_F50K_v1,s5,3,261001503,H0,EXACT_50000,20,20,0,RBM12_WV3_S5_R3_SS261001503_H0_F50K_v1
RBM12_WV3_S5_R3_SS261001503_H0_F50K_v1__NATIVE__RR_VAL_ERGAS_MIN,RBM12_WV3_S5_R3_SS261001503_H0_F50K_v1,s5,3,261001503,H0,RR_VAL_ERGAS_MIN,20,20,0,RBM12_WV3_S5_R3_SS261001503_H0_F50K_v1
RBM12_WV3_S5_R3_SS261001503_HSPMEAN_F50K_v1__NATIVE__EXACT_50000,RBM12_WV3_S5_R3_SS261001503_HSPMEAN_F50K_v1,s5,3,261001503,HSPMEAN,EXACT_50000,20,20,0,RBM12_WV3_S5_R3_SS261001503_HSPMEAN_F50K_v1
RBM12_WV3_S5_R3_SS261001503_HSPMEAN_F50K_v1__NATIVE__RR_VAL_ERGAS_MIN,RBM12_WV3_S5_R3_SS261001503_HSPMEAN_F50K_v1,s5,3,261001503,HSPMEAN,RR_VAL_ERGAS_MIN,20,20,0,RBM12_WV3_S5_R3_SS261001503_HSPMEAN_F50K_v1
RBM12_WV3_S5_R3_SS261001503_NOADV_F50K_v1__NATIVE__EXACT_50000,RBM12_WV3_S5_R3_SS261001503_NOADV_F50K_v1,s5,3,261001503,NOADV,EXACT_50000,20,20,0,RBM12_WV3_S5_R3_SS261001503_NOADV_F50K_v1
RBM12_WV3_S5_R3_SS261001503_NOADV_F50K_v1__NATIVE__RR_VAL_ERGAS_MIN,RBM12_WV3_S5_R3_SS261001503_NOADV_F50K_v1,s5,3,261001503,NOADV,RR_VAL_ERGAS_MIN,20,20,0,RBM12_WV3_S5_R3_SS261001503_NOADV_F50K_v1
RBM12_WV3_S5_R3_SS261001503_ADVMEAN_F50K_v1__NATIVE__EXACT_50000,RBM12_WV3_S5_R3_SS261001503_ADVMEAN_F50K_v1,s5,3,261001503,ADVMEAN,EXACT_50000,20,20,0,RBM12_WV3_S5_R3_SS261001503_ADVMEAN_F50K_v1
RBM12_WV3_S5_R3_SS261001503_ADVMEAN_F50K_v1__NATIVE__RR_VAL_ERGAS_MIN,RBM12_WV3_S5_R3_SS261001503_ADVMEAN_F50K_v1,s5,3,261001503,ADVMEAN,RR_VAL_ERGAS_MIN,20,20,0,RBM12_WV3_S5_R3_SS261001503_ADVMEAN_F50K_v1
RBM12_WV3_S5_R4_SS261001504_QFULL_F50K_v1__NATIVE__EXACT_50000,RBM12_WV3_S5_R4_SS261001504_QFULL_F50K_v1,s5,4,261001504,QFULL,EXACT_50000,20,20,0,RBM12_WV3_S5_R4_SS261001504_QFULL_F50K_v1
RBM12_WV3_S5_R4_SS261001504_QFULL_F50K_v1__NATIVE__RR_VAL_ERGAS_MIN,RBM12_WV3_S5_R4_SS261001504_QFULL_F50K_v1,s5,4,261001504,QFULL,RR_VAL_ERGAS_MIN,20,20,0,RBM12_WV3_S5_R4_SS261001504_QFULL_F50K_v1
RBM12_WV3_S5_R4_SS261001504_QMEAN_F50K_v1__NATIVE__EXACT_50000,RBM12_WV3_S5_R4_SS261001504_QMEAN_F50K_v1,s5,4,261001504,QMEAN,EXACT_50000,20,20,0,RBM12_WV3_S5_R4_SS261001504_QMEAN_F50K_v1
RBM12_WV3_S5_R4_SS261001504_QMEAN_F50K_v1__NATIVE__RR_VAL_ERGAS_MIN,RBM12_WV3_S5_R4_SS261001504_QMEAN_F50K_v1,s5,4,261001504,QMEAN,RR_VAL_ERGAS_MIN,20,20,0,RBM12_WV3_S5_R4_SS261001504_QMEAN_F50K_v1
RBM12_WV3_S5_R4_SS261001504_QSHUF_F50K_v1__NATIVE__EXACT_50000,RBM12_WV3_S5_R4_SS261001504_QSHUF_F50K_v1,s5,4,261001504,QSHUF,EXACT_50000,20,20,0,RBM12_WV3_S5_R4_SS261001504_QSHUF_F50K_v1
RBM12_WV3_S5_R4_SS261001504_QSHUF_F50K_v1__NATIVE__RR_VAL_ERGAS_MIN,RBM12_WV3_S5_R4_SS261001504_QSHUF_F50K_v1,s5,4,261001504,QSHUF,RR_VAL_ERGAS_MIN,20,20,0,RBM12_WV3_S5_R4_SS261001504_QSHUF_F50K_v1
RBM12_WV3_S5_R4_SS261001504_QESUR_F50K_v1__NATIVE__EXACT_50000,RBM12_WV3_S5_R4_SS261001504_QESUR_F50K_v1,s5,4,261001504,QESUR,EXACT_50000,20,20,0,RBM12_WV3_S5_R4_SS261001504_QESUR_F50K_v1
RBM12_WV3_S5_R4_SS261001504_QESUR_F50K_v1__NATIVE__RR_VAL_ERGAS_MIN,RBM12_WV3_S5_R4_SS261001504_QESUR_F50K_v1,s5,4,261001504,QESUR,RR_VAL_ERGAS_MIN,20,20,0,RBM12_WV3_S5_R4_SS261001504_QESUR_F50K_v1
RBM12_WV3_S5_R4_SS261001504_QEDGE_F50K_v1__NATIVE__EXACT_50000,RBM12_WV3_S5_R4_SS261001504_QEDGE_F50K_v1,s5,4,261001504,QEDGE,EXACT_50000,20,20,0,RBM12_WV3_S5_R4_SS261001504_QEDGE_F50K_v1
RBM12_WV3_S5_R4_SS261001504_QEDGE_F50K_v1__NATIVE__RR_VAL_ERGAS_MIN,RBM12_WV3_S5_R4_SS261001504_QEDGE_F50K_v1,s5,4,261001504,QEDGE,RR_VAL_ERGAS_MIN,20,20,0,RBM12_WV3_S5_R4_SS261001504_QEDGE_F50K_v1
RBM12_WV3_S5_R4_SS261001504_QALIGN_F50K_v1__NATIVE__EXACT_50000,RBM12_WV3_S5_R4_SS261001504_QALIGN_F50K_v1,s5,4,261001504,QALIGN,EXACT_50000,20,20,0,RBM12_WV3_S5_R4_SS261001504_QALIGN_F50K_v1
RBM12_WV3_S5_R4_SS261001504_QALIGN_F50K_v1__NATIVE__RR_VAL_ERGAS_MIN,RBM12_WV3_S5_R4_SS261001504_QALIGN_F50K_v1,s5,4,261001504,QALIGN,RR_VAL_ERGAS_MIN,20,20,0,RBM12_WV3_S5_R4_SS261001504_QALIGN_F50K_v1
RBM12_WV3_S5_R4_SS261001504_H0_F50K_v1__NATIVE__EXACT_50000,RBM12_WV3_S5_R4_SS261001504_H0_F50K_v1,s5,4,261001504,H0,EXACT_50000,20,20,0,RBM12_WV3_S5_R4_SS261001504_H0_F50K_v1
RBM12_WV3_S5_R4_SS261001504_H0_F50K_v1__NATIVE__RR_VAL_ERGAS_MIN,RBM12_WV3_S5_R4_SS261001504_H0_F50K_v1,s5,4,261001504,H0,RR_VAL_ERGAS_MIN,20,20,0,RBM12_WV3_S5_R4_SS261001504_H0_F50K_v1
RBM12_WV3_S5_R4_SS261001504_HSPMEAN_F50K_v1__NATIVE__EXACT_50000,RBM12_WV3_S5_R4_SS261001504_HSPMEAN_F50K_v1,s5,4,261001504,HSPMEAN,EXACT_50000,20,20,0,RBM12_WV3_S5_R4_SS261001504_HSPMEAN_F50K_v1
RBM12_WV3_S5_R4_SS261001504_HSPMEAN_F50K_v1__NATIVE__RR_VAL_ERGAS_MIN,RBM12_WV3_S5_R4_SS261001504_HSPMEAN_F50K_v1,s5,4,261001504,HSPMEAN,RR_VAL_ERGAS_MIN,20,20,0,RBM12_WV3_S5_R4_SS261001504_HSPMEAN_F50K_v1
RBM12_WV3_S5_R4_SS261001504_NOADV_F50K_v1__NATIVE__EXACT_50000,RBM12_WV3_S5_R4_SS261001504_NOADV_F50K_v1,s5,4,261001504,NOADV,EXACT_50000,20,20,0,RBM12_WV3_S5_R4_SS261001504_NOADV_F50K_v1
RBM12_WV3_S5_R4_SS261001504_NOADV_F50K_v1__NATIVE__RR_VAL_ERGAS_MIN,RBM12_WV3_S5_R4_SS261001504_NOADV_F50K_v1,s5,4,261001504,NOADV,RR_VAL_ERGAS_MIN,20,20,0,RBM12_WV3_S5_R4_SS261001504_NOADV_F50K_v1
RBM12_WV3_S5_R4_SS261001504_ADVMEAN_F50K_v1__NATIVE__EXACT_50000,RBM12_WV3_S5_R4_SS261001504_ADVMEAN_F50K_v1,s5,4,261001504,ADVMEAN,EXACT_50000,20,20,0,RBM12_WV3_S5_R4_SS261001504_ADVMEAN_F50K_v1
RBM12_WV3_S5_R4_SS261001504_ADVMEAN_F50K_v1__NATIVE__RR_VAL_ERGAS_MIN,RBM12_WV3_S5_R4_SS261001504_ADVMEAN_F50K_v1,s5,4,261001504,ADVMEAN,RR_VAL_ERGAS_MIN,20,20,0,RBM12_WV3_S5_R4_SS261001504_ADVMEAN_F50K_v1
