task_id,source_run_id,server,repeat,seed,case_id,selection,mode,shifts,rr_scenes,primary_roi,auxiliary_roi,optimizer_updates,statistical_unit
RBM12_WV3_S1_R1_SS261001101_QFULL_F50K_v1__STRESS__A_ON,RBM12_WV3_S1_R1_SS261001101_QFULL_F50K_v1,s1,1,261001101,QFULL,EXACT_50000,A_ON,49,20,48:-48_FIXED160,32:-32_FIXED192,0,RBM12_WV3_S1_R1_SS261001101_QFULL_F50K_v1
RBM12_WV3_S1_R1_SS261001101_QFULL_F50K_v1__STRESS__A_ZERO_INFERENCE_ONLY,RBM12_WV3_S1_R1_SS261001101_QFULL_F50K_v1,s1,1,261001101,QFULL,EXACT_50000,A_ZERO_INFERENCE_ONLY,49,20,48:-48_FIXED160,32:-32_FIXED192,0,RBM12_WV3_S1_R1_SS261001101_QFULL_F50K_v1
RBM12_WV3_S1_R1_SS261001101_QFULL_F50K_v1__STRESS__A_NATIVE_FIXED,RBM12_WV3_S1_R1_SS261001101_QFULL_F50K_v1,s1,1,261001101,QFULL,EXACT_50000,A_NATIVE_FIXED,49,20,48:-48_FIXED160,32:-32_FIXED192,0,RBM12_WV3_S1_R1_SS261001101_QFULL_F50K_v1
RBM12_WV3_S1_R1_SS261001101_QFULL_F50K_v1__STRESS__KNOWN_SHIFT_INVERSE,RBM12_WV3_S1_R1_SS261001101_QFULL_F50K_v1,s1,1,261001101,QFULL,EXACT_50000,KNOWN_SHIFT_INVERSE,49,20,48:-48_FIXED160,32:-32_FIXED192,0,RBM12_WV3_S1_R1_SS261001101_QFULL_F50K_v1
RBM12_WV3_S1_R1_SS261001101_QMEAN_F50K_v1__STRESS__A_ON,RBM12_WV3_S1_R1_SS261001101_QMEAN_F50K_v1,s1,1,261001101,QMEAN,EXACT_50000,A_ON,49,20,48:-48_FIXED160,32:-32_FIXED192,0,RBM12_WV3_S1_R1_SS261001101_QMEAN_F50K_v1
RBM12_WV3_S1_R1_SS261001101_QMEAN_F50K_v1__STRESS__A_ZERO_INFERENCE_ONLY,RBM12_WV3_S1_R1_SS261001101_QMEAN_F50K_v1,s1,1,261001101,QMEAN,EXACT_50000,A_ZERO_INFERENCE_ONLY,49,20,48:-48_FIXED160,32:-32_FIXED192,0,RBM12_WV3_S1_R1_SS261001101_QMEAN_F50K_v1
RBM12_WV3_S1_R1_SS261001101_QMEAN_F50K_v1__STRESS__A_NATIVE_FIXED,RBM12_WV3_S1_R1_SS261001101_QMEAN_F50K_v1,s1,1,261001101,QMEAN,EXACT_50000,A_NATIVE_FIXED,49,20,48:-48_FIXED160,32:-32_FIXED192,0,RBM12_WV3_S1_R1_SS261001101_QMEAN_F50K_v1
RBM12_WV3_S1_R1_SS261001101_QMEAN_F50K_v1__STRESS__KNOWN_SHIFT_INVERSE,RBM12_WV3_S1_R1_SS261001101_QMEAN_F50K_v1,s1,1,261001101,QMEAN,EXACT_50000,KNOWN_SHIFT_INVERSE,49,20,48:-48_FIXED160,32:-32_FIXED192,0,RBM12_WV3_S1_R1_SS261001101_QMEAN_F50K_v1
RBM12_WV3_S1_R1_SS261001101_QSHUF_F50K_v1__STRESS__A_ON,RBM12_WV3_S1_R1_SS261001101_QSHUF_F50K_v1,s1,1,261001101,QSHUF,EXACT_50000,A_ON,49,20,48:-48_FIXED160,32:-32_FIXED192,0,RBM12_WV3_S1_R1_SS261001101_QSHUF_F50K_v1
RBM12_WV3_S1_R1_SS261001101_QSHUF_F50K_v1__STRESS__A_ZERO_INFERENCE_ONLY,RBM12_WV3_S1_R1_SS261001101_QSHUF_F50K_v1,s1,1,261001101,QSHUF,EXACT_50000,A_ZERO_INFERENCE_ONLY,49,20,48:-48_FIXED160,32:-32_FIXED192,0,RBM12_WV3_S1_R1_SS261001101_QSHUF_F50K_v1
RBM12_WV3_S1_R1_SS261001101_QSHUF_F50K_v1__STRESS__A_NATIVE_FIXED,RBM12_WV3_S1_R1_SS261001101_QSHUF_F50K_v1,s1,1,261001101,QSHUF,EXACT_50000,A_NATIVE_FIXED,49,20,48:-48_FIXED160,32:-32_FIXED192,0,RBM12_WV3_S1_R1_SS261001101_QSHUF_F50K_v1
RBM12_WV3_S1_R1_SS261001101_QSHUF_F50K_v1__STRESS__KNOWN_SHIFT_INVERSE,RBM12_WV3_S1_R1_SS261001101_QSHUF_F50K_v1,s1,1,261001101,QSHUF,EXACT_50000,KNOWN_SHIFT_INVERSE,49,20,48:-48_FIXED160,32:-32_FIXED192,0,RBM12_WV3_S1_R1_SS261001101_QSHUF_F50K_v1
RBM12_WV3_S1_R1_SS261001101_QESUR_F50K_v1__STRESS__A_ON,RBM12_WV3_S1_R1_SS261001101_QESUR_F50K_v1,s1,1,261001101,QESUR,EXACT_50000,A_ON,49,20,48:-48_FIXED160,32:-32_FIXED192,0,RBM12_WV3_S1_R1_SS261001101_QESUR_F50K_v1
RBM12_WV3_S1_R1_SS261001101_QESUR_F50K_v1__STRESS__A_ZERO_INFERENCE_ONLY,RBM12_WV3_S1_R1_SS261001101_QESUR_F50K_v1,s1,1,261001101,QESUR,EXACT_50000,A_ZERO_INFERENCE_ONLY,49,20,48:-48_FIXED160,32:-32_FIXED192,0,RBM12_WV3_S1_R1_SS261001101_QESUR_F50K_v1
RBM12_WV3_S1_R1_SS261001101_QESUR_F50K_v1__STRESS__A_NATIVE_FIXED,RBM12_WV3_S1_R1_SS261001101_QESUR_F50K_v1,s1,1,261001101,QESUR,EXACT_50000,A_NATIVE_FIXED,49,20,48:-48_FIXED160,32:-32_FIXED192,0,RBM12_WV3_S1_R1_SS261001101_QESUR_F50K_v1
RBM12_WV3_S1_R1_SS261001101_QESUR_F50K_v1__STRESS__KNOWN_SHIFT_INVERSE,RBM12_WV3_S1_R1_SS261001101_QESUR_F50K_v1,s1,1,261001101,QESUR,EXACT_50000,KNOWN_SHIFT_INVERSE,49,20,48:-48_FIXED160,32:-32_FIXED192,0,RBM12_WV3_S1_R1_SS261001101_QESUR_F50K_v1
RBM12_WV3_S1_R1_SS261001101_QEDGE_F50K_v1__STRESS__A_ON,RBM12_WV3_S1_R1_SS261001101_QEDGE_F50K_v1,s1,1,261001101,QEDGE,EXACT_50000,A_ON,49,20,48:-48_FIXED160,32:-32_FIXED192,0,RBM12_WV3_S1_R1_SS261001101_QEDGE_F50K_v1
RBM12_WV3_S1_R1_SS261001101_QEDGE_F50K_v1__STRESS__A_ZERO_INFERENCE_ONLY,RBM12_WV3_S1_R1_SS261001101_QEDGE_F50K_v1,s1,1,261001101,QEDGE,EXACT_50000,A_ZERO_INFERENCE_ONLY,49,20,48:-48_FIXED160,32:-32_FIXED192,0,RBM12_WV3_S1_R1_SS261001101_QEDGE_F50K_v1
RBM12_WV3_S1_R1_SS261001101_QEDGE_F50K_v1__STRESS__A_NATIVE_FIXED,RBM12_WV3_S1_R1_SS261001101_QEDGE_F50K_v1,s1,1,261001101,QEDGE,EXACT_50000,A_NATIVE_FIXED,49,20,48:-48_FIXED160,32:-32_FIXED192,0,RBM12_WV3_S1_R1_SS261001101_QEDGE_F50K_v1
RBM12_WV3_S1_R1_SS261001101_QEDGE_F50K_v1__STRESS__KNOWN_SHIFT_INVERSE,RBM12_WV3_S1_R1_SS261001101_QEDGE_F50K_v1,s1,1,261001101,QEDGE,EXACT_50000,KNOWN_SHIFT_INVERSE,49,20,48:-48_FIXED160,32:-32_FIXED192,0,RBM12_WV3_S1_R1_SS261001101_QEDGE_F50K_v1
RBM12_WV3_S1_R1_SS261001101_QALIGN_F50K_v1__STRESS__A_ON,RBM12_WV3_S1_R1_SS261001101_QALIGN_F50K_v1,s1,1,261001101,QALIGN,EXACT_50000,A_ON,49,20,48:-48_FIXED160,32:-32_FIXED192,0,RBM12_WV3_S1_R1_SS261001101_QALIGN_F50K_v1
RBM12_WV3_S1_R1_SS261001101_QALIGN_F50K_v1__STRESS__A_ZERO_INFERENCE_ONLY,RBM12_WV3_S1_R1_SS261001101_QALIGN_F50K_v1,s1,1,261001101,QALIGN,EXACT_50000,A_ZERO_INFERENCE_ONLY,49,20,48:-48_FIXED160,32:-32_FIXED192,0,RBM12_WV3_S1_R1_SS261001101_QALIGN_F50K_v1
RBM12_WV3_S1_R1_SS261001101_QALIGN_F50K_v1__STRESS__A_NATIVE_FIXED,RBM12_WV3_S1_R1_SS261001101_QALIGN_F50K_v1,s1,1,261001101,QALIGN,EXACT_50000,A_NATIVE_FIXED,49,20,48:-48_FIXED160,32:-32_FIXED192,0,RBM12_WV3_S1_R1_SS261001101_QALIGN_F50K_v1
RBM12_WV3_S1_R1_SS261001101_QALIGN_F50K_v1__STRESS__KNOWN_SHIFT_INVERSE,RBM12_WV3_S1_R1_SS261001101_QALIGN_F50K_v1,s1,1,261001101,QALIGN,EXACT_50000,KNOWN_SHIFT_INVERSE,49,20,48:-48_FIXED160,32:-32_FIXED192,0,RBM12_WV3_S1_R1_SS261001101_QALIGN_F50K_v1
RBM12_WV3_S1_R2_SS261001102_QFULL_F50K_v1__STRESS__A_ON,RBM12_WV3_S1_R2_SS261001102_QFULL_F50K_v1,s1,2,261001102,QFULL,EXACT_50000,A_ON,49,20,48:-48_FIXED160,32:-32_FIXED192,0,RBM12_WV3_S1_R2_SS261001102_QFULL_F50K_v1
RBM12_WV3_S1_R2_SS261001102_QFULL_F50K_v1__STRESS__A_ZERO_INFERENCE_ONLY,RBM12_WV3_S1_R2_SS261001102_QFULL_F50K_v1,s1,2,261001102,QFULL,EXACT_50000,A_ZERO_INFERENCE_ONLY,49,20,48:-48_FIXED160,32:-32_FIXED192,0,RBM12_WV3_S1_R2_SS261001102_QFULL_F50K_v1
RBM12_WV3_S1_R2_SS261001102_QFULL_F50K_v1__STRESS__A_NATIVE_FIXED,RBM12_WV3_S1_R2_SS261001102_QFULL_F50K_v1,s1,2,261001102,QFULL,EXACT_50000,A_NATIVE_FIXED,49,20,48:-48_FIXED160,32:-32_FIXED192,0,RBM12_WV3_S1_R2_SS261001102_QFULL_F50K_v1
RBM12_WV3_S1_R2_SS261001102_QFULL_F50K_v1__STRESS__KNOWN_SHIFT_INVERSE,RBM12_WV3_S1_R2_SS261001102_QFULL_F50K_v1,s1,2,261001102,QFULL,EXACT_50000,KNOWN_SHIFT_INVERSE,49,20,48:-48_FIXED160,32:-32_FIXED192,0,RBM12_WV3_S1_R2_SS261001102_QFULL_F50K_v1
RBM12_WV3_S1_R2_SS261001102_QMEAN_F50K_v1__STRESS__A_ON,RBM12_WV3_S1_R2_SS261001102_QMEAN_F50K_v1,s1,2,261001102,QMEAN,EXACT_50000,A_ON,49,20,48:-48_FIXED160,32:-32_FIXED192,0,RBM12_WV3_S1_R2_SS261001102_QMEAN_F50K_v1
RBM12_WV3_S1_R2_SS261001102_QMEAN_F50K_v1__STRESS__A_ZERO_INFERENCE_ONLY,RBM12_WV3_S1_R2_SS261001102_QMEAN_F50K_v1,s1,2,261001102,QMEAN,EXACT_50000,A_ZERO_INFERENCE_ONLY,49,20,48:-48_FIXED160,32:-32_FIXED192,0,RBM12_WV3_S1_R2_SS261001102_QMEAN_F50K_v1
RBM12_WV3_S1_R2_SS261001102_QMEAN_F50K_v1__STRESS__A_NATIVE_FIXED,RBM12_WV3_S1_R2_SS261001102_QMEAN_F50K_v1,s1,2,261001102,QMEAN,EXACT_50000,A_NATIVE_FIXED,49,20,48:-48_FIXED160,32:-32_FIXED192,0,RBM12_WV3_S1_R2_SS261001102_QMEAN_F50K_v1
RBM12_WV3_S1_R2_SS261001102_QMEAN_F50K_v1__STRESS__KNOWN_SHIFT_INVERSE,RBM12_WV3_S1_R2_SS261001102_QMEAN_F50K_v1,s1,2,261001102,QMEAN,EXACT_50000,KNOWN_SHIFT_INVERSE,49,20,48:-48_FIXED160,32:-32_FIXED192,0,RBM12_WV3_S1_R2_SS261001102_QMEAN_F50K_v1
RBM12_WV3_S1_R2_SS261001102_QSHUF_F50K_v1__STRESS__A_ON,RBM12_WV3_S1_R2_SS261001102_QSHUF_F50K_v1,s1,2,261001102,QSHUF,EXACT_50000,A_ON,49,20,48:-48_FIXED160,32:-32_FIXED192,0,RBM12_WV3_S1_R2_SS261001102_QSHUF_F50K_v1
RBM12_WV3_S1_R2_SS261001102_QSHUF_F50K_v1__STRESS__A_ZERO_INFERENCE_ONLY,RBM12_WV3_S1_R2_SS261001102_QSHUF_F50K_v1,s1,2,261001102,QSHUF,EXACT_50000,A_ZERO_INFERENCE_ONLY,49,20,48:-48_FIXED160,32:-32_FIXED192,0,RBM12_WV3_S1_R2_SS261001102_QSHUF_F50K_v1
RBM12_WV3_S1_R2_SS261001102_QSHUF_F50K_v1__STRESS__A_NATIVE_FIXED,RBM12_WV3_S1_R2_SS261001102_QSHUF_F50K_v1,s1,2,261001102,QSHUF,EXACT_50000,A_NATIVE_FIXED,49,20,48:-48_FIXED160,32:-32_FIXED192,0,RBM12_WV3_S1_R2_SS261001102_QSHUF_F50K_v1
RBM12_WV3_S1_R2_SS261001102_QSHUF_F50K_v1__STRESS__KNOWN_SHIFT_INVERSE,RBM12_WV3_S1_R2_SS261001102_QSHUF_F50K_v1,s1,2,261001102,QSHUF,EXACT_50000,KNOWN_SHIFT_INVERSE,49,20,48:-48_FIXED160,32:-32_FIXED192,0,RBM12_WV3_S1_R2_SS261001102_QSHUF_F50K_v1
RBM12_WV3_S1_R2_SS261001102_QESUR_F50K_v1__STRESS__A_ON,RBM12_WV3_S1_R2_SS261001102_QESUR_F50K_v1,s1,2,261001102,QESUR,EXACT_50000,A_ON,49,20,48:-48_FIXED160,32:-32_FIXED192,0,RBM12_WV3_S1_R2_SS261001102_QESUR_F50K_v1
RBM12_WV3_S1_R2_SS261001102_QESUR_F50K_v1__STRESS__A_ZERO_INFERENCE_ONLY,RBM12_WV3_S1_R2_SS261001102_QESUR_F50K_v1,s1,2,261001102,QESUR,EXACT_50000,A_ZERO_INFERENCE_ONLY,49,20,48:-48_FIXED160,32:-32_FIXED192,0,RBM12_WV3_S1_R2_SS261001102_QESUR_F50K_v1
RBM12_WV3_S1_R2_SS261001102_QESUR_F50K_v1__STRESS__A_NATIVE_FIXED,RBM12_WV3_S1_R2_SS261001102_QESUR_F50K_v1,s1,2,261001102,QESUR,EXACT_50000,A_NATIVE_FIXED,49,20,48:-48_FIXED160,32:-32_FIXED192,0,RBM12_WV3_S1_R2_SS261001102_QESUR_F50K_v1
RBM12_WV3_S1_R2_SS261001102_QESUR_F50K_v1__STRESS__KNOWN_SHIFT_INVERSE,RBM12_WV3_S1_R2_SS261001102_QESUR_F50K_v1,s1,2,261001102,QESUR,EXACT_50000,KNOWN_SHIFT_INVERSE,49,20,48:-48_FIXED160,32:-32_FIXED192,0,RBM12_WV3_S1_R2_SS261001102_QESUR_F50K_v1
RBM12_WV3_S1_R2_SS261001102_QEDGE_F50K_v1__STRESS__A_ON,RBM12_WV3_S1_R2_SS261001102_QEDGE_F50K_v1,s1,2,261001102,QEDGE,EXACT_50000,A_ON,49,20,48:-48_FIXED160,32:-32_FIXED192,0,RBM12_WV3_S1_R2_SS261001102_QEDGE_F50K_v1
RBM12_WV3_S1_R2_SS261001102_QEDGE_F50K_v1__STRESS__A_ZERO_INFERENCE_ONLY,RBM12_WV3_S1_R2_SS261001102_QEDGE_F50K_v1,s1,2,261001102,QEDGE,EXACT_50000,A_ZERO_INFERENCE_ONLY,49,20,48:-48_FIXED160,32:-32_FIXED192,0,RBM12_WV3_S1_R2_SS261001102_QEDGE_F50K_v1
RBM12_WV3_S1_R2_SS261001102_QEDGE_F50K_v1__STRESS__A_NATIVE_FIXED,RBM12_WV3_S1_R2_SS261001102_QEDGE_F50K_v1,s1,2,261001102,QEDGE,EXACT_50000,A_NATIVE_FIXED,49,20,48:-48_FIXED160,32:-32_FIXED192,0,RBM12_WV3_S1_R2_SS261001102_QEDGE_F50K_v1
RBM12_WV3_S1_R2_SS261001102_QEDGE_F50K_v1__STRESS__KNOWN_SHIFT_INVERSE,RBM12_WV3_S1_R2_SS261001102_QEDGE_F50K_v1,s1,2,261001102,QEDGE,EXACT_50000,KNOWN_SHIFT_INVERSE,49,20,48:-48_FIXED160,32:-32_FIXED192,0,RBM12_WV3_S1_R2_SS261001102_QEDGE_F50K_v1
RBM12_WV3_S1_R2_SS261001102_QALIGN_F50K_v1__STRESS__A_ON,RBM12_WV3_S1_R2_SS261001102_QALIGN_F50K_v1,s1,2,261001102,QALIGN,EXACT_50000,A_ON,49,20,48:-48_FIXED160,32:-32_FIXED192,0,RBM12_WV3_S1_R2_SS261001102_QALIGN_F50K_v1
RBM12_WV3_S1_R2_SS261001102_QALIGN_F50K_v1__STRESS__A_ZERO_INFERENCE_ONLY,RBM12_WV3_S1_R2_SS261001102_QALIGN_F50K_v1,s1,2,261001102,QALIGN,EXACT_50000,A_ZERO_INFERENCE_ONLY,49,20,48:-48_FIXED160,32:-32_FIXED192,0,RBM12_WV3_S1_R2_SS261001102_QALIGN_F50K_v1
RBM12_WV3_S1_R2_SS261001102_QALIGN_F50K_v1__STRESS__A_NATIVE_FIXED,RBM12_WV3_S1_R2_SS261001102_QALIGN_F50K_v1,s1,2,261001102,QALIGN,EXACT_50000,A_NATIVE_FIXED,49,20,48:-48_FIXED160,32:-32_FIXED192,0,RBM12_WV3_S1_R2_SS261001102_QALIGN_F50K_v1
RBM12_WV3_S1_R2_SS261001102_QALIGN_F50K_v1__STRESS__KNOWN_SHIFT_INVERSE,RBM12_WV3_S1_R2_SS261001102_QALIGN_F50K_v1,s1,2,261001102,QALIGN,EXACT_50000,KNOWN_SHIFT_INVERSE,49,20,48:-48_FIXED160,32:-32_FIXED192,0,RBM12_WV3_S1_R2_SS261001102_QALIGN_F50K_v1
RBM12_WV3_S1_R3_SS261001103_QFULL_F50K_v1__STRESS__A_ON,RBM12_WV3_S1_R3_SS261001103_QFULL_F50K_v1,s1,3,261001103,QFULL,EXACT_50000,A_ON,49,20,48:-48_FIXED160,32:-32_FIXED192,0,RBM12_WV3_S1_R3_SS261001103_QFULL_F50K_v1
RBM12_WV3_S1_R3_SS261001103_QFULL_F50K_v1__STRESS__A_ZERO_INFERENCE_ONLY,RBM12_WV3_S1_R3_SS261001103_QFULL_F50K_v1,s1,3,261001103,QFULL,EXACT_50000,A_ZERO_INFERENCE_ONLY,49,20,48:-48_FIXED160,32:-32_FIXED192,0,RBM12_WV3_S1_R3_SS261001103_QFULL_F50K_v1
RBM12_WV3_S1_R3_SS261001103_QFULL_F50K_v1__STRESS__A_NATIVE_FIXED,RBM12_WV3_S1_R3_SS261001103_QFULL_F50K_v1,s1,3,261001103,QFULL,EXACT_50000,A_NATIVE_FIXED,49,20,48:-48_FIXED160,32:-32_FIXED192,0,RBM12_WV3_S1_R3_SS261001103_QFULL_F50K_v1
RBM12_WV3_S1_R3_SS261001103_QFULL_F50K_v1__STRESS__KNOWN_SHIFT_INVERSE,RBM12_WV3_S1_R3_SS261001103_QFULL_F50K_v1,s1,3,261001103,QFULL,EXACT_50000,KNOWN_SHIFT_INVERSE,49,20,48:-48_FIXED160,32:-32_FIXED192,0,RBM12_WV3_S1_R3_SS261001103_QFULL_F50K_v1
RBM12_WV3_S1_R3_SS261001103_QMEAN_F50K_v1__STRESS__A_ON,RBM12_WV3_S1_R3_SS261001103_QMEAN_F50K_v1,s1,3,261001103,QMEAN,EXACT_50000,A_ON,49,20,48:-48_FIXED160,32:-32_FIXED192,0,RBM12_WV3_S1_R3_SS261001103_QMEAN_F50K_v1
RBM12_WV3_S1_R3_SS261001103_QMEAN_F50K_v1__STRESS__A_ZERO_INFERENCE_ONLY,RBM12_WV3_S1_R3_SS261001103_QMEAN_F50K_v1,s1,3,261001103,QMEAN,EXACT_50000,A_ZERO_INFERENCE_ONLY,49,20,48:-48_FIXED160,32:-32_FIXED192,0,RBM12_WV3_S1_R3_SS261001103_QMEAN_F50K_v1
RBM12_WV3_S1_R3_SS261001103_QMEAN_F50K_v1__STRESS__A_NATIVE_FIXED,RBM12_WV3_S1_R3_SS261001103_QMEAN_F50K_v1,s1,3,261001103,QMEAN,EXACT_50000,A_NATIVE_FIXED,49,20,48:-48_FIXED160,32:-32_FIXED192,0,RBM12_WV3_S1_R3_SS261001103_QMEAN_F50K_v1
RBM12_WV3_S1_R3_SS261001103_QMEAN_F50K_v1__STRESS__KNOWN_SHIFT_INVERSE,RBM12_WV3_S1_R3_SS261001103_QMEAN_F50K_v1,s1,3,261001103,QMEAN,EXACT_50000,KNOWN_SHIFT_INVERSE,49,20,48:-48_FIXED160,32:-32_FIXED192,0,RBM12_WV3_S1_R3_SS261001103_QMEAN_F50K_v1
RBM12_WV3_S1_R3_SS261001103_QSHUF_F50K_v1__STRESS__A_ON,RBM12_WV3_S1_R3_SS261001103_QSHUF_F50K_v1,s1,3,261001103,QSHUF,EXACT_50000,A_ON,49,20,48:-48_FIXED160,32:-32_FIXED192,0,RBM12_WV3_S1_R3_SS261001103_QSHUF_F50K_v1
RBM12_WV3_S1_R3_SS261001103_QSHUF_F50K_v1__STRESS__A_ZERO_INFERENCE_ONLY,RBM12_WV3_S1_R3_SS261001103_QSHUF_F50K_v1,s1,3,261001103,QSHUF,EXACT_50000,A_ZERO_INFERENCE_ONLY,49,20,48:-48_FIXED160,32:-32_FIXED192,0,RBM12_WV3_S1_R3_SS261001103_QSHUF_F50K_v1
RBM12_WV3_S1_R3_SS261001103_QSHUF_F50K_v1__STRESS__A_NATIVE_FIXED,RBM12_WV3_S1_R3_SS261001103_QSHUF_F50K_v1,s1,3,261001103,QSHUF,EXACT_50000,A_NATIVE_FIXED,49,20,48:-48_FIXED160,32:-32_FIXED192,0,RBM12_WV3_S1_R3_SS261001103_QSHUF_F50K_v1
RBM12_WV3_S1_R3_SS261001103_QSHUF_F50K_v1__STRESS__KNOWN_SHIFT_INVERSE,RBM12_WV3_S1_R3_SS261001103_QSHUF_F50K_v1,s1,3,261001103,QSHUF,EXACT_50000,KNOWN_SHIFT_INVERSE,49,20,48:-48_FIXED160,32:-32_FIXED192,0,RBM12_WV3_S1_R3_SS261001103_QSHUF_F50K_v1
RBM12_WV3_S1_R3_SS261001103_QESUR_F50K_v1__STRESS__A_ON,RBM12_WV3_S1_R3_SS261001103_QESUR_F50K_v1,s1,3,261001103,QESUR,EXACT_50000,A_ON,49,20,48:-48_FIXED160,32:-32_FIXED192,0,RBM12_WV3_S1_R3_SS261001103_QESUR_F50K_v1
RBM12_WV3_S1_R3_SS261001103_QESUR_F50K_v1__STRESS__A_ZERO_INFERENCE_ONLY,RBM12_WV3_S1_R3_SS261001103_QESUR_F50K_v1,s1,3,261001103,QESUR,EXACT_50000,A_ZERO_INFERENCE_ONLY,49,20,48:-48_FIXED160,32:-32_FIXED192,0,RBM12_WV3_S1_R3_SS261001103_QESUR_F50K_v1
RBM12_WV3_S1_R3_SS261001103_QESUR_F50K_v1__STRESS__A_NATIVE_FIXED,RBM12_WV3_S1_R3_SS261001103_QESUR_F50K_v1,s1,3,261001103,QESUR,EXACT_50000,A_NATIVE_FIXED,49,20,48:-48_FIXED160,32:-32_FIXED192,0,RBM12_WV3_S1_R3_SS261001103_QESUR_F50K_v1
RBM12_WV3_S1_R3_SS261001103_QESUR_F50K_v1__STRESS__KNOWN_SHIFT_INVERSE,RBM12_WV3_S1_R3_SS261001103_QESUR_F50K_v1,s1,3,261001103,QESUR,EXACT_50000,KNOWN_SHIFT_INVERSE,49,20,48:-48_FIXED160,32:-32_FIXED192,0,RBM12_WV3_S1_R3_SS261001103_QESUR_F50K_v1
RBM12_WV3_S1_R3_SS261001103_QEDGE_F50K_v1__STRESS__A_ON,RBM12_WV3_S1_R3_SS261001103_QEDGE_F50K_v1,s1,3,261001103,QEDGE,EXACT_50000,A_ON,49,20,48:-48_FIXED160,32:-32_FIXED192,0,RBM12_WV3_S1_R3_SS261001103_QEDGE_F50K_v1
RBM12_WV3_S1_R3_SS261001103_QEDGE_F50K_v1__STRESS__A_ZERO_INFERENCE_ONLY,RBM12_WV3_S1_R3_SS261001103_QEDGE_F50K_v1,s1,3,261001103,QEDGE,EXACT_50000,A_ZERO_INFERENCE_ONLY,49,20,48:-48_FIXED160,32:-32_FIXED192,0,RBM12_WV3_S1_R3_SS261001103_QEDGE_F50K_v1
RBM12_WV3_S1_R3_SS261001103_QEDGE_F50K_v1__STRESS__A_NATIVE_FIXED,RBM12_WV3_S1_R3_SS261001103_QEDGE_F50K_v1,s1,3,261001103,QEDGE,EXACT_50000,A_NATIVE_FIXED,49,20,48:-48_FIXED160,32:-32_FIXED192,0,RBM12_WV3_S1_R3_SS261001103_QEDGE_F50K_v1
RBM12_WV3_S1_R3_SS261001103_QEDGE_F50K_v1__STRESS__KNOWN_SHIFT_INVERSE,RBM12_WV3_S1_R3_SS261001103_QEDGE_F50K_v1,s1,3,261001103,QEDGE,EXACT_50000,KNOWN_SHIFT_INVERSE,49,20,48:-48_FIXED160,32:-32_FIXED192,0,RBM12_WV3_S1_R3_SS261001103_QEDGE_F50K_v1
RBM12_WV3_S1_R3_SS261001103_QALIGN_F50K_v1__STRESS__A_ON,RBM12_WV3_S1_R3_SS261001103_QALIGN_F50K_v1,s1,3,261001103,QALIGN,EXACT_50000,A_ON,49,20,48:-48_FIXED160,32:-32_FIXED192,0,RBM12_WV3_S1_R3_SS261001103_QALIGN_F50K_v1
RBM12_WV3_S1_R3_SS261001103_QALIGN_F50K_v1__STRESS__A_ZERO_INFERENCE_ONLY,RBM12_WV3_S1_R3_SS261001103_QALIGN_F50K_v1,s1,3,261001103,QALIGN,EXACT_50000,A_ZERO_INFERENCE_ONLY,49,20,48:-48_FIXED160,32:-32_FIXED192,0,RBM12_WV3_S1_R3_SS261001103_QALIGN_F50K_v1
RBM12_WV3_S1_R3_SS261001103_QALIGN_F50K_v1__STRESS__A_NATIVE_FIXED,RBM12_WV3_S1_R3_SS261001103_QALIGN_F50K_v1,s1,3,261001103,QALIGN,EXACT_50000,A_NATIVE_FIXED,49,20,48:-48_FIXED160,32:-32_FIXED192,0,RBM12_WV3_S1_R3_SS261001103_QALIGN_F50K_v1
RBM12_WV3_S1_R3_SS261001103_QALIGN_F50K_v1__STRESS__KNOWN_SHIFT_INVERSE,RBM12_WV3_S1_R3_SS261001103_QALIGN_F50K_v1,s1,3,261001103,QALIGN,EXACT_50000,KNOWN_SHIFT_INVERSE,49,20,48:-48_FIXED160,32:-32_FIXED192,0,RBM12_WV3_S1_R3_SS261001103_QALIGN_F50K_v1
RBM12_WV3_S1_R4_SS261001104_QFULL_F50K_v1__STRESS__A_ON,RBM12_WV3_S1_R4_SS261001104_QFULL_F50K_v1,s1,4,261001104,QFULL,EXACT_50000,A_ON,49,20,48:-48_FIXED160,32:-32_FIXED192,0,RBM12_WV3_S1_R4_SS261001104_QFULL_F50K_v1
RBM12_WV3_S1_R4_SS261001104_QFULL_F50K_v1__STRESS__A_ZERO_INFERENCE_ONLY,RBM12_WV3_S1_R4_SS261001104_QFULL_F50K_v1,s1,4,261001104,QFULL,EXACT_50000,A_ZERO_INFERENCE_ONLY,49,20,48:-48_FIXED160,32:-32_FIXED192,0,RBM12_WV3_S1_R4_SS261001104_QFULL_F50K_v1
RBM12_WV3_S1_R4_SS261001104_QFULL_F50K_v1__STRESS__A_NATIVE_FIXED,RBM12_WV3_S1_R4_SS261001104_QFULL_F50K_v1,s1,4,261001104,QFULL,EXACT_50000,A_NATIVE_FIXED,49,20,48:-48_FIXED160,32:-32_FIXED192,0,RBM12_WV3_S1_R4_SS261001104_QFULL_F50K_v1
RBM12_WV3_S1_R4_SS261001104_QFULL_F50K_v1__STRESS__KNOWN_SHIFT_INVERSE,RBM12_WV3_S1_R4_SS261001104_QFULL_F50K_v1,s1,4,261001104,QFULL,EXACT_50000,KNOWN_SHIFT_INVERSE,49,20,48:-48_FIXED160,32:-32_FIXED192,0,RBM12_WV3_S1_R4_SS261001104_QFULL_F50K_v1
RBM12_WV3_S1_R4_SS261001104_QMEAN_F50K_v1__STRESS__A_ON,RBM12_WV3_S1_R4_SS261001104_QMEAN_F50K_v1,s1,4,261001104,QMEAN,EXACT_50000,A_ON,49,20,48:-48_FIXED160,32:-32_FIXED192,0,RBM12_WV3_S1_R4_SS261001104_QMEAN_F50K_v1
RBM12_WV3_S1_R4_SS261001104_QMEAN_F50K_v1__STRESS__A_ZERO_INFERENCE_ONLY,RBM12_WV3_S1_R4_SS261001104_QMEAN_F50K_v1,s1,4,261001104,QMEAN,EXACT_50000,A_ZERO_INFERENCE_ONLY,49,20,48:-48_FIXED160,32:-32_FIXED192,0,RBM12_WV3_S1_R4_SS261001104_QMEAN_F50K_v1
RBM12_WV3_S1_R4_SS261001104_QMEAN_F50K_v1__STRESS__A_NATIVE_FIXED,RBM12_WV3_S1_R4_SS261001104_QMEAN_F50K_v1,s1,4,261001104,QMEAN,EXACT_50000,A_NATIVE_FIXED,49,20,48:-48_FIXED160,32:-32_FIXED192,0,RBM12_WV3_S1_R4_SS261001104_QMEAN_F50K_v1
RBM12_WV3_S1_R4_SS261001104_QMEAN_F50K_v1__STRESS__KNOWN_SHIFT_INVERSE,RBM12_WV3_S1_R4_SS261001104_QMEAN_F50K_v1,s1,4,261001104,QMEAN,EXACT_50000,KNOWN_SHIFT_INVERSE,49,20,48:-48_FIXED160,32:-32_FIXED192,0,RBM12_WV3_S1_R4_SS261001104_QMEAN_F50K_v1
RBM12_WV3_S1_R4_SS261001104_QSHUF_F50K_v1__STRESS__A_ON,RBM12_WV3_S1_R4_SS261001104_QSHUF_F50K_v1,s1,4,261001104,QSHUF,EXACT_50000,A_ON,49,20,48:-48_FIXED160,32:-32_FIXED192,0,RBM12_WV3_S1_R4_SS261001104_QSHUF_F50K_v1
RBM12_WV3_S1_R4_SS261001104_QSHUF_F50K_v1__STRESS__A_ZERO_INFERENCE_ONLY,RBM12_WV3_S1_R4_SS261001104_QSHUF_F50K_v1,s1,4,261001104,QSHUF,EXACT_50000,A_ZERO_INFERENCE_ONLY,49,20,48:-48_FIXED160,32:-32_FIXED192,0,RBM12_WV3_S1_R4_SS261001104_QSHUF_F50K_v1
RBM12_WV3_S1_R4_SS261001104_QSHUF_F50K_v1__STRESS__A_NATIVE_FIXED,RBM12_WV3_S1_R4_SS261001104_QSHUF_F50K_v1,s1,4,261001104,QSHUF,EXACT_50000,A_NATIVE_FIXED,49,20,48:-48_FIXED160,32:-32_FIXED192,0,RBM12_WV3_S1_R4_SS261001104_QSHUF_F50K_v1
RBM12_WV3_S1_R4_SS261001104_QSHUF_F50K_v1__STRESS__KNOWN_SHIFT_INVERSE,RBM12_WV3_S1_R4_SS261001104_QSHUF_F50K_v1,s1,4,261001104,QSHUF,EXACT_50000,KNOWN_SHIFT_INVERSE,49,20,48:-48_FIXED160,32:-32_FIXED192,0,RBM12_WV3_S1_R4_SS261001104_QSHUF_F50K_v1
RBM12_WV3_S1_R4_SS261001104_QESUR_F50K_v1__STRESS__A_ON,RBM12_WV3_S1_R4_SS261001104_QESUR_F50K_v1,s1,4,261001104,QESUR,EXACT_50000,A_ON,49,20,48:-48_FIXED160,32:-32_FIXED192,0,RBM12_WV3_S1_R4_SS261001104_QESUR_F50K_v1
RBM12_WV3_S1_R4_SS261001104_QESUR_F50K_v1__STRESS__A_ZERO_INFERENCE_ONLY,RBM12_WV3_S1_R4_SS261001104_QESUR_F50K_v1,s1,4,261001104,QESUR,EXACT_50000,A_ZERO_INFERENCE_ONLY,49,20,48:-48_FIXED160,32:-32_FIXED192,0,RBM12_WV3_S1_R4_SS261001104_QESUR_F50K_v1
RBM12_WV3_S1_R4_SS261001104_QESUR_F50K_v1__STRESS__A_NATIVE_FIXED,RBM12_WV3_S1_R4_SS261001104_QESUR_F50K_v1,s1,4,261001104,QESUR,EXACT_50000,A_NATIVE_FIXED,49,20,48:-48_FIXED160,32:-32_FIXED192,0,RBM12_WV3_S1_R4_SS261001104_QESUR_F50K_v1
RBM12_WV3_S1_R4_SS261001104_QESUR_F50K_v1__STRESS__KNOWN_SHIFT_INVERSE,RBM12_WV3_S1_R4_SS261001104_QESUR_F50K_v1,s1,4,261001104,QESUR,EXACT_50000,KNOWN_SHIFT_INVERSE,49,20,48:-48_FIXED160,32:-32_FIXED192,0,RBM12_WV3_S1_R4_SS261001104_QESUR_F50K_v1
RBM12_WV3_S1_R4_SS261001104_QEDGE_F50K_v1__STRESS__A_ON,RBM12_WV3_S1_R4_SS261001104_QEDGE_F50K_v1,s1,4,261001104,QEDGE,EXACT_50000,A_ON,49,20,48:-48_FIXED160,32:-32_FIXED192,0,RBM12_WV3_S1_R4_SS261001104_QEDGE_F50K_v1
RBM12_WV3_S1_R4_SS261001104_QEDGE_F50K_v1__STRESS__A_ZERO_INFERENCE_ONLY,RBM12_WV3_S1_R4_SS261001104_QEDGE_F50K_v1,s1,4,261001104,QEDGE,EXACT_50000,A_ZERO_INFERENCE_ONLY,49,20,48:-48_FIXED160,32:-32_FIXED192,0,RBM12_WV3_S1_R4_SS261001104_QEDGE_F50K_v1
RBM12_WV3_S1_R4_SS261001104_QEDGE_F50K_v1__STRESS__A_NATIVE_FIXED,RBM12_WV3_S1_R4_SS261001104_QEDGE_F50K_v1,s1,4,261001104,QEDGE,EXACT_50000,A_NATIVE_FIXED,49,20,48:-48_FIXED160,32:-32_FIXED192,0,RBM12_WV3_S1_R4_SS261001104_QEDGE_F50K_v1
RBM12_WV3_S1_R4_SS261001104_QEDGE_F50K_v1__STRESS__KNOWN_SHIFT_INVERSE,RBM12_WV3_S1_R4_SS261001104_QEDGE_F50K_v1,s1,4,261001104,QEDGE,EXACT_50000,KNOWN_SHIFT_INVERSE,49,20,48:-48_FIXED160,32:-32_FIXED192,0,RBM12_WV3_S1_R4_SS261001104_QEDGE_F50K_v1
RBM12_WV3_S1_R4_SS261001104_QALIGN_F50K_v1__STRESS__A_ON,RBM12_WV3_S1_R4_SS261001104_QALIGN_F50K_v1,s1,4,261001104,QALIGN,EXACT_50000,A_ON,49,20,48:-48_FIXED160,32:-32_FIXED192,0,RBM12_WV3_S1_R4_SS261001104_QALIGN_F50K_v1
RBM12_WV3_S1_R4_SS261001104_QALIGN_F50K_v1__STRESS__A_ZERO_INFERENCE_ONLY,RBM12_WV3_S1_R4_SS261001104_QALIGN_F50K_v1,s1,4,261001104,QALIGN,EXACT_50000,A_ZERO_INFERENCE_ONLY,49,20,48:-48_FIXED160,32:-32_FIXED192,0,RBM12_WV3_S1_R4_SS261001104_QALIGN_F50K_v1
RBM12_WV3_S1_R4_SS261001104_QALIGN_F50K_v1__STRESS__A_NATIVE_FIXED,RBM12_WV3_S1_R4_SS261001104_QALIGN_F50K_v1,s1,4,261001104,QALIGN,EXACT_50000,A_NATIVE_FIXED,49,20,48:-48_FIXED160,32:-32_FIXED192,0,RBM12_WV3_S1_R4_SS261001104_QALIGN_F50K_v1
RBM12_WV3_S1_R4_SS261001104_QALIGN_F50K_v1__STRESS__KNOWN_SHIFT_INVERSE,RBM12_WV3_S1_R4_SS261001104_QALIGN_F50K_v1,s1,4,261001104,QALIGN,EXACT_50000,KNOWN_SHIFT_INVERSE,49,20,48:-48_FIXED160,32:-32_FIXED192,0,RBM12_WV3_S1_R4_SS261001104_QALIGN_F50K_v1
RBM12_WV3_S3_R1_SS261001301_QFULL_F50K_v1__STRESS__A_ON,RBM12_WV3_S3_R1_SS261001301_QFULL_F50K_v1,s3,1,261001301,QFULL,EXACT_50000,A_ON,49,20,48:-48_FIXED160,32:-32_FIXED192,0,RBM12_WV3_S3_R1_SS261001301_QFULL_F50K_v1
RBM12_WV3_S3_R1_SS261001301_QFULL_F50K_v1__STRESS__A_ZERO_INFERENCE_ONLY,RBM12_WV3_S3_R1_SS261001301_QFULL_F50K_v1,s3,1,261001301,QFULL,EXACT_50000,A_ZERO_INFERENCE_ONLY,49,20,48:-48_FIXED160,32:-32_FIXED192,0,RBM12_WV3_S3_R1_SS261001301_QFULL_F50K_v1
RBM12_WV3_S3_R1_SS261001301_QFULL_F50K_v1__STRESS__A_NATIVE_FIXED,RBM12_WV3_S3_R1_SS261001301_QFULL_F50K_v1,s3,1,261001301,QFULL,EXACT_50000,A_NATIVE_FIXED,49,20,48:-48_FIXED160,32:-32_FIXED192,0,RBM12_WV3_S3_R1_SS261001301_QFULL_F50K_v1
RBM12_WV3_S3_R1_SS261001301_QFULL_F50K_v1__STRESS__KNOWN_SHIFT_INVERSE,RBM12_WV3_S3_R1_SS261001301_QFULL_F50K_v1,s3,1,261001301,QFULL,EXACT_50000,KNOWN_SHIFT_INVERSE,49,20,48:-48_FIXED160,32:-32_FIXED192,0,RBM12_WV3_S3_R1_SS261001301_QFULL_F50K_v1
RBM12_WV3_S3_R1_SS261001301_QMEAN_F50K_v1__STRESS__A_ON,RBM12_WV3_S3_R1_SS261001301_QMEAN_F50K_v1,s3,1,261001301,QMEAN,EXACT_50000,A_ON,49,20,48:-48_FIXED160,32:-32_FIXED192,0,RBM12_WV3_S3_R1_SS261001301_QMEAN_F50K_v1
RBM12_WV3_S3_R1_SS261001301_QMEAN_F50K_v1__STRESS__A_ZERO_INFERENCE_ONLY,RBM12_WV3_S3_R1_SS261001301_QMEAN_F50K_v1,s3,1,261001301,QMEAN,EXACT_50000,A_ZERO_INFERENCE_ONLY,49,20,48:-48_FIXED160,32:-32_FIXED192,0,RBM12_WV3_S3_R1_SS261001301_QMEAN_F50K_v1
RBM12_WV3_S3_R1_SS261001301_QMEAN_F50K_v1__STRESS__A_NATIVE_FIXED,RBM12_WV3_S3_R1_SS261001301_QMEAN_F50K_v1,s3,1,261001301,QMEAN,EXACT_50000,A_NATIVE_FIXED,49,20,48:-48_FIXED160,32:-32_FIXED192,0,RBM12_WV3_S3_R1_SS261001301_QMEAN_F50K_v1
RBM12_WV3_S3_R1_SS261001301_QMEAN_F50K_v1__STRESS__KNOWN_SHIFT_INVERSE,RBM12_WV3_S3_R1_SS261001301_QMEAN_F50K_v1,s3,1,261001301,QMEAN,EXACT_50000,KNOWN_SHIFT_INVERSE,49,20,48:-48_FIXED160,32:-32_FIXED192,0,RBM12_WV3_S3_R1_SS261001301_QMEAN_F50K_v1
RBM12_WV3_S3_R1_SS261001301_QSHUF_F50K_v1__STRESS__A_ON,RBM12_WV3_S3_R1_SS261001301_QSHUF_F50K_v1,s3,1,261001301,QSHUF,EXACT_50000,A_ON,49,20,48:-48_FIXED160,32:-32_FIXED192,0,RBM12_WV3_S3_R1_SS261001301_QSHUF_F50K_v1
RBM12_WV3_S3_R1_SS261001301_QSHUF_F50K_v1__STRESS__A_ZERO_INFERENCE_ONLY,RBM12_WV3_S3_R1_SS261001301_QSHUF_F50K_v1,s3,1,261001301,QSHUF,EXACT_50000,A_ZERO_INFERENCE_ONLY,49,20,48:-48_FIXED160,32:-32_FIXED192,0,RBM12_WV3_S3_R1_SS261001301_QSHUF_F50K_v1
RBM12_WV3_S3_R1_SS261001301_QSHUF_F50K_v1__STRESS__A_NATIVE_FIXED,RBM12_WV3_S3_R1_SS261001301_QSHUF_F50K_v1,s3,1,261001301,QSHUF,EXACT_50000,A_NATIVE_FIXED,49,20,48:-48_FIXED160,32:-32_FIXED192,0,RBM12_WV3_S3_R1_SS261001301_QSHUF_F50K_v1
RBM12_WV3_S3_R1_SS261001301_QSHUF_F50K_v1__STRESS__KNOWN_SHIFT_INVERSE,RBM12_WV3_S3_R1_SS261001301_QSHUF_F50K_v1,s3,1,261001301,QSHUF,EXACT_50000,KNOWN_SHIFT_INVERSE,49,20,48:-48_FIXED160,32:-32_FIXED192,0,RBM12_WV3_S3_R1_SS261001301_QSHUF_F50K_v1
RBM12_WV3_S3_R1_SS261001301_QESUR_F50K_v1__STRESS__A_ON,RBM12_WV3_S3_R1_SS261001301_QESUR_F50K_v1,s3,1,261001301,QESUR,EXACT_50000,A_ON,49,20,48:-48_FIXED160,32:-32_FIXED192,0,RBM12_WV3_S3_R1_SS261001301_QESUR_F50K_v1
RBM12_WV3_S3_R1_SS261001301_QESUR_F50K_v1__STRESS__A_ZERO_INFERENCE_ONLY,RBM12_WV3_S3_R1_SS261001301_QESUR_F50K_v1,s3,1,261001301,QESUR,EXACT_50000,A_ZERO_INFERENCE_ONLY,49,20,48:-48_FIXED160,32:-32_FIXED192,0,RBM12_WV3_S3_R1_SS261001301_QESUR_F50K_v1
RBM12_WV3_S3_R1_SS261001301_QESUR_F50K_v1__STRESS__A_NATIVE_FIXED,RBM12_WV3_S3_R1_SS261001301_QESUR_F50K_v1,s3,1,261001301,QESUR,EXACT_50000,A_NATIVE_FIXED,49,20,48:-48_FIXED160,32:-32_FIXED192,0,RBM12_WV3_S3_R1_SS261001301_QESUR_F50K_v1
RBM12_WV3_S3_R1_SS261001301_QESUR_F50K_v1__STRESS__KNOWN_SHIFT_INVERSE,RBM12_WV3_S3_R1_SS261001301_QESUR_F50K_v1,s3,1,261001301,QESUR,EXACT_50000,KNOWN_SHIFT_INVERSE,49,20,48:-48_FIXED160,32:-32_FIXED192,0,RBM12_WV3_S3_R1_SS261001301_QESUR_F50K_v1
RBM12_WV3_S3_R1_SS261001301_QEDGE_F50K_v1__STRESS__A_ON,RBM12_WV3_S3_R1_SS261001301_QEDGE_F50K_v1,s3,1,261001301,QEDGE,EXACT_50000,A_ON,49,20,48:-48_FIXED160,32:-32_FIXED192,0,RBM12_WV3_S3_R1_SS261001301_QEDGE_F50K_v1
RBM12_WV3_S3_R1_SS261001301_QEDGE_F50K_v1__STRESS__A_ZERO_INFERENCE_ONLY,RBM12_WV3_S3_R1_SS261001301_QEDGE_F50K_v1,s3,1,261001301,QEDGE,EXACT_50000,A_ZERO_INFERENCE_ONLY,49,20,48:-48_FIXED160,32:-32_FIXED192,0,RBM12_WV3_S3_R1_SS261001301_QEDGE_F50K_v1
RBM12_WV3_S3_R1_SS261001301_QEDGE_F50K_v1__STRESS__A_NATIVE_FIXED,RBM12_WV3_S3_R1_SS261001301_QEDGE_F50K_v1,s3,1,261001301,QEDGE,EXACT_50000,A_NATIVE_FIXED,49,20,48:-48_FIXED160,32:-32_FIXED192,0,RBM12_WV3_S3_R1_SS261001301_QEDGE_F50K_v1
RBM12_WV3_S3_R1_SS261001301_QEDGE_F50K_v1__STRESS__KNOWN_SHIFT_INVERSE,RBM12_WV3_S3_R1_SS261001301_QEDGE_F50K_v1,s3,1,261001301,QEDGE,EXACT_50000,KNOWN_SHIFT_INVERSE,49,20,48:-48_FIXED160,32:-32_FIXED192,0,RBM12_WV3_S3_R1_SS261001301_QEDGE_F50K_v1
RBM12_WV3_S3_R1_SS261001301_QALIGN_F50K_v1__STRESS__A_ON,RBM12_WV3_S3_R1_SS261001301_QALIGN_F50K_v1,s3,1,261001301,QALIGN,EXACT_50000,A_ON,49,20,48:-48_FIXED160,32:-32_FIXED192,0,RBM12_WV3_S3_R1_SS261001301_QALIGN_F50K_v1
RBM12_WV3_S3_R1_SS261001301_QALIGN_F50K_v1__STRESS__A_ZERO_INFERENCE_ONLY,RBM12_WV3_S3_R1_SS261001301_QALIGN_F50K_v1,s3,1,261001301,QALIGN,EXACT_50000,A_ZERO_INFERENCE_ONLY,49,20,48:-48_FIXED160,32:-32_FIXED192,0,RBM12_WV3_S3_R1_SS261001301_QALIGN_F50K_v1
RBM12_WV3_S3_R1_SS261001301_QALIGN_F50K_v1__STRESS__A_NATIVE_FIXED,RBM12_WV3_S3_R1_SS261001301_QALIGN_F50K_v1,s3,1,261001301,QALIGN,EXACT_50000,A_NATIVE_FIXED,49,20,48:-48_FIXED160,32:-32_FIXED192,0,RBM12_WV3_S3_R1_SS261001301_QALIGN_F50K_v1
RBM12_WV3_S3_R1_SS261001301_QALIGN_F50K_v1__STRESS__KNOWN_SHIFT_INVERSE,RBM12_WV3_S3_R1_SS261001301_QALIGN_F50K_v1,s3,1,261001301,QALIGN,EXACT_50000,KNOWN_SHIFT_INVERSE,49,20,48:-48_FIXED160,32:-32_FIXED192,0,RBM12_WV3_S3_R1_SS261001301_QALIGN_F50K_v1
RBM12_WV3_S3_R2_SS261001302_QFULL_F50K_v1__STRESS__A_ON,RBM12_WV3_S3_R2_SS261001302_QFULL_F50K_v1,s3,2,261001302,QFULL,EXACT_50000,A_ON,49,20,48:-48_FIXED160,32:-32_FIXED192,0,RBM12_WV3_S3_R2_SS261001302_QFULL_F50K_v1
RBM12_WV3_S3_R2_SS261001302_QFULL_F50K_v1__STRESS__A_ZERO_INFERENCE_ONLY,RBM12_WV3_S3_R2_SS261001302_QFULL_F50K_v1,s3,2,261001302,QFULL,EXACT_50000,A_ZERO_INFERENCE_ONLY,49,20,48:-48_FIXED160,32:-32_FIXED192,0,RBM12_WV3_S3_R2_SS261001302_QFULL_F50K_v1
RBM12_WV3_S3_R2_SS261001302_QFULL_F50K_v1__STRESS__A_NATIVE_FIXED,RBM12_WV3_S3_R2_SS261001302_QFULL_F50K_v1,s3,2,261001302,QFULL,EXACT_50000,A_NATIVE_FIXED,49,20,48:-48_FIXED160,32:-32_FIXED192,0,RBM12_WV3_S3_R2_SS261001302_QFULL_F50K_v1
RBM12_WV3_S3_R2_SS261001302_QFULL_F50K_v1__STRESS__KNOWN_SHIFT_INVERSE,RBM12_WV3_S3_R2_SS261001302_QFULL_F50K_v1,s3,2,261001302,QFULL,EXACT_50000,KNOWN_SHIFT_INVERSE,49,20,48:-48_FIXED160,32:-32_FIXED192,0,RBM12_WV3_S3_R2_SS261001302_QFULL_F50K_v1
RBM12_WV3_S3_R2_SS261001302_QMEAN_F50K_v1__STRESS__A_ON,RBM12_WV3_S3_R2_SS261001302_QMEAN_F50K_v1,s3,2,261001302,QMEAN,EXACT_50000,A_ON,49,20,48:-48_FIXED160,32:-32_FIXED192,0,RBM12_WV3_S3_R2_SS261001302_QMEAN_F50K_v1
RBM12_WV3_S3_R2_SS261001302_QMEAN_F50K_v1__STRESS__A_ZERO_INFERENCE_ONLY,RBM12_WV3_S3_R2_SS261001302_QMEAN_F50K_v1,s3,2,261001302,QMEAN,EXACT_50000,A_ZERO_INFERENCE_ONLY,49,20,48:-48_FIXED160,32:-32_FIXED192,0,RBM12_WV3_S3_R2_SS261001302_QMEAN_F50K_v1
RBM12_WV3_S3_R2_SS261001302_QMEAN_F50K_v1__STRESS__A_NATIVE_FIXED,RBM12_WV3_S3_R2_SS261001302_QMEAN_F50K_v1,s3,2,261001302,QMEAN,EXACT_50000,A_NATIVE_FIXED,49,20,48:-48_FIXED160,32:-32_FIXED192,0,RBM12_WV3_S3_R2_SS261001302_QMEAN_F50K_v1
RBM12_WV3_S3_R2_SS261001302_QMEAN_F50K_v1__STRESS__KNOWN_SHIFT_INVERSE,RBM12_WV3_S3_R2_SS261001302_QMEAN_F50K_v1,s3,2,261001302,QMEAN,EXACT_50000,KNOWN_SHIFT_INVERSE,49,20,48:-48_FIXED160,32:-32_FIXED192,0,RBM12_WV3_S3_R2_SS261001302_QMEAN_F50K_v1
RBM12_WV3_S3_R2_SS261001302_QSHUF_F50K_v1__STRESS__A_ON,RBM12_WV3_S3_R2_SS261001302_QSHUF_F50K_v1,s3,2,261001302,QSHUF,EXACT_50000,A_ON,49,20,48:-48_FIXED160,32:-32_FIXED192,0,RBM12_WV3_S3_R2_SS261001302_QSHUF_F50K_v1
RBM12_WV3_S3_R2_SS261001302_QSHUF_F50K_v1__STRESS__A_ZERO_INFERENCE_ONLY,RBM12_WV3_S3_R2_SS261001302_QSHUF_F50K_v1,s3,2,261001302,QSHUF,EXACT_50000,A_ZERO_INFERENCE_ONLY,49,20,48:-48_FIXED160,32:-32_FIXED192,0,RBM12_WV3_S3_R2_SS261001302_QSHUF_F50K_v1
RBM12_WV3_S3_R2_SS261001302_QSHUF_F50K_v1__STRESS__A_NATIVE_FIXED,RBM12_WV3_S3_R2_SS261001302_QSHUF_F50K_v1,s3,2,261001302,QSHUF,EXACT_50000,A_NATIVE_FIXED,49,20,48:-48_FIXED160,32:-32_FIXED192,0,RBM12_WV3_S3_R2_SS261001302_QSHUF_F50K_v1
RBM12_WV3_S3_R2_SS261001302_QSHUF_F50K_v1__STRESS__KNOWN_SHIFT_INVERSE,RBM12_WV3_S3_R2_SS261001302_QSHUF_F50K_v1,s3,2,261001302,QSHUF,EXACT_50000,KNOWN_SHIFT_INVERSE,49,20,48:-48_FIXED160,32:-32_FIXED192,0,RBM12_WV3_S3_R2_SS261001302_QSHUF_F50K_v1
RBM12_WV3_S3_R2_SS261001302_QESUR_F50K_v1__STRESS__A_ON,RBM12_WV3_S3_R2_SS261001302_QESUR_F50K_v1,s3,2,261001302,QESUR,EXACT_50000,A_ON,49,20,48:-48_FIXED160,32:-32_FIXED192,0,RBM12_WV3_S3_R2_SS261001302_QESUR_F50K_v1
RBM12_WV3_S3_R2_SS261001302_QESUR_F50K_v1__STRESS__A_ZERO_INFERENCE_ONLY,RBM12_WV3_S3_R2_SS261001302_QESUR_F50K_v1,s3,2,261001302,QESUR,EXACT_50000,A_ZERO_INFERENCE_ONLY,49,20,48:-48_FIXED160,32:-32_FIXED192,0,RBM12_WV3_S3_R2_SS261001302_QESUR_F50K_v1
RBM12_WV3_S3_R2_SS261001302_QESUR_F50K_v1__STRESS__A_NATIVE_FIXED,RBM12_WV3_S3_R2_SS261001302_QESUR_F50K_v1,s3,2,261001302,QESUR,EXACT_50000,A_NATIVE_FIXED,49,20,48:-48_FIXED160,32:-32_FIXED192,0,RBM12_WV3_S3_R2_SS261001302_QESUR_F50K_v1
RBM12_WV3_S3_R2_SS261001302_QESUR_F50K_v1__STRESS__KNOWN_SHIFT_INVERSE,RBM12_WV3_S3_R2_SS261001302_QESUR_F50K_v1,s3,2,261001302,QESUR,EXACT_50000,KNOWN_SHIFT_INVERSE,49,20,48:-48_FIXED160,32:-32_FIXED192,0,RBM12_WV3_S3_R2_SS261001302_QESUR_F50K_v1
RBM12_WV3_S3_R2_SS261001302_QEDGE_F50K_v1__STRESS__A_ON,RBM12_WV3_S3_R2_SS261001302_QEDGE_F50K_v1,s3,2,261001302,QEDGE,EXACT_50000,A_ON,49,20,48:-48_FIXED160,32:-32_FIXED192,0,RBM12_WV3_S3_R2_SS261001302_QEDGE_F50K_v1
RBM12_WV3_S3_R2_SS261001302_QEDGE_F50K_v1__STRESS__A_ZERO_INFERENCE_ONLY,RBM12_WV3_S3_R2_SS261001302_QEDGE_F50K_v1,s3,2,261001302,QEDGE,EXACT_50000,A_ZERO_INFERENCE_ONLY,49,20,48:-48_FIXED160,32:-32_FIXED192,0,RBM12_WV3_S3_R2_SS261001302_QEDGE_F50K_v1
RBM12_WV3_S3_R2_SS261001302_QEDGE_F50K_v1__STRESS__A_NATIVE_FIXED,RBM12_WV3_S3_R2_SS261001302_QEDGE_F50K_v1,s3,2,261001302,QEDGE,EXACT_50000,A_NATIVE_FIXED,49,20,48:-48_FIXED160,32:-32_FIXED192,0,RBM12_WV3_S3_R2_SS261001302_QEDGE_F50K_v1
RBM12_WV3_S3_R2_SS261001302_QEDGE_F50K_v1__STRESS__KNOWN_SHIFT_INVERSE,RBM12_WV3_S3_R2_SS261001302_QEDGE_F50K_v1,s3,2,261001302,QEDGE,EXACT_50000,KNOWN_SHIFT_INVERSE,49,20,48:-48_FIXED160,32:-32_FIXED192,0,RBM12_WV3_S3_R2_SS261001302_QEDGE_F50K_v1
RBM12_WV3_S3_R2_SS261001302_QALIGN_F50K_v1__STRESS__A_ON,RBM12_WV3_S3_R2_SS261001302_QALIGN_F50K_v1,s3,2,261001302,QALIGN,EXACT_50000,A_ON,49,20,48:-48_FIXED160,32:-32_FIXED192,0,RBM12_WV3_S3_R2_SS261001302_QALIGN_F50K_v1
RBM12_WV3_S3_R2_SS261001302_QALIGN_F50K_v1__STRESS__A_ZERO_INFERENCE_ONLY,RBM12_WV3_S3_R2_SS261001302_QALIGN_F50K_v1,s3,2,261001302,QALIGN,EXACT_50000,A_ZERO_INFERENCE_ONLY,49,20,48:-48_FIXED160,32:-32_FIXED192,0,RBM12_WV3_S3_R2_SS261001302_QALIGN_F50K_v1
RBM12_WV3_S3_R2_SS261001302_QALIGN_F50K_v1__STRESS__A_NATIVE_FIXED,RBM12_WV3_S3_R2_SS261001302_QALIGN_F50K_v1,s3,2,261001302,QALIGN,EXACT_50000,A_NATIVE_FIXED,49,20,48:-48_FIXED160,32:-32_FIXED192,0,RBM12_WV3_S3_R2_SS261001302_QALIGN_F50K_v1
RBM12_WV3_S3_R2_SS261001302_QALIGN_F50K_v1__STRESS__KNOWN_SHIFT_INVERSE,RBM12_WV3_S3_R2_SS261001302_QALIGN_F50K_v1,s3,2,261001302,QALIGN,EXACT_50000,KNOWN_SHIFT_INVERSE,49,20,48:-48_FIXED160,32:-32_FIXED192,0,RBM12_WV3_S3_R2_SS261001302_QALIGN_F50K_v1
RBM12_WV3_S3_R3_SS261001303_QFULL_F50K_v1__STRESS__A_ON,RBM12_WV3_S3_R3_SS261001303_QFULL_F50K_v1,s3,3,261001303,QFULL,EXACT_50000,A_ON,49,20,48:-48_FIXED160,32:-32_FIXED192,0,RBM12_WV3_S3_R3_SS261001303_QFULL_F50K_v1
RBM12_WV3_S3_R3_SS261001303_QFULL_F50K_v1__STRESS__A_ZERO_INFERENCE_ONLY,RBM12_WV3_S3_R3_SS261001303_QFULL_F50K_v1,s3,3,261001303,QFULL,EXACT_50000,A_ZERO_INFERENCE_ONLY,49,20,48:-48_FIXED160,32:-32_FIXED192,0,RBM12_WV3_S3_R3_SS261001303_QFULL_F50K_v1
RBM12_WV3_S3_R3_SS261001303_QFULL_F50K_v1__STRESS__A_NATIVE_FIXED,RBM12_WV3_S3_R3_SS261001303_QFULL_F50K_v1,s3,3,261001303,QFULL,EXACT_50000,A_NATIVE_FIXED,49,20,48:-48_FIXED160,32:-32_FIXED192,0,RBM12_WV3_S3_R3_SS261001303_QFULL_F50K_v1
RBM12_WV3_S3_R3_SS261001303_QFULL_F50K_v1__STRESS__KNOWN_SHIFT_INVERSE,RBM12_WV3_S3_R3_SS261001303_QFULL_F50K_v1,s3,3,261001303,QFULL,EXACT_50000,KNOWN_SHIFT_INVERSE,49,20,48:-48_FIXED160,32:-32_FIXED192,0,RBM12_WV3_S3_R3_SS261001303_QFULL_F50K_v1
RBM12_WV3_S3_R3_SS261001303_QMEAN_F50K_v1__STRESS__A_ON,RBM12_WV3_S3_R3_SS261001303_QMEAN_F50K_v1,s3,3,261001303,QMEAN,EXACT_50000,A_ON,49,20,48:-48_FIXED160,32:-32_FIXED192,0,RBM12_WV3_S3_R3_SS261001303_QMEAN_F50K_v1
RBM12_WV3_S3_R3_SS261001303_QMEAN_F50K_v1__STRESS__A_ZERO_INFERENCE_ONLY,RBM12_WV3_S3_R3_SS261001303_QMEAN_F50K_v1,s3,3,261001303,QMEAN,EXACT_50000,A_ZERO_INFERENCE_ONLY,49,20,48:-48_FIXED160,32:-32_FIXED192,0,RBM12_WV3_S3_R3_SS261001303_QMEAN_F50K_v1
RBM12_WV3_S3_R3_SS261001303_QMEAN_F50K_v1__STRESS__A_NATIVE_FIXED,RBM12_WV3_S3_R3_SS261001303_QMEAN_F50K_v1,s3,3,261001303,QMEAN,EXACT_50000,A_NATIVE_FIXED,49,20,48:-48_FIXED160,32:-32_FIXED192,0,RBM12_WV3_S3_R3_SS261001303_QMEAN_F50K_v1
RBM12_WV3_S3_R3_SS261001303_QMEAN_F50K_v1__STRESS__KNOWN_SHIFT_INVERSE,RBM12_WV3_S3_R3_SS261001303_QMEAN_F50K_v1,s3,3,261001303,QMEAN,EXACT_50000,KNOWN_SHIFT_INVERSE,49,20,48:-48_FIXED160,32:-32_FIXED192,0,RBM12_WV3_S3_R3_SS261001303_QMEAN_F50K_v1
RBM12_WV3_S3_R3_SS261001303_QSHUF_F50K_v1__STRESS__A_ON,RBM12_WV3_S3_R3_SS261001303_QSHUF_F50K_v1,s3,3,261001303,QSHUF,EXACT_50000,A_ON,49,20,48:-48_FIXED160,32:-32_FIXED192,0,RBM12_WV3_S3_R3_SS261001303_QSHUF_F50K_v1
RBM12_WV3_S3_R3_SS261001303_QSHUF_F50K_v1__STRESS__A_ZERO_INFERENCE_ONLY,RBM12_WV3_S3_R3_SS261001303_QSHUF_F50K_v1,s3,3,261001303,QSHUF,EXACT_50000,A_ZERO_INFERENCE_ONLY,49,20,48:-48_FIXED160,32:-32_FIXED192,0,RBM12_WV3_S3_R3_SS261001303_QSHUF_F50K_v1
RBM12_WV3_S3_R3_SS261001303_QSHUF_F50K_v1__STRESS__A_NATIVE_FIXED,RBM12_WV3_S3_R3_SS261001303_QSHUF_F50K_v1,s3,3,261001303,QSHUF,EXACT_50000,A_NATIVE_FIXED,49,20,48:-48_FIXED160,32:-32_FIXED192,0,RBM12_WV3_S3_R3_SS261001303_QSHUF_F50K_v1
RBM12_WV3_S3_R3_SS261001303_QSHUF_F50K_v1__STRESS__KNOWN_SHIFT_INVERSE,RBM12_WV3_S3_R3_SS261001303_QSHUF_F50K_v1,s3,3,261001303,QSHUF,EXACT_50000,KNOWN_SHIFT_INVERSE,49,20,48:-48_FIXED160,32:-32_FIXED192,0,RBM12_WV3_S3_R3_SS261001303_QSHUF_F50K_v1
RBM12_WV3_S3_R3_SS261001303_QESUR_F50K_v1__STRESS__A_ON,RBM12_WV3_S3_R3_SS261001303_QESUR_F50K_v1,s3,3,261001303,QESUR,EXACT_50000,A_ON,49,20,48:-48_FIXED160,32:-32_FIXED192,0,RBM12_WV3_S3_R3_SS261001303_QESUR_F50K_v1
RBM12_WV3_S3_R3_SS261001303_QESUR_F50K_v1__STRESS__A_ZERO_INFERENCE_ONLY,RBM12_WV3_S3_R3_SS261001303_QESUR_F50K_v1,s3,3,261001303,QESUR,EXACT_50000,A_ZERO_INFERENCE_ONLY,49,20,48:-48_FIXED160,32:-32_FIXED192,0,RBM12_WV3_S3_R3_SS261001303_QESUR_F50K_v1
RBM12_WV3_S3_R3_SS261001303_QESUR_F50K_v1__STRESS__A_NATIVE_FIXED,RBM12_WV3_S3_R3_SS261001303_QESUR_F50K_v1,s3,3,261001303,QESUR,EXACT_50000,A_NATIVE_FIXED,49,20,48:-48_FIXED160,32:-32_FIXED192,0,RBM12_WV3_S3_R3_SS261001303_QESUR_F50K_v1
RBM12_WV3_S3_R3_SS261001303_QESUR_F50K_v1__STRESS__KNOWN_SHIFT_INVERSE,RBM12_WV3_S3_R3_SS261001303_QESUR_F50K_v1,s3,3,261001303,QESUR,EXACT_50000,KNOWN_SHIFT_INVERSE,49,20,48:-48_FIXED160,32:-32_FIXED192,0,RBM12_WV3_S3_R3_SS261001303_QESUR_F50K_v1
RBM12_WV3_S3_R3_SS261001303_QEDGE_F50K_v1__STRESS__A_ON,RBM12_WV3_S3_R3_SS261001303_QEDGE_F50K_v1,s3,3,261001303,QEDGE,EXACT_50000,A_ON,49,20,48:-48_FIXED160,32:-32_FIXED192,0,RBM12_WV3_S3_R3_SS261001303_QEDGE_F50K_v1
RBM12_WV3_S3_R3_SS261001303_QEDGE_F50K_v1__STRESS__A_ZERO_INFERENCE_ONLY,RBM12_WV3_S3_R3_SS261001303_QEDGE_F50K_v1,s3,3,261001303,QEDGE,EXACT_50000,A_ZERO_INFERENCE_ONLY,49,20,48:-48_FIXED160,32:-32_FIXED192,0,RBM12_WV3_S3_R3_SS261001303_QEDGE_F50K_v1
RBM12_WV3_S3_R3_SS261001303_QEDGE_F50K_v1__STRESS__A_NATIVE_FIXED,RBM12_WV3_S3_R3_SS261001303_QEDGE_F50K_v1,s3,3,261001303,QEDGE,EXACT_50000,A_NATIVE_FIXED,49,20,48:-48_FIXED160,32:-32_FIXED192,0,RBM12_WV3_S3_R3_SS261001303_QEDGE_F50K_v1
RBM12_WV3_S3_R3_SS261001303_QEDGE_F50K_v1__STRESS__KNOWN_SHIFT_INVERSE,RBM12_WV3_S3_R3_SS261001303_QEDGE_F50K_v1,s3,3,261001303,QEDGE,EXACT_50000,KNOWN_SHIFT_INVERSE,49,20,48:-48_FIXED160,32:-32_FIXED192,0,RBM12_WV3_S3_R3_SS261001303_QEDGE_F50K_v1
RBM12_WV3_S3_R3_SS261001303_QALIGN_F50K_v1__STRESS__A_ON,RBM12_WV3_S3_R3_SS261001303_QALIGN_F50K_v1,s3,3,261001303,QALIGN,EXACT_50000,A_ON,49,20,48:-48_FIXED160,32:-32_FIXED192,0,RBM12_WV3_S3_R3_SS261001303_QALIGN_F50K_v1
RBM12_WV3_S3_R3_SS261001303_QALIGN_F50K_v1__STRESS__A_ZERO_INFERENCE_ONLY,RBM12_WV3_S3_R3_SS261001303_QALIGN_F50K_v1,s3,3,261001303,QALIGN,EXACT_50000,A_ZERO_INFERENCE_ONLY,49,20,48:-48_FIXED160,32:-32_FIXED192,0,RBM12_WV3_S3_R3_SS261001303_QALIGN_F50K_v1
RBM12_WV3_S3_R3_SS261001303_QALIGN_F50K_v1__STRESS__A_NATIVE_FIXED,RBM12_WV3_S3_R3_SS261001303_QALIGN_F50K_v1,s3,3,261001303,QALIGN,EXACT_50000,A_NATIVE_FIXED,49,20,48:-48_FIXED160,32:-32_FIXED192,0,RBM12_WV3_S3_R3_SS261001303_QALIGN_F50K_v1
RBM12_WV3_S3_R3_SS261001303_QALIGN_F50K_v1__STRESS__KNOWN_SHIFT_INVERSE,RBM12_WV3_S3_R3_SS261001303_QALIGN_F50K_v1,s3,3,261001303,QALIGN,EXACT_50000,KNOWN_SHIFT_INVERSE,49,20,48:-48_FIXED160,32:-32_FIXED192,0,RBM12_WV3_S3_R3_SS261001303_QALIGN_F50K_v1
RBM12_WV3_S3_R4_SS261001304_QFULL_F50K_v1__STRESS__A_ON,RBM12_WV3_S3_R4_SS261001304_QFULL_F50K_v1,s3,4,261001304,QFULL,EXACT_50000,A_ON,49,20,48:-48_FIXED160,32:-32_FIXED192,0,RBM12_WV3_S3_R4_SS261001304_QFULL_F50K_v1
RBM12_WV3_S3_R4_SS261001304_QFULL_F50K_v1__STRESS__A_ZERO_INFERENCE_ONLY,RBM12_WV3_S3_R4_SS261001304_QFULL_F50K_v1,s3,4,261001304,QFULL,EXACT_50000,A_ZERO_INFERENCE_ONLY,49,20,48:-48_FIXED160,32:-32_FIXED192,0,RBM12_WV3_S3_R4_SS261001304_QFULL_F50K_v1
RBM12_WV3_S3_R4_SS261001304_QFULL_F50K_v1__STRESS__A_NATIVE_FIXED,RBM12_WV3_S3_R4_SS261001304_QFULL_F50K_v1,s3,4,261001304,QFULL,EXACT_50000,A_NATIVE_FIXED,49,20,48:-48_FIXED160,32:-32_FIXED192,0,RBM12_WV3_S3_R4_SS261001304_QFULL_F50K_v1
RBM12_WV3_S3_R4_SS261001304_QFULL_F50K_v1__STRESS__KNOWN_SHIFT_INVERSE,RBM12_WV3_S3_R4_SS261001304_QFULL_F50K_v1,s3,4,261001304,QFULL,EXACT_50000,KNOWN_SHIFT_INVERSE,49,20,48:-48_FIXED160,32:-32_FIXED192,0,RBM12_WV3_S3_R4_SS261001304_QFULL_F50K_v1
RBM12_WV3_S3_R4_SS261001304_QMEAN_F50K_v1__STRESS__A_ON,RBM12_WV3_S3_R4_SS261001304_QMEAN_F50K_v1,s3,4,261001304,QMEAN,EXACT_50000,A_ON,49,20,48:-48_FIXED160,32:-32_FIXED192,0,RBM12_WV3_S3_R4_SS261001304_QMEAN_F50K_v1
RBM12_WV3_S3_R4_SS261001304_QMEAN_F50K_v1__STRESS__A_ZERO_INFERENCE_ONLY,RBM12_WV3_S3_R4_SS261001304_QMEAN_F50K_v1,s3,4,261001304,QMEAN,EXACT_50000,A_ZERO_INFERENCE_ONLY,49,20,48:-48_FIXED160,32:-32_FIXED192,0,RBM12_WV3_S3_R4_SS261001304_QMEAN_F50K_v1
RBM12_WV3_S3_R4_SS261001304_QMEAN_F50K_v1__STRESS__A_NATIVE_FIXED,RBM12_WV3_S3_R4_SS261001304_QMEAN_F50K_v1,s3,4,261001304,QMEAN,EXACT_50000,A_NATIVE_FIXED,49,20,48:-48_FIXED160,32:-32_FIXED192,0,RBM12_WV3_S3_R4_SS261001304_QMEAN_F50K_v1
RBM12_WV3_S3_R4_SS261001304_QMEAN_F50K_v1__STRESS__KNOWN_SHIFT_INVERSE,RBM12_WV3_S3_R4_SS261001304_QMEAN_F50K_v1,s3,4,261001304,QMEAN,EXACT_50000,KNOWN_SHIFT_INVERSE,49,20,48:-48_FIXED160,32:-32_FIXED192,0,RBM12_WV3_S3_R4_SS261001304_QMEAN_F50K_v1
RBM12_WV3_S3_R4_SS261001304_QSHUF_F50K_v1__STRESS__A_ON,RBM12_WV3_S3_R4_SS261001304_QSHUF_F50K_v1,s3,4,261001304,QSHUF,EXACT_50000,A_ON,49,20,48:-48_FIXED160,32:-32_FIXED192,0,RBM12_WV3_S3_R4_SS261001304_QSHUF_F50K_v1
RBM12_WV3_S3_R4_SS261001304_QSHUF_F50K_v1__STRESS__A_ZERO_INFERENCE_ONLY,RBM12_WV3_S3_R4_SS261001304_QSHUF_F50K_v1,s3,4,261001304,QSHUF,EXACT_50000,A_ZERO_INFERENCE_ONLY,49,20,48:-48_FIXED160,32:-32_FIXED192,0,RBM12_WV3_S3_R4_SS261001304_QSHUF_F50K_v1
RBM12_WV3_S3_R4_SS261001304_QSHUF_F50K_v1__STRESS__A_NATIVE_FIXED,RBM12_WV3_S3_R4_SS261001304_QSHUF_F50K_v1,s3,4,261001304,QSHUF,EXACT_50000,A_NATIVE_FIXED,49,20,48:-48_FIXED160,32:-32_FIXED192,0,RBM12_WV3_S3_R4_SS261001304_QSHUF_F50K_v1
RBM12_WV3_S3_R4_SS261001304_QSHUF_F50K_v1__STRESS__KNOWN_SHIFT_INVERSE,RBM12_WV3_S3_R4_SS261001304_QSHUF_F50K_v1,s3,4,261001304,QSHUF,EXACT_50000,KNOWN_SHIFT_INVERSE,49,20,48:-48_FIXED160,32:-32_FIXED192,0,RBM12_WV3_S3_R4_SS261001304_QSHUF_F50K_v1
RBM12_WV3_S3_R4_SS261001304_QESUR_F50K_v1__STRESS__A_ON,RBM12_WV3_S3_R4_SS261001304_QESUR_F50K_v1,s3,4,261001304,QESUR,EXACT_50000,A_ON,49,20,48:-48_FIXED160,32:-32_FIXED192,0,RBM12_WV3_S3_R4_SS261001304_QESUR_F50K_v1
RBM12_WV3_S3_R4_SS261001304_QESUR_F50K_v1__STRESS__A_ZERO_INFERENCE_ONLY,RBM12_WV3_S3_R4_SS261001304_QESUR_F50K_v1,s3,4,261001304,QESUR,EXACT_50000,A_ZERO_INFERENCE_ONLY,49,20,48:-48_FIXED160,32:-32_FIXED192,0,RBM12_WV3_S3_R4_SS261001304_QESUR_F50K_v1
RBM12_WV3_S3_R4_SS261001304_QESUR_F50K_v1__STRESS__A_NATIVE_FIXED,RBM12_WV3_S3_R4_SS261001304_QESUR_F50K_v1,s3,4,261001304,QESUR,EXACT_50000,A_NATIVE_FIXED,49,20,48:-48_FIXED160,32:-32_FIXED192,0,RBM12_WV3_S3_R4_SS261001304_QESUR_F50K_v1
RBM12_WV3_S3_R4_SS261001304_QESUR_F50K_v1__STRESS__KNOWN_SHIFT_INVERSE,RBM12_WV3_S3_R4_SS261001304_QESUR_F50K_v1,s3,4,261001304,QESUR,EXACT_50000,KNOWN_SHIFT_INVERSE,49,20,48:-48_FIXED160,32:-32_FIXED192,0,RBM12_WV3_S3_R4_SS261001304_QESUR_F50K_v1
RBM12_WV3_S3_R4_SS261001304_QEDGE_F50K_v1__STRESS__A_ON,RBM12_WV3_S3_R4_SS261001304_QEDGE_F50K_v1,s3,4,261001304,QEDGE,EXACT_50000,A_ON,49,20,48:-48_FIXED160,32:-32_FIXED192,0,RBM12_WV3_S3_R4_SS261001304_QEDGE_F50K_v1
RBM12_WV3_S3_R4_SS261001304_QEDGE_F50K_v1__STRESS__A_ZERO_INFERENCE_ONLY,RBM12_WV3_S3_R4_SS261001304_QEDGE_F50K_v1,s3,4,261001304,QEDGE,EXACT_50000,A_ZERO_INFERENCE_ONLY,49,20,48:-48_FIXED160,32:-32_FIXED192,0,RBM12_WV3_S3_R4_SS261001304_QEDGE_F50K_v1
RBM12_WV3_S3_R4_SS261001304_QEDGE_F50K_v1__STRESS__A_NATIVE_FIXED,RBM12_WV3_S3_R4_SS261001304_QEDGE_F50K_v1,s3,4,261001304,QEDGE,EXACT_50000,A_NATIVE_FIXED,49,20,48:-48_FIXED160,32:-32_FIXED192,0,RBM12_WV3_S3_R4_SS261001304_QEDGE_F50K_v1
RBM12_WV3_S3_R4_SS261001304_QEDGE_F50K_v1__STRESS__KNOWN_SHIFT_INVERSE,RBM12_WV3_S3_R4_SS261001304_QEDGE_F50K_v1,s3,4,261001304,QEDGE,EXACT_50000,KNOWN_SHIFT_INVERSE,49,20,48:-48_FIXED160,32:-32_FIXED192,0,RBM12_WV3_S3_R4_SS261001304_QEDGE_F50K_v1
RBM12_WV3_S3_R4_SS261001304_QALIGN_F50K_v1__STRESS__A_ON,RBM12_WV3_S3_R4_SS261001304_QALIGN_F50K_v1,s3,4,261001304,QALIGN,EXACT_50000,A_ON,49,20,48:-48_FIXED160,32:-32_FIXED192,0,RBM12_WV3_S3_R4_SS261001304_QALIGN_F50K_v1
RBM12_WV3_S3_R4_SS261001304_QALIGN_F50K_v1__STRESS__A_ZERO_INFERENCE_ONLY,RBM12_WV3_S3_R4_SS261001304_QALIGN_F50K_v1,s3,4,261001304,QALIGN,EXACT_50000,A_ZERO_INFERENCE_ONLY,49,20,48:-48_FIXED160,32:-32_FIXED192,0,RBM12_WV3_S3_R4_SS261001304_QALIGN_F50K_v1
RBM12_WV3_S3_R4_SS261001304_QALIGN_F50K_v1__STRESS__A_NATIVE_FIXED,RBM12_WV3_S3_R4_SS261001304_QALIGN_F50K_v1,s3,4,261001304,QALIGN,EXACT_50000,A_NATIVE_FIXED,49,20,48:-48_FIXED160,32:-32_FIXED192,0,RBM12_WV3_S3_R4_SS261001304_QALIGN_F50K_v1
RBM12_WV3_S3_R4_SS261001304_QALIGN_F50K_v1__STRESS__KNOWN_SHIFT_INVERSE,RBM12_WV3_S3_R4_SS261001304_QALIGN_F50K_v1,s3,4,261001304,QALIGN,EXACT_50000,KNOWN_SHIFT_INVERSE,49,20,48:-48_FIXED160,32:-32_FIXED192,0,RBM12_WV3_S3_R4_SS261001304_QALIGN_F50K_v1
RBM12_WV3_S5_R1_SS261001501_QFULL_F50K_v1__STRESS__A_ON,RBM12_WV3_S5_R1_SS261001501_QFULL_F50K_v1,s5,1,261001501,QFULL,EXACT_50000,A_ON,49,20,48:-48_FIXED160,32:-32_FIXED192,0,RBM12_WV3_S5_R1_SS261001501_QFULL_F50K_v1
RBM12_WV3_S5_R1_SS261001501_QFULL_F50K_v1__STRESS__A_ZERO_INFERENCE_ONLY,RBM12_WV3_S5_R1_SS261001501_QFULL_F50K_v1,s5,1,261001501,QFULL,EXACT_50000,A_ZERO_INFERENCE_ONLY,49,20,48:-48_FIXED160,32:-32_FIXED192,0,RBM12_WV3_S5_R1_SS261001501_QFULL_F50K_v1
RBM12_WV3_S5_R1_SS261001501_QFULL_F50K_v1__STRESS__A_NATIVE_FIXED,RBM12_WV3_S5_R1_SS261001501_QFULL_F50K_v1,s5,1,261001501,QFULL,EXACT_50000,A_NATIVE_FIXED,49,20,48:-48_FIXED160,32:-32_FIXED192,0,RBM12_WV3_S5_R1_SS261001501_QFULL_F50K_v1
RBM12_WV3_S5_R1_SS261001501_QFULL_F50K_v1__STRESS__KNOWN_SHIFT_INVERSE,RBM12_WV3_S5_R1_SS261001501_QFULL_F50K_v1,s5,1,261001501,QFULL,EXACT_50000,KNOWN_SHIFT_INVERSE,49,20,48:-48_FIXED160,32:-32_FIXED192,0,RBM12_WV3_S5_R1_SS261001501_QFULL_F50K_v1
RBM12_WV3_S5_R1_SS261001501_QMEAN_F50K_v1__STRESS__A_ON,RBM12_WV3_S5_R1_SS261001501_QMEAN_F50K_v1,s5,1,261001501,QMEAN,EXACT_50000,A_ON,49,20,48:-48_FIXED160,32:-32_FIXED192,0,RBM12_WV3_S5_R1_SS261001501_QMEAN_F50K_v1
RBM12_WV3_S5_R1_SS261001501_QMEAN_F50K_v1__STRESS__A_ZERO_INFERENCE_ONLY,RBM12_WV3_S5_R1_SS261001501_QMEAN_F50K_v1,s5,1,261001501,QMEAN,EXACT_50000,A_ZERO_INFERENCE_ONLY,49,20,48:-48_FIXED160,32:-32_FIXED192,0,RBM12_WV3_S5_R1_SS261001501_QMEAN_F50K_v1
RBM12_WV3_S5_R1_SS261001501_QMEAN_F50K_v1__STRESS__A_NATIVE_FIXED,RBM12_WV3_S5_R1_SS261001501_QMEAN_F50K_v1,s5,1,261001501,QMEAN,EXACT_50000,A_NATIVE_FIXED,49,20,48:-48_FIXED160,32:-32_FIXED192,0,RBM12_WV3_S5_R1_SS261001501_QMEAN_F50K_v1
RBM12_WV3_S5_R1_SS261001501_QMEAN_F50K_v1__STRESS__KNOWN_SHIFT_INVERSE,RBM12_WV3_S5_R1_SS261001501_QMEAN_F50K_v1,s5,1,261001501,QMEAN,EXACT_50000,KNOWN_SHIFT_INVERSE,49,20,48:-48_FIXED160,32:-32_FIXED192,0,RBM12_WV3_S5_R1_SS261001501_QMEAN_F50K_v1
RBM12_WV3_S5_R1_SS261001501_QSHUF_F50K_v1__STRESS__A_ON,RBM12_WV3_S5_R1_SS261001501_QSHUF_F50K_v1,s5,1,261001501,QSHUF,EXACT_50000,A_ON,49,20,48:-48_FIXED160,32:-32_FIXED192,0,RBM12_WV3_S5_R1_SS261001501_QSHUF_F50K_v1
RBM12_WV3_S5_R1_SS261001501_QSHUF_F50K_v1__STRESS__A_ZERO_INFERENCE_ONLY,RBM12_WV3_S5_R1_SS261001501_QSHUF_F50K_v1,s5,1,261001501,QSHUF,EXACT_50000,A_ZERO_INFERENCE_ONLY,49,20,48:-48_FIXED160,32:-32_FIXED192,0,RBM12_WV3_S5_R1_SS261001501_QSHUF_F50K_v1
RBM12_WV3_S5_R1_SS261001501_QSHUF_F50K_v1__STRESS__A_NATIVE_FIXED,RBM12_WV3_S5_R1_SS261001501_QSHUF_F50K_v1,s5,1,261001501,QSHUF,EXACT_50000,A_NATIVE_FIXED,49,20,48:-48_FIXED160,32:-32_FIXED192,0,RBM12_WV3_S5_R1_SS261001501_QSHUF_F50K_v1
RBM12_WV3_S5_R1_SS261001501_QSHUF_F50K_v1__STRESS__KNOWN_SHIFT_INVERSE,RBM12_WV3_S5_R1_SS261001501_QSHUF_F50K_v1,s5,1,261001501,QSHUF,EXACT_50000,KNOWN_SHIFT_INVERSE,49,20,48:-48_FIXED160,32:-32_FIXED192,0,RBM12_WV3_S5_R1_SS261001501_QSHUF_F50K_v1
RBM12_WV3_S5_R1_SS261001501_QESUR_F50K_v1__STRESS__A_ON,RBM12_WV3_S5_R1_SS261001501_QESUR_F50K_v1,s5,1,261001501,QESUR,EXACT_50000,A_ON,49,20,48:-48_FIXED160,32:-32_FIXED192,0,RBM12_WV3_S5_R1_SS261001501_QESUR_F50K_v1
RBM12_WV3_S5_R1_SS261001501_QESUR_F50K_v1__STRESS__A_ZERO_INFERENCE_ONLY,RBM12_WV3_S5_R1_SS261001501_QESUR_F50K_v1,s5,1,261001501,QESUR,EXACT_50000,A_ZERO_INFERENCE_ONLY,49,20,48:-48_FIXED160,32:-32_FIXED192,0,RBM12_WV3_S5_R1_SS261001501_QESUR_F50K_v1
RBM12_WV3_S5_R1_SS261001501_QESUR_F50K_v1__STRESS__A_NATIVE_FIXED,RBM12_WV3_S5_R1_SS261001501_QESUR_F50K_v1,s5,1,261001501,QESUR,EXACT_50000,A_NATIVE_FIXED,49,20,48:-48_FIXED160,32:-32_FIXED192,0,RBM12_WV3_S5_R1_SS261001501_QESUR_F50K_v1
RBM12_WV3_S5_R1_SS261001501_QESUR_F50K_v1__STRESS__KNOWN_SHIFT_INVERSE,RBM12_WV3_S5_R1_SS261001501_QESUR_F50K_v1,s5,1,261001501,QESUR,EXACT_50000,KNOWN_SHIFT_INVERSE,49,20,48:-48_FIXED160,32:-32_FIXED192,0,RBM12_WV3_S5_R1_SS261001501_QESUR_F50K_v1
RBM12_WV3_S5_R1_SS261001501_QEDGE_F50K_v1__STRESS__A_ON,RBM12_WV3_S5_R1_SS261001501_QEDGE_F50K_v1,s5,1,261001501,QEDGE,EXACT_50000,A_ON,49,20,48:-48_FIXED160,32:-32_FIXED192,0,RBM12_WV3_S5_R1_SS261001501_QEDGE_F50K_v1
RBM12_WV3_S5_R1_SS261001501_QEDGE_F50K_v1__STRESS__A_ZERO_INFERENCE_ONLY,RBM12_WV3_S5_R1_SS261001501_QEDGE_F50K_v1,s5,1,261001501,QEDGE,EXACT_50000,A_ZERO_INFERENCE_ONLY,49,20,48:-48_FIXED160,32:-32_FIXED192,0,RBM12_WV3_S5_R1_SS261001501_QEDGE_F50K_v1
RBM12_WV3_S5_R1_SS261001501_QEDGE_F50K_v1__STRESS__A_NATIVE_FIXED,RBM12_WV3_S5_R1_SS261001501_QEDGE_F50K_v1,s5,1,261001501,QEDGE,EXACT_50000,A_NATIVE_FIXED,49,20,48:-48_FIXED160,32:-32_FIXED192,0,RBM12_WV3_S5_R1_SS261001501_QEDGE_F50K_v1
RBM12_WV3_S5_R1_SS261001501_QEDGE_F50K_v1__STRESS__KNOWN_SHIFT_INVERSE,RBM12_WV3_S5_R1_SS261001501_QEDGE_F50K_v1,s5,1,261001501,QEDGE,EXACT_50000,KNOWN_SHIFT_INVERSE,49,20,48:-48_FIXED160,32:-32_FIXED192,0,RBM12_WV3_S5_R1_SS261001501_QEDGE_F50K_v1
RBM12_WV3_S5_R1_SS261001501_QALIGN_F50K_v1__STRESS__A_ON,RBM12_WV3_S5_R1_SS261001501_QALIGN_F50K_v1,s5,1,261001501,QALIGN,EXACT_50000,A_ON,49,20,48:-48_FIXED160,32:-32_FIXED192,0,RBM12_WV3_S5_R1_SS261001501_QALIGN_F50K_v1
RBM12_WV3_S5_R1_SS261001501_QALIGN_F50K_v1__STRESS__A_ZERO_INFERENCE_ONLY,RBM12_WV3_S5_R1_SS261001501_QALIGN_F50K_v1,s5,1,261001501,QALIGN,EXACT_50000,A_ZERO_INFERENCE_ONLY,49,20,48:-48_FIXED160,32:-32_FIXED192,0,RBM12_WV3_S5_R1_SS261001501_QALIGN_F50K_v1
RBM12_WV3_S5_R1_SS261001501_QALIGN_F50K_v1__STRESS__A_NATIVE_FIXED,RBM12_WV3_S5_R1_SS261001501_QALIGN_F50K_v1,s5,1,261001501,QALIGN,EXACT_50000,A_NATIVE_FIXED,49,20,48:-48_FIXED160,32:-32_FIXED192,0,RBM12_WV3_S5_R1_SS261001501_QALIGN_F50K_v1
RBM12_WV3_S5_R1_SS261001501_QALIGN_F50K_v1__STRESS__KNOWN_SHIFT_INVERSE,RBM12_WV3_S5_R1_SS261001501_QALIGN_F50K_v1,s5,1,261001501,QALIGN,EXACT_50000,KNOWN_SHIFT_INVERSE,49,20,48:-48_FIXED160,32:-32_FIXED192,0,RBM12_WV3_S5_R1_SS261001501_QALIGN_F50K_v1
RBM12_WV3_S5_R2_SS261001502_QFULL_F50K_v1__STRESS__A_ON,RBM12_WV3_S5_R2_SS261001502_QFULL_F50K_v1,s5,2,261001502,QFULL,EXACT_50000,A_ON,49,20,48:-48_FIXED160,32:-32_FIXED192,0,RBM12_WV3_S5_R2_SS261001502_QFULL_F50K_v1
RBM12_WV3_S5_R2_SS261001502_QFULL_F50K_v1__STRESS__A_ZERO_INFERENCE_ONLY,RBM12_WV3_S5_R2_SS261001502_QFULL_F50K_v1,s5,2,261001502,QFULL,EXACT_50000,A_ZERO_INFERENCE_ONLY,49,20,48:-48_FIXED160,32:-32_FIXED192,0,RBM12_WV3_S5_R2_SS261001502_QFULL_F50K_v1
RBM12_WV3_S5_R2_SS261001502_QFULL_F50K_v1__STRESS__A_NATIVE_FIXED,RBM12_WV3_S5_R2_SS261001502_QFULL_F50K_v1,s5,2,261001502,QFULL,EXACT_50000,A_NATIVE_FIXED,49,20,48:-48_FIXED160,32:-32_FIXED192,0,RBM12_WV3_S5_R2_SS261001502_QFULL_F50K_v1
RBM12_WV3_S5_R2_SS261001502_QFULL_F50K_v1__STRESS__KNOWN_SHIFT_INVERSE,RBM12_WV3_S5_R2_SS261001502_QFULL_F50K_v1,s5,2,261001502,QFULL,EXACT_50000,KNOWN_SHIFT_INVERSE,49,20,48:-48_FIXED160,32:-32_FIXED192,0,RBM12_WV3_S5_R2_SS261001502_QFULL_F50K_v1
RBM12_WV3_S5_R2_SS261001502_QMEAN_F50K_v1__STRESS__A_ON,RBM12_WV3_S5_R2_SS261001502_QMEAN_F50K_v1,s5,2,261001502,QMEAN,EXACT_50000,A_ON,49,20,48:-48_FIXED160,32:-32_FIXED192,0,RBM12_WV3_S5_R2_SS261001502_QMEAN_F50K_v1
RBM12_WV3_S5_R2_SS261001502_QMEAN_F50K_v1__STRESS__A_ZERO_INFERENCE_ONLY,RBM12_WV3_S5_R2_SS261001502_QMEAN_F50K_v1,s5,2,261001502,QMEAN,EXACT_50000,A_ZERO_INFERENCE_ONLY,49,20,48:-48_FIXED160,32:-32_FIXED192,0,RBM12_WV3_S5_R2_SS261001502_QMEAN_F50K_v1
RBM12_WV3_S5_R2_SS261001502_QMEAN_F50K_v1__STRESS__A_NATIVE_FIXED,RBM12_WV3_S5_R2_SS261001502_QMEAN_F50K_v1,s5,2,261001502,QMEAN,EXACT_50000,A_NATIVE_FIXED,49,20,48:-48_FIXED160,32:-32_FIXED192,0,RBM12_WV3_S5_R2_SS261001502_QMEAN_F50K_v1
RBM12_WV3_S5_R2_SS261001502_QMEAN_F50K_v1__STRESS__KNOWN_SHIFT_INVERSE,RBM12_WV3_S5_R2_SS261001502_QMEAN_F50K_v1,s5,2,261001502,QMEAN,EXACT_50000,KNOWN_SHIFT_INVERSE,49,20,48:-48_FIXED160,32:-32_FIXED192,0,RBM12_WV3_S5_R2_SS261001502_QMEAN_F50K_v1
RBM12_WV3_S5_R2_SS261001502_QSHUF_F50K_v1__STRESS__A_ON,RBM12_WV3_S5_R2_SS261001502_QSHUF_F50K_v1,s5,2,261001502,QSHUF,EXACT_50000,A_ON,49,20,48:-48_FIXED160,32:-32_FIXED192,0,RBM12_WV3_S5_R2_SS261001502_QSHUF_F50K_v1
RBM12_WV3_S5_R2_SS261001502_QSHUF_F50K_v1__STRESS__A_ZERO_INFERENCE_ONLY,RBM12_WV3_S5_R2_SS261001502_QSHUF_F50K_v1,s5,2,261001502,QSHUF,EXACT_50000,A_ZERO_INFERENCE_ONLY,49,20,48:-48_FIXED160,32:-32_FIXED192,0,RBM12_WV3_S5_R2_SS261001502_QSHUF_F50K_v1
RBM12_WV3_S5_R2_SS261001502_QSHUF_F50K_v1__STRESS__A_NATIVE_FIXED,RBM12_WV3_S5_R2_SS261001502_QSHUF_F50K_v1,s5,2,261001502,QSHUF,EXACT_50000,A_NATIVE_FIXED,49,20,48:-48_FIXED160,32:-32_FIXED192,0,RBM12_WV3_S5_R2_SS261001502_QSHUF_F50K_v1
RBM12_WV3_S5_R2_SS261001502_QSHUF_F50K_v1__STRESS__KNOWN_SHIFT_INVERSE,RBM12_WV3_S5_R2_SS261001502_QSHUF_F50K_v1,s5,2,261001502,QSHUF,EXACT_50000,KNOWN_SHIFT_INVERSE,49,20,48:-48_FIXED160,32:-32_FIXED192,0,RBM12_WV3_S5_R2_SS261001502_QSHUF_F50K_v1
RBM12_WV3_S5_R2_SS261001502_QESUR_F50K_v1__STRESS__A_ON,RBM12_WV3_S5_R2_SS261001502_QESUR_F50K_v1,s5,2,261001502,QESUR,EXACT_50000,A_ON,49,20,48:-48_FIXED160,32:-32_FIXED192,0,RBM12_WV3_S5_R2_SS261001502_QESUR_F50K_v1
RBM12_WV3_S5_R2_SS261001502_QESUR_F50K_v1__STRESS__A_ZERO_INFERENCE_ONLY,RBM12_WV3_S5_R2_SS261001502_QESUR_F50K_v1,s5,2,261001502,QESUR,EXACT_50000,A_ZERO_INFERENCE_ONLY,49,20,48:-48_FIXED160,32:-32_FIXED192,0,RBM12_WV3_S5_R2_SS261001502_QESUR_F50K_v1
RBM12_WV3_S5_R2_SS261001502_QESUR_F50K_v1__STRESS__A_NATIVE_FIXED,RBM12_WV3_S5_R2_SS261001502_QESUR_F50K_v1,s5,2,261001502,QESUR,EXACT_50000,A_NATIVE_FIXED,49,20,48:-48_FIXED160,32:-32_FIXED192,0,RBM12_WV3_S5_R2_SS261001502_QESUR_F50K_v1
RBM12_WV3_S5_R2_SS261001502_QESUR_F50K_v1__STRESS__KNOWN_SHIFT_INVERSE,RBM12_WV3_S5_R2_SS261001502_QESUR_F50K_v1,s5,2,261001502,QESUR,EXACT_50000,KNOWN_SHIFT_INVERSE,49,20,48:-48_FIXED160,32:-32_FIXED192,0,RBM12_WV3_S5_R2_SS261001502_QESUR_F50K_v1
RBM12_WV3_S5_R2_SS261001502_QEDGE_F50K_v1__STRESS__A_ON,RBM12_WV3_S5_R2_SS261001502_QEDGE_F50K_v1,s5,2,261001502,QEDGE,EXACT_50000,A_ON,49,20,48:-48_FIXED160,32:-32_FIXED192,0,RBM12_WV3_S5_R2_SS261001502_QEDGE_F50K_v1
RBM12_WV3_S5_R2_SS261001502_QEDGE_F50K_v1__STRESS__A_ZERO_INFERENCE_ONLY,RBM12_WV3_S5_R2_SS261001502_QEDGE_F50K_v1,s5,2,261001502,QEDGE,EXACT_50000,A_ZERO_INFERENCE_ONLY,49,20,48:-48_FIXED160,32:-32_FIXED192,0,RBM12_WV3_S5_R2_SS261001502_QEDGE_F50K_v1
RBM12_WV3_S5_R2_SS261001502_QEDGE_F50K_v1__STRESS__A_NATIVE_FIXED,RBM12_WV3_S5_R2_SS261001502_QEDGE_F50K_v1,s5,2,261001502,QEDGE,EXACT_50000,A_NATIVE_FIXED,49,20,48:-48_FIXED160,32:-32_FIXED192,0,RBM12_WV3_S5_R2_SS261001502_QEDGE_F50K_v1
RBM12_WV3_S5_R2_SS261001502_QEDGE_F50K_v1__STRESS__KNOWN_SHIFT_INVERSE,RBM12_WV3_S5_R2_SS261001502_QEDGE_F50K_v1,s5,2,261001502,QEDGE,EXACT_50000,KNOWN_SHIFT_INVERSE,49,20,48:-48_FIXED160,32:-32_FIXED192,0,RBM12_WV3_S5_R2_SS261001502_QEDGE_F50K_v1
RBM12_WV3_S5_R2_SS261001502_QALIGN_F50K_v1__STRESS__A_ON,RBM12_WV3_S5_R2_SS261001502_QALIGN_F50K_v1,s5,2,261001502,QALIGN,EXACT_50000,A_ON,49,20,48:-48_FIXED160,32:-32_FIXED192,0,RBM12_WV3_S5_R2_SS261001502_QALIGN_F50K_v1
RBM12_WV3_S5_R2_SS261001502_QALIGN_F50K_v1__STRESS__A_ZERO_INFERENCE_ONLY,RBM12_WV3_S5_R2_SS261001502_QALIGN_F50K_v1,s5,2,261001502,QALIGN,EXACT_50000,A_ZERO_INFERENCE_ONLY,49,20,48:-48_FIXED160,32:-32_FIXED192,0,RBM12_WV3_S5_R2_SS261001502_QALIGN_F50K_v1
RBM12_WV3_S5_R2_SS261001502_QALIGN_F50K_v1__STRESS__A_NATIVE_FIXED,RBM12_WV3_S5_R2_SS261001502_QALIGN_F50K_v1,s5,2,261001502,QALIGN,EXACT_50000,A_NATIVE_FIXED,49,20,48:-48_FIXED160,32:-32_FIXED192,0,RBM12_WV3_S5_R2_SS261001502_QALIGN_F50K_v1
RBM12_WV3_S5_R2_SS261001502_QALIGN_F50K_v1__STRESS__KNOWN_SHIFT_INVERSE,RBM12_WV3_S5_R2_SS261001502_QALIGN_F50K_v1,s5,2,261001502,QALIGN,EXACT_50000,KNOWN_SHIFT_INVERSE,49,20,48:-48_FIXED160,32:-32_FIXED192,0,RBM12_WV3_S5_R2_SS261001502_QALIGN_F50K_v1
RBM12_WV3_S5_R3_SS261001503_QFULL_F50K_v1__STRESS__A_ON,RBM12_WV3_S5_R3_SS261001503_QFULL_F50K_v1,s5,3,261001503,QFULL,EXACT_50000,A_ON,49,20,48:-48_FIXED160,32:-32_FIXED192,0,RBM12_WV3_S5_R3_SS261001503_QFULL_F50K_v1
RBM12_WV3_S5_R3_SS261001503_QFULL_F50K_v1__STRESS__A_ZERO_INFERENCE_ONLY,RBM12_WV3_S5_R3_SS261001503_QFULL_F50K_v1,s5,3,261001503,QFULL,EXACT_50000,A_ZERO_INFERENCE_ONLY,49,20,48:-48_FIXED160,32:-32_FIXED192,0,RBM12_WV3_S5_R3_SS261001503_QFULL_F50K_v1
RBM12_WV3_S5_R3_SS261001503_QFULL_F50K_v1__STRESS__A_NATIVE_FIXED,RBM12_WV3_S5_R3_SS261001503_QFULL_F50K_v1,s5,3,261001503,QFULL,EXACT_50000,A_NATIVE_FIXED,49,20,48:-48_FIXED160,32:-32_FIXED192,0,RBM12_WV3_S5_R3_SS261001503_QFULL_F50K_v1
RBM12_WV3_S5_R3_SS261001503_QFULL_F50K_v1__STRESS__KNOWN_SHIFT_INVERSE,RBM12_WV3_S5_R3_SS261001503_QFULL_F50K_v1,s5,3,261001503,QFULL,EXACT_50000,KNOWN_SHIFT_INVERSE,49,20,48:-48_FIXED160,32:-32_FIXED192,0,RBM12_WV3_S5_R3_SS261001503_QFULL_F50K_v1
RBM12_WV3_S5_R3_SS261001503_QMEAN_F50K_v1__STRESS__A_ON,RBM12_WV3_S5_R3_SS261001503_QMEAN_F50K_v1,s5,3,261001503,QMEAN,EXACT_50000,A_ON,49,20,48:-48_FIXED160,32:-32_FIXED192,0,RBM12_WV3_S5_R3_SS261001503_QMEAN_F50K_v1
RBM12_WV3_S5_R3_SS261001503_QMEAN_F50K_v1__STRESS__A_ZERO_INFERENCE_ONLY,RBM12_WV3_S5_R3_SS261001503_QMEAN_F50K_v1,s5,3,261001503,QMEAN,EXACT_50000,A_ZERO_INFERENCE_ONLY,49,20,48:-48_FIXED160,32:-32_FIXED192,0,RBM12_WV3_S5_R3_SS261001503_QMEAN_F50K_v1
RBM12_WV3_S5_R3_SS261001503_QMEAN_F50K_v1__STRESS__A_NATIVE_FIXED,RBM12_WV3_S5_R3_SS261001503_QMEAN_F50K_v1,s5,3,261001503,QMEAN,EXACT_50000,A_NATIVE_FIXED,49,20,48:-48_FIXED160,32:-32_FIXED192,0,RBM12_WV3_S5_R3_SS261001503_QMEAN_F50K_v1
RBM12_WV3_S5_R3_SS261001503_QMEAN_F50K_v1__STRESS__KNOWN_SHIFT_INVERSE,RBM12_WV3_S5_R3_SS261001503_QMEAN_F50K_v1,s5,3,261001503,QMEAN,EXACT_50000,KNOWN_SHIFT_INVERSE,49,20,48:-48_FIXED160,32:-32_FIXED192,0,RBM12_WV3_S5_R3_SS261001503_QMEAN_F50K_v1
RBM12_WV3_S5_R3_SS261001503_QSHUF_F50K_v1__STRESS__A_ON,RBM12_WV3_S5_R3_SS261001503_QSHUF_F50K_v1,s5,3,261001503,QSHUF,EXACT_50000,A_ON,49,20,48:-48_FIXED160,32:-32_FIXED192,0,RBM12_WV3_S5_R3_SS261001503_QSHUF_F50K_v1
RBM12_WV3_S5_R3_SS261001503_QSHUF_F50K_v1__STRESS__A_ZERO_INFERENCE_ONLY,RBM12_WV3_S5_R3_SS261001503_QSHUF_F50K_v1,s5,3,261001503,QSHUF,EXACT_50000,A_ZERO_INFERENCE_ONLY,49,20,48:-48_FIXED160,32:-32_FIXED192,0,RBM12_WV3_S5_R3_SS261001503_QSHUF_F50K_v1
RBM12_WV3_S5_R3_SS261001503_QSHUF_F50K_v1__STRESS__A_NATIVE_FIXED,RBM12_WV3_S5_R3_SS261001503_QSHUF_F50K_v1,s5,3,261001503,QSHUF,EXACT_50000,A_NATIVE_FIXED,49,20,48:-48_FIXED160,32:-32_FIXED192,0,RBM12_WV3_S5_R3_SS261001503_QSHUF_F50K_v1
RBM12_WV3_S5_R3_SS261001503_QSHUF_F50K_v1__STRESS__KNOWN_SHIFT_INVERSE,RBM12_WV3_S5_R3_SS261001503_QSHUF_F50K_v1,s5,3,261001503,QSHUF,EXACT_50000,KNOWN_SHIFT_INVERSE,49,20,48:-48_FIXED160,32:-32_FIXED192,0,RBM12_WV3_S5_R3_SS261001503_QSHUF_F50K_v1
RBM12_WV3_S5_R3_SS261001503_QESUR_F50K_v1__STRESS__A_ON,RBM12_WV3_S5_R3_SS261001503_QESUR_F50K_v1,s5,3,261001503,QESUR,EXACT_50000,A_ON,49,20,48:-48_FIXED160,32:-32_FIXED192,0,RBM12_WV3_S5_R3_SS261001503_QESUR_F50K_v1
RBM12_WV3_S5_R3_SS261001503_QESUR_F50K_v1__STRESS__A_ZERO_INFERENCE_ONLY,RBM12_WV3_S5_R3_SS261001503_QESUR_F50K_v1,s5,3,261001503,QESUR,EXACT_50000,A_ZERO_INFERENCE_ONLY,49,20,48:-48_FIXED160,32:-32_FIXED192,0,RBM12_WV3_S5_R3_SS261001503_QESUR_F50K_v1
RBM12_WV3_S5_R3_SS261001503_QESUR_F50K_v1__STRESS__A_NATIVE_FIXED,RBM12_WV3_S5_R3_SS261001503_QESUR_F50K_v1,s5,3,261001503,QESUR,EXACT_50000,A_NATIVE_FIXED,49,20,48:-48_FIXED160,32:-32_FIXED192,0,RBM12_WV3_S5_R3_SS261001503_QESUR_F50K_v1
RBM12_WV3_S5_R3_SS261001503_QESUR_F50K_v1__STRESS__KNOWN_SHIFT_INVERSE,RBM12_WV3_S5_R3_SS261001503_QESUR_F50K_v1,s5,3,261001503,QESUR,EXACT_50000,KNOWN_SHIFT_INVERSE,49,20,48:-48_FIXED160,32:-32_FIXED192,0,RBM12_WV3_S5_R3_SS261001503_QESUR_F50K_v1
RBM12_WV3_S5_R3_SS261001503_QEDGE_F50K_v1__STRESS__A_ON,RBM12_WV3_S5_R3_SS261001503_QEDGE_F50K_v1,s5,3,261001503,QEDGE,EXACT_50000,A_ON,49,20,48:-48_FIXED160,32:-32_FIXED192,0,RBM12_WV3_S5_R3_SS261001503_QEDGE_F50K_v1
RBM12_WV3_S5_R3_SS261001503_QEDGE_F50K_v1__STRESS__A_ZERO_INFERENCE_ONLY,RBM12_WV3_S5_R3_SS261001503_QEDGE_F50K_v1,s5,3,261001503,QEDGE,EXACT_50000,A_ZERO_INFERENCE_ONLY,49,20,48:-48_FIXED160,32:-32_FIXED192,0,RBM12_WV3_S5_R3_SS261001503_QEDGE_F50K_v1
RBM12_WV3_S5_R3_SS261001503_QEDGE_F50K_v1__STRESS__A_NATIVE_FIXED,RBM12_WV3_S5_R3_SS261001503_QEDGE_F50K_v1,s5,3,261001503,QEDGE,EXACT_50000,A_NATIVE_FIXED,49,20,48:-48_FIXED160,32:-32_FIXED192,0,RBM12_WV3_S5_R3_SS261001503_QEDGE_F50K_v1
RBM12_WV3_S5_R3_SS261001503_QEDGE_F50K_v1__STRESS__KNOWN_SHIFT_INVERSE,RBM12_WV3_S5_R3_SS261001503_QEDGE_F50K_v1,s5,3,261001503,QEDGE,EXACT_50000,KNOWN_SHIFT_INVERSE,49,20,48:-48_FIXED160,32:-32_FIXED192,0,RBM12_WV3_S5_R3_SS261001503_QEDGE_F50K_v1
RBM12_WV3_S5_R3_SS261001503_QALIGN_F50K_v1__STRESS__A_ON,RBM12_WV3_S5_R3_SS261001503_QALIGN_F50K_v1,s5,3,261001503,QALIGN,EXACT_50000,A_ON,49,20,48:-48_FIXED160,32:-32_FIXED192,0,RBM12_WV3_S5_R3_SS261001503_QALIGN_F50K_v1
RBM12_WV3_S5_R3_SS261001503_QALIGN_F50K_v1__STRESS__A_ZERO_INFERENCE_ONLY,RBM12_WV3_S5_R3_SS261001503_QALIGN_F50K_v1,s5,3,261001503,QALIGN,EXACT_50000,A_ZERO_INFERENCE_ONLY,49,20,48:-48_FIXED160,32:-32_FIXED192,0,RBM12_WV3_S5_R3_SS261001503_QALIGN_F50K_v1
RBM12_WV3_S5_R3_SS261001503_QALIGN_F50K_v1__STRESS__A_NATIVE_FIXED,RBM12_WV3_S5_R3_SS261001503_QALIGN_F50K_v1,s5,3,261001503,QALIGN,EXACT_50000,A_NATIVE_FIXED,49,20,48:-48_FIXED160,32:-32_FIXED192,0,RBM12_WV3_S5_R3_SS261001503_QALIGN_F50K_v1
RBM12_WV3_S5_R3_SS261001503_QALIGN_F50K_v1__STRESS__KNOWN_SHIFT_INVERSE,RBM12_WV3_S5_R3_SS261001503_QALIGN_F50K_v1,s5,3,261001503,QALIGN,EXACT_50000,KNOWN_SHIFT_INVERSE,49,20,48:-48_FIXED160,32:-32_FIXED192,0,RBM12_WV3_S5_R3_SS261001503_QALIGN_F50K_v1
RBM12_WV3_S5_R4_SS261001504_QFULL_F50K_v1__STRESS__A_ON,RBM12_WV3_S5_R4_SS261001504_QFULL_F50K_v1,s5,4,261001504,QFULL,EXACT_50000,A_ON,49,20,48:-48_FIXED160,32:-32_FIXED192,0,RBM12_WV3_S5_R4_SS261001504_QFULL_F50K_v1
RBM12_WV3_S5_R4_SS261001504_QFULL_F50K_v1__STRESS__A_ZERO_INFERENCE_ONLY,RBM12_WV3_S5_R4_SS261001504_QFULL_F50K_v1,s5,4,261001504,QFULL,EXACT_50000,A_ZERO_INFERENCE_ONLY,49,20,48:-48_FIXED160,32:-32_FIXED192,0,RBM12_WV3_S5_R4_SS261001504_QFULL_F50K_v1
RBM12_WV3_S5_R4_SS261001504_QFULL_F50K_v1__STRESS__A_NATIVE_FIXED,RBM12_WV3_S5_R4_SS261001504_QFULL_F50K_v1,s5,4,261001504,QFULL,EXACT_50000,A_NATIVE_FIXED,49,20,48:-48_FIXED160,32:-32_FIXED192,0,RBM12_WV3_S5_R4_SS261001504_QFULL_F50K_v1
RBM12_WV3_S5_R4_SS261001504_QFULL_F50K_v1__STRESS__KNOWN_SHIFT_INVERSE,RBM12_WV3_S5_R4_SS261001504_QFULL_F50K_v1,s5,4,261001504,QFULL,EXACT_50000,KNOWN_SHIFT_INVERSE,49,20,48:-48_FIXED160,32:-32_FIXED192,0,RBM12_WV3_S5_R4_SS261001504_QFULL_F50K_v1
RBM12_WV3_S5_R4_SS261001504_QMEAN_F50K_v1__STRESS__A_ON,RBM12_WV3_S5_R4_SS261001504_QMEAN_F50K_v1,s5,4,261001504,QMEAN,EXACT_50000,A_ON,49,20,48:-48_FIXED160,32:-32_FIXED192,0,RBM12_WV3_S5_R4_SS261001504_QMEAN_F50K_v1
RBM12_WV3_S5_R4_SS261001504_QMEAN_F50K_v1__STRESS__A_ZERO_INFERENCE_ONLY,RBM12_WV3_S5_R4_SS261001504_QMEAN_F50K_v1,s5,4,261001504,QMEAN,EXACT_50000,A_ZERO_INFERENCE_ONLY,49,20,48:-48_FIXED160,32:-32_FIXED192,0,RBM12_WV3_S5_R4_SS261001504_QMEAN_F50K_v1
RBM12_WV3_S5_R4_SS261001504_QMEAN_F50K_v1__STRESS__A_NATIVE_FIXED,RBM12_WV3_S5_R4_SS261001504_QMEAN_F50K_v1,s5,4,261001504,QMEAN,EXACT_50000,A_NATIVE_FIXED,49,20,48:-48_FIXED160,32:-32_FIXED192,0,RBM12_WV3_S5_R4_SS261001504_QMEAN_F50K_v1
RBM12_WV3_S5_R4_SS261001504_QMEAN_F50K_v1__STRESS__KNOWN_SHIFT_INVERSE,RBM12_WV3_S5_R4_SS261001504_QMEAN_F50K_v1,s5,4,261001504,QMEAN,EXACT_50000,KNOWN_SHIFT_INVERSE,49,20,48:-48_FIXED160,32:-32_FIXED192,0,RBM12_WV3_S5_R4_SS261001504_QMEAN_F50K_v1
RBM12_WV3_S5_R4_SS261001504_QSHUF_F50K_v1__STRESS__A_ON,RBM12_WV3_S5_R4_SS261001504_QSHUF_F50K_v1,s5,4,261001504,QSHUF,EXACT_50000,A_ON,49,20,48:-48_FIXED160,32:-32_FIXED192,0,RBM12_WV3_S5_R4_SS261001504_QSHUF_F50K_v1
RBM12_WV3_S5_R4_SS261001504_QSHUF_F50K_v1__STRESS__A_ZERO_INFERENCE_ONLY,RBM12_WV3_S5_R4_SS261001504_QSHUF_F50K_v1,s5,4,261001504,QSHUF,EXACT_50000,A_ZERO_INFERENCE_ONLY,49,20,48:-48_FIXED160,32:-32_FIXED192,0,RBM12_WV3_S5_R4_SS261001504_QSHUF_F50K_v1
RBM12_WV3_S5_R4_SS261001504_QSHUF_F50K_v1__STRESS__A_NATIVE_FIXED,RBM12_WV3_S5_R4_SS261001504_QSHUF_F50K_v1,s5,4,261001504,QSHUF,EXACT_50000,A_NATIVE_FIXED,49,20,48:-48_FIXED160,32:-32_FIXED192,0,RBM12_WV3_S5_R4_SS261001504_QSHUF_F50K_v1
RBM12_WV3_S5_R4_SS261001504_QSHUF_F50K_v1__STRESS__KNOWN_SHIFT_INVERSE,RBM12_WV3_S5_R4_SS261001504_QSHUF_F50K_v1,s5,4,261001504,QSHUF,EXACT_50000,KNOWN_SHIFT_INVERSE,49,20,48:-48_FIXED160,32:-32_FIXED192,0,RBM12_WV3_S5_R4_SS261001504_QSHUF_F50K_v1
RBM12_WV3_S5_R4_SS261001504_QESUR_F50K_v1__STRESS__A_ON,RBM12_WV3_S5_R4_SS261001504_QESUR_F50K_v1,s5,4,261001504,QESUR,EXACT_50000,A_ON,49,20,48:-48_FIXED160,32:-32_FIXED192,0,RBM12_WV3_S5_R4_SS261001504_QESUR_F50K_v1
RBM12_WV3_S5_R4_SS261001504_QESUR_F50K_v1__STRESS__A_ZERO_INFERENCE_ONLY,RBM12_WV3_S5_R4_SS261001504_QESUR_F50K_v1,s5,4,261001504,QESUR,EXACT_50000,A_ZERO_INFERENCE_ONLY,49,20,48:-48_FIXED160,32:-32_FIXED192,0,RBM12_WV3_S5_R4_SS261001504_QESUR_F50K_v1
RBM12_WV3_S5_R4_SS261001504_QESUR_F50K_v1__STRESS__A_NATIVE_FIXED,RBM12_WV3_S5_R4_SS261001504_QESUR_F50K_v1,s5,4,261001504,QESUR,EXACT_50000,A_NATIVE_FIXED,49,20,48:-48_FIXED160,32:-32_FIXED192,0,RBM12_WV3_S5_R4_SS261001504_QESUR_F50K_v1
RBM12_WV3_S5_R4_SS261001504_QESUR_F50K_v1__STRESS__KNOWN_SHIFT_INVERSE,RBM12_WV3_S5_R4_SS261001504_QESUR_F50K_v1,s5,4,261001504,QESUR,EXACT_50000,KNOWN_SHIFT_INVERSE,49,20,48:-48_FIXED160,32:-32_FIXED192,0,RBM12_WV3_S5_R4_SS261001504_QESUR_F50K_v1
RBM12_WV3_S5_R4_SS261001504_QEDGE_F50K_v1__STRESS__A_ON,RBM12_WV3_S5_R4_SS261001504_QEDGE_F50K_v1,s5,4,261001504,QEDGE,EXACT_50000,A_ON,49,20,48:-48_FIXED160,32:-32_FIXED192,0,RBM12_WV3_S5_R4_SS261001504_QEDGE_F50K_v1
RBM12_WV3_S5_R4_SS261001504_QEDGE_F50K_v1__STRESS__A_ZERO_INFERENCE_ONLY,RBM12_WV3_S5_R4_SS261001504_QEDGE_F50K_v1,s5,4,261001504,QEDGE,EXACT_50000,A_ZERO_INFERENCE_ONLY,49,20,48:-48_FIXED160,32:-32_FIXED192,0,RBM12_WV3_S5_R4_SS261001504_QEDGE_F50K_v1
RBM12_WV3_S5_R4_SS261001504_QEDGE_F50K_v1__STRESS__A_NATIVE_FIXED,RBM12_WV3_S5_R4_SS261001504_QEDGE_F50K_v1,s5,4,261001504,QEDGE,EXACT_50000,A_NATIVE_FIXED,49,20,48:-48_FIXED160,32:-32_FIXED192,0,RBM12_WV3_S5_R4_SS261001504_QEDGE_F50K_v1
RBM12_WV3_S5_R4_SS261001504_QEDGE_F50K_v1__STRESS__KNOWN_SHIFT_INVERSE,RBM12_WV3_S5_R4_SS261001504_QEDGE_F50K_v1,s5,4,261001504,QEDGE,EXACT_50000,KNOWN_SHIFT_INVERSE,49,20,48:-48_FIXED160,32:-32_FIXED192,0,RBM12_WV3_S5_R4_SS261001504_QEDGE_F50K_v1
RBM12_WV3_S5_R4_SS261001504_QALIGN_F50K_v1__STRESS__A_ON,RBM12_WV3_S5_R4_SS261001504_QALIGN_F50K_v1,s5,4,261001504,QALIGN,EXACT_50000,A_ON,49,20,48:-48_FIXED160,32:-32_FIXED192,0,RBM12_WV3_S5_R4_SS261001504_QALIGN_F50K_v1
RBM12_WV3_S5_R4_SS261001504_QALIGN_F50K_v1__STRESS__A_ZERO_INFERENCE_ONLY,RBM12_WV3_S5_R4_SS261001504_QALIGN_F50K_v1,s5,4,261001504,QALIGN,EXACT_50000,A_ZERO_INFERENCE_ONLY,49,20,48:-48_FIXED160,32:-32_FIXED192,0,RBM12_WV3_S5_R4_SS261001504_QALIGN_F50K_v1
RBM12_WV3_S5_R4_SS261001504_QALIGN_F50K_v1__STRESS__A_NATIVE_FIXED,RBM12_WV3_S5_R4_SS261001504_QALIGN_F50K_v1,s5,4,261001504,QALIGN,EXACT_50000,A_NATIVE_FIXED,49,20,48:-48_FIXED160,32:-32_FIXED192,0,RBM12_WV3_S5_R4_SS261001504_QALIGN_F50K_v1
RBM12_WV3_S5_R4_SS261001504_QALIGN_F50K_v1__STRESS__KNOWN_SHIFT_INVERSE,RBM12_WV3_S5_R4_SS261001504_QALIGN_F50K_v1,s5,4,261001504,QALIGN,EXACT_50000,KNOWN_SHIFT_INVERSE,49,20,48:-48_FIXED160,32:-32_FIXED192,0,RBM12_WV3_S5_R4_SS261001504_QALIGN_F50K_v1
