campaign_id,run_id,dataset,server,repeat,seed,paired_block_id,case_id,phase,updates,primary_selection,secondary_selection,initial_U,initial_A,teacher_run_id,teacher_updates,work_dir,old_B01_reuse,status
PANDA_REBUTTAL_B02_M12_WV3_S135_20261001_v1,RBM12_WV3_S1_R1_SS261001101_QFULL_F50K_v1,WV3,s1,1,261001101,M12_s1_R1_SS261001101,QFULL,STEP1_QROUTE,50000,EXACT_50000,RR_VAL_ERGAS_MIN,FRESH_SHARED_WITHIN_BLOCK,FROZEN_F1_CLONE_THEN_TRAINABLE,FH12_S1_T_P0_W112_D123_WV3_S71001_FRESH50_v1,50000,work_dir/_panda_rb/20261001/B02_M12/train/s1/R1/QFULL,False,SPECIFIED_NOT_STARTED
PANDA_REBUTTAL_B02_M12_WV3_S135_20261001_v1,RBM12_WV3_S1_R1_SS261001101_QMEAN_F50K_v1,WV3,s1,1,261001101,M12_s1_R1_SS261001101,QMEAN,STEP1_QROUTE,50000,EXACT_50000,RR_VAL_ERGAS_MIN,FRESH_SHARED_WITHIN_BLOCK,FROZEN_F1_CLONE_THEN_TRAINABLE,FH12_S1_T_P0_W112_D123_WV3_S71001_FRESH50_v1,50000,work_dir/_panda_rb/20261001/B02_M12/train/s1/R1/QMEAN,False,SPECIFIED_NOT_STARTED
PANDA_REBUTTAL_B02_M12_WV3_S135_20261001_v1,RBM12_WV3_S1_R1_SS261001101_QSHUF_F50K_v1,WV3,s1,1,261001101,M12_s1_R1_SS261001101,QSHUF,STEP1_QROUTE,50000,EXACT_50000,RR_VAL_ERGAS_MIN,FRESH_SHARED_WITHIN_BLOCK,FROZEN_F1_CLONE_THEN_TRAINABLE,FH12_S1_T_P0_W112_D123_WV3_S71001_FRESH50_v1,50000,work_dir/_panda_rb/20261001/B02_M12/train/s1/R1/QSHUF,False,SPECIFIED_NOT_STARTED
PANDA_REBUTTAL_B02_M12_WV3_S135_20261001_v1,RBM12_WV3_S1_R1_SS261001101_QESUR_F50K_v1,WV3,s1,1,261001101,M12_s1_R1_SS261001101,QESUR,STEP1_QROUTE,50000,EXACT_50000,RR_VAL_ERGAS_MIN,FRESH_SHARED_WITHIN_BLOCK,FROZEN_F1_CLONE_THEN_TRAINABLE,FH12_S1_T_P0_W112_D123_WV3_S71001_FRESH50_v1,50000,work_dir/_panda_rb/20261001/B02_M12/train/s1/R1/QESUR,False,SPECIFIED_NOT_STARTED
PANDA_REBUTTAL_B02_M12_WV3_S135_20261001_v1,RBM12_WV3_S1_R1_SS261001101_QEDGE_F50K_v1,WV3,s1,1,261001101,M12_s1_R1_SS261001101,QEDGE,STEP1_QROUTE,50000,EXACT_50000,RR_VAL_ERGAS_MIN,FRESH_SHARED_WITHIN_BLOCK,FROZEN_F1_CLONE_THEN_TRAINABLE,FH12_S1_T_P0_W112_D123_WV3_S71001_FRESH50_v1,50000,work_dir/_panda_rb/20261001/B02_M12/train/s1/R1/QEDGE,False,SPECIFIED_NOT_STARTED
PANDA_REBUTTAL_B02_M12_WV3_S135_20261001_v1,RBM12_WV3_S1_R1_SS261001101_QALIGN_F50K_v1,WV3,s1,1,261001101,M12_s1_R1_SS261001101,QALIGN,STEP1_QROUTE,50000,EXACT_50000,RR_VAL_ERGAS_MIN,FRESH_SHARED_WITHIN_BLOCK,FROZEN_F1_CLONE_THEN_TRAINABLE,FH12_S1_T_P0_W112_D123_WV3_S71001_FRESH50_v1,50000,work_dir/_panda_rb/20261001/B02_M12/train/s1/R1/QALIGN,False,SPECIFIED_NOT_STARTED
PANDA_REBUTTAL_B02_M12_WV3_S135_20261001_v1,RBM12_WV3_S1_R1_SS261001101_H0_F50K_v1,WV3,s1,1,261001101,M12_s1_R1_SS261001101,H0,STEP2_FITTING,50000,EXACT_50000,RR_VAL_ERGAS_MIN,FRESH_SHARED_WITHIN_BLOCK,FROZEN_F1_CLONE_THEN_TRAINABLE,FH12_S1_T_P0_W112_D123_WV3_S71001_FRESH50_v1,50000,work_dir/_panda_rb/20261001/B02_M12/train/s1/R1/H0,False,SPECIFIED_NOT_STARTED
PANDA_REBUTTAL_B02_M12_WV3_S135_20261001_v1,RBM12_WV3_S1_R1_SS261001101_HSPMEAN_F50K_v1,WV3,s1,1,261001101,M12_s1_R1_SS261001101,HSPMEAN,STEP2_FITTING,50000,EXACT_50000,RR_VAL_ERGAS_MIN,FRESH_SHARED_WITHIN_BLOCK,FROZEN_F1_CLONE_THEN_TRAINABLE,FH12_S1_T_P0_W112_D123_WV3_S71001_FRESH50_v1,50000,work_dir/_panda_rb/20261001/B02_M12/train/s1/R1/HSPMEAN,False,SPECIFIED_NOT_STARTED
PANDA_REBUTTAL_B02_M12_WV3_S135_20261001_v1,RBM12_WV3_S1_R1_SS261001101_NOADV_F50K_v1,WV3,s1,1,261001101,M12_s1_R1_SS261001101,NOADV,STEP2_FITTING,50000,EXACT_50000,RR_VAL_ERGAS_MIN,FRESH_SHARED_WITHIN_BLOCK,FROZEN_F1_CLONE_THEN_TRAINABLE,FH12_S1_T_P0_W112_D123_WV3_S71001_FRESH50_v1,50000,work_dir/_panda_rb/20261001/B02_M12/train/s1/R1/NOADV,False,SPECIFIED_NOT_STARTED
PANDA_REBUTTAL_B02_M12_WV3_S135_20261001_v1,RBM12_WV3_S1_R1_SS261001101_ADVMEAN_F50K_v1,WV3,s1,1,261001101,M12_s1_R1_SS261001101,ADVMEAN,STEP2_FITTING,50000,EXACT_50000,RR_VAL_ERGAS_MIN,FRESH_SHARED_WITHIN_BLOCK,FROZEN_F1_CLONE_THEN_TRAINABLE,FH12_S1_T_P0_W112_D123_WV3_S71001_FRESH50_v1,50000,work_dir/_panda_rb/20261001/B02_M12/train/s1/R1/ADVMEAN,False,SPECIFIED_NOT_STARTED
PANDA_REBUTTAL_B02_M12_WV3_S135_20261001_v1,RBM12_WV3_S1_R2_SS261001102_QFULL_F50K_v1,WV3,s1,2,261001102,M12_s1_R2_SS261001102,QFULL,STEP1_QROUTE,50000,EXACT_50000,RR_VAL_ERGAS_MIN,FRESH_SHARED_WITHIN_BLOCK,FROZEN_F1_CLONE_THEN_TRAINABLE,FH12_S1_T_P0_W112_D123_WV3_S71001_FRESH50_v1,50000,work_dir/_panda_rb/20261001/B02_M12/train/s1/R2/QFULL,False,SPECIFIED_NOT_STARTED
PANDA_REBUTTAL_B02_M12_WV3_S135_20261001_v1,RBM12_WV3_S1_R2_SS261001102_QMEAN_F50K_v1,WV3,s1,2,261001102,M12_s1_R2_SS261001102,QMEAN,STEP1_QROUTE,50000,EXACT_50000,RR_VAL_ERGAS_MIN,FRESH_SHARED_WITHIN_BLOCK,FROZEN_F1_CLONE_THEN_TRAINABLE,FH12_S1_T_P0_W112_D123_WV3_S71001_FRESH50_v1,50000,work_dir/_panda_rb/20261001/B02_M12/train/s1/R2/QMEAN,False,SPECIFIED_NOT_STARTED
PANDA_REBUTTAL_B02_M12_WV3_S135_20261001_v1,RBM12_WV3_S1_R2_SS261001102_QSHUF_F50K_v1,WV3,s1,2,261001102,M12_s1_R2_SS261001102,QSHUF,STEP1_QROUTE,50000,EXACT_50000,RR_VAL_ERGAS_MIN,FRESH_SHARED_WITHIN_BLOCK,FROZEN_F1_CLONE_THEN_TRAINABLE,FH12_S1_T_P0_W112_D123_WV3_S71001_FRESH50_v1,50000,work_dir/_panda_rb/20261001/B02_M12/train/s1/R2/QSHUF,False,SPECIFIED_NOT_STARTED
PANDA_REBUTTAL_B02_M12_WV3_S135_20261001_v1,RBM12_WV3_S1_R2_SS261001102_QESUR_F50K_v1,WV3,s1,2,261001102,M12_s1_R2_SS261001102,QESUR,STEP1_QROUTE,50000,EXACT_50000,RR_VAL_ERGAS_MIN,FRESH_SHARED_WITHIN_BLOCK,FROZEN_F1_CLONE_THEN_TRAINABLE,FH12_S1_T_P0_W112_D123_WV3_S71001_FRESH50_v1,50000,work_dir/_panda_rb/20261001/B02_M12/train/s1/R2/QESUR,False,SPECIFIED_NOT_STARTED
PANDA_REBUTTAL_B02_M12_WV3_S135_20261001_v1,RBM12_WV3_S1_R2_SS261001102_QEDGE_F50K_v1,WV3,s1,2,261001102,M12_s1_R2_SS261001102,QEDGE,STEP1_QROUTE,50000,EXACT_50000,RR_VAL_ERGAS_MIN,FRESH_SHARED_WITHIN_BLOCK,FROZEN_F1_CLONE_THEN_TRAINABLE,FH12_S1_T_P0_W112_D123_WV3_S71001_FRESH50_v1,50000,work_dir/_panda_rb/20261001/B02_M12/train/s1/R2/QEDGE,False,SPECIFIED_NOT_STARTED
PANDA_REBUTTAL_B02_M12_WV3_S135_20261001_v1,RBM12_WV3_S1_R2_SS261001102_QALIGN_F50K_v1,WV3,s1,2,261001102,M12_s1_R2_SS261001102,QALIGN,STEP1_QROUTE,50000,EXACT_50000,RR_VAL_ERGAS_MIN,FRESH_SHARED_WITHIN_BLOCK,FROZEN_F1_CLONE_THEN_TRAINABLE,FH12_S1_T_P0_W112_D123_WV3_S71001_FRESH50_v1,50000,work_dir/_panda_rb/20261001/B02_M12/train/s1/R2/QALIGN,False,SPECIFIED_NOT_STARTED
PANDA_REBUTTAL_B02_M12_WV3_S135_20261001_v1,RBM12_WV3_S1_R2_SS261001102_H0_F50K_v1,WV3,s1,2,261001102,M12_s1_R2_SS261001102,H0,STEP2_FITTING,50000,EXACT_50000,RR_VAL_ERGAS_MIN,FRESH_SHARED_WITHIN_BLOCK,FROZEN_F1_CLONE_THEN_TRAINABLE,FH12_S1_T_P0_W112_D123_WV3_S71001_FRESH50_v1,50000,work_dir/_panda_rb/20261001/B02_M12/train/s1/R2/H0,False,SPECIFIED_NOT_STARTED
PANDA_REBUTTAL_B02_M12_WV3_S135_20261001_v1,RBM12_WV3_S1_R2_SS261001102_HSPMEAN_F50K_v1,WV3,s1,2,261001102,M12_s1_R2_SS261001102,HSPMEAN,STEP2_FITTING,50000,EXACT_50000,RR_VAL_ERGAS_MIN,FRESH_SHARED_WITHIN_BLOCK,FROZEN_F1_CLONE_THEN_TRAINABLE,FH12_S1_T_P0_W112_D123_WV3_S71001_FRESH50_v1,50000,work_dir/_panda_rb/20261001/B02_M12/train/s1/R2/HSPMEAN,False,SPECIFIED_NOT_STARTED
PANDA_REBUTTAL_B02_M12_WV3_S135_20261001_v1,RBM12_WV3_S1_R2_SS261001102_NOADV_F50K_v1,WV3,s1,2,261001102,M12_s1_R2_SS261001102,NOADV,STEP2_FITTING,50000,EXACT_50000,RR_VAL_ERGAS_MIN,FRESH_SHARED_WITHIN_BLOCK,FROZEN_F1_CLONE_THEN_TRAINABLE,FH12_S1_T_P0_W112_D123_WV3_S71001_FRESH50_v1,50000,work_dir/_panda_rb/20261001/B02_M12/train/s1/R2/NOADV,False,SPECIFIED_NOT_STARTED
PANDA_REBUTTAL_B02_M12_WV3_S135_20261001_v1,RBM12_WV3_S1_R2_SS261001102_ADVMEAN_F50K_v1,WV3,s1,2,261001102,M12_s1_R2_SS261001102,ADVMEAN,STEP2_FITTING,50000,EXACT_50000,RR_VAL_ERGAS_MIN,FRESH_SHARED_WITHIN_BLOCK,FROZEN_F1_CLONE_THEN_TRAINABLE,FH12_S1_T_P0_W112_D123_WV3_S71001_FRESH50_v1,50000,work_dir/_panda_rb/20261001/B02_M12/train/s1/R2/ADVMEAN,False,SPECIFIED_NOT_STARTED
PANDA_REBUTTAL_B02_M12_WV3_S135_20261001_v1,RBM12_WV3_S1_R3_SS261001103_QFULL_F50K_v1,WV3,s1,3,261001103,M12_s1_R3_SS261001103,QFULL,STEP1_QROUTE,50000,EXACT_50000,RR_VAL_ERGAS_MIN,FRESH_SHARED_WITHIN_BLOCK,FROZEN_F1_CLONE_THEN_TRAINABLE,FH12_S1_T_P0_W112_D123_WV3_S71001_FRESH50_v1,50000,work_dir/_panda_rb/20261001/B02_M12/train/s1/R3/QFULL,False,SPECIFIED_NOT_STARTED
PANDA_REBUTTAL_B02_M12_WV3_S135_20261001_v1,RBM12_WV3_S1_R3_SS261001103_QMEAN_F50K_v1,WV3,s1,3,261001103,M12_s1_R3_SS261001103,QMEAN,STEP1_QROUTE,50000,EXACT_50000,RR_VAL_ERGAS_MIN,FRESH_SHARED_WITHIN_BLOCK,FROZEN_F1_CLONE_THEN_TRAINABLE,FH12_S1_T_P0_W112_D123_WV3_S71001_FRESH50_v1,50000,work_dir/_panda_rb/20261001/B02_M12/train/s1/R3/QMEAN,False,SPECIFIED_NOT_STARTED
PANDA_REBUTTAL_B02_M12_WV3_S135_20261001_v1,RBM12_WV3_S1_R3_SS261001103_QSHUF_F50K_v1,WV3,s1,3,261001103,M12_s1_R3_SS261001103,QSHUF,STEP1_QROUTE,50000,EXACT_50000,RR_VAL_ERGAS_MIN,FRESH_SHARED_WITHIN_BLOCK,FROZEN_F1_CLONE_THEN_TRAINABLE,FH12_S1_T_P0_W112_D123_WV3_S71001_FRESH50_v1,50000,work_dir/_panda_rb/20261001/B02_M12/train/s1/R3/QSHUF,False,SPECIFIED_NOT_STARTED
PANDA_REBUTTAL_B02_M12_WV3_S135_20261001_v1,RBM12_WV3_S1_R3_SS261001103_QESUR_F50K_v1,WV3,s1,3,261001103,M12_s1_R3_SS261001103,QESUR,STEP1_QROUTE,50000,EXACT_50000,RR_VAL_ERGAS_MIN,FRESH_SHARED_WITHIN_BLOCK,FROZEN_F1_CLONE_THEN_TRAINABLE,FH12_S1_T_P0_W112_D123_WV3_S71001_FRESH50_v1,50000,work_dir/_panda_rb/20261001/B02_M12/train/s1/R3/QESUR,False,SPECIFIED_NOT_STARTED
PANDA_REBUTTAL_B02_M12_WV3_S135_20261001_v1,RBM12_WV3_S1_R3_SS261001103_QEDGE_F50K_v1,WV3,s1,3,261001103,M12_s1_R3_SS261001103,QEDGE,STEP1_QROUTE,50000,EXACT_50000,RR_VAL_ERGAS_MIN,FRESH_SHARED_WITHIN_BLOCK,FROZEN_F1_CLONE_THEN_TRAINABLE,FH12_S1_T_P0_W112_D123_WV3_S71001_FRESH50_v1,50000,work_dir/_panda_rb/20261001/B02_M12/train/s1/R3/QEDGE,False,SPECIFIED_NOT_STARTED
PANDA_REBUTTAL_B02_M12_WV3_S135_20261001_v1,RBM12_WV3_S1_R3_SS261001103_QALIGN_F50K_v1,WV3,s1,3,261001103,M12_s1_R3_SS261001103,QALIGN,STEP1_QROUTE,50000,EXACT_50000,RR_VAL_ERGAS_MIN,FRESH_SHARED_WITHIN_BLOCK,FROZEN_F1_CLONE_THEN_TRAINABLE,FH12_S1_T_P0_W112_D123_WV3_S71001_FRESH50_v1,50000,work_dir/_panda_rb/20261001/B02_M12/train/s1/R3/QALIGN,False,SPECIFIED_NOT_STARTED
PANDA_REBUTTAL_B02_M12_WV3_S135_20261001_v1,RBM12_WV3_S1_R3_SS261001103_H0_F50K_v1,WV3,s1,3,261001103,M12_s1_R3_SS261001103,H0,STEP2_FITTING,50000,EXACT_50000,RR_VAL_ERGAS_MIN,FRESH_SHARED_WITHIN_BLOCK,FROZEN_F1_CLONE_THEN_TRAINABLE,FH12_S1_T_P0_W112_D123_WV3_S71001_FRESH50_v1,50000,work_dir/_panda_rb/20261001/B02_M12/train/s1/R3/H0,False,SPECIFIED_NOT_STARTED
PANDA_REBUTTAL_B02_M12_WV3_S135_20261001_v1,RBM12_WV3_S1_R3_SS261001103_HSPMEAN_F50K_v1,WV3,s1,3,261001103,M12_s1_R3_SS261001103,HSPMEAN,STEP2_FITTING,50000,EXACT_50000,RR_VAL_ERGAS_MIN,FRESH_SHARED_WITHIN_BLOCK,FROZEN_F1_CLONE_THEN_TRAINABLE,FH12_S1_T_P0_W112_D123_WV3_S71001_FRESH50_v1,50000,work_dir/_panda_rb/20261001/B02_M12/train/s1/R3/HSPMEAN,False,SPECIFIED_NOT_STARTED
PANDA_REBUTTAL_B02_M12_WV3_S135_20261001_v1,RBM12_WV3_S1_R3_SS261001103_NOADV_F50K_v1,WV3,s1,3,261001103,M12_s1_R3_SS261001103,NOADV,STEP2_FITTING,50000,EXACT_50000,RR_VAL_ERGAS_MIN,FRESH_SHARED_WITHIN_BLOCK,FROZEN_F1_CLONE_THEN_TRAINABLE,FH12_S1_T_P0_W112_D123_WV3_S71001_FRESH50_v1,50000,work_dir/_panda_rb/20261001/B02_M12/train/s1/R3/NOADV,False,SPECIFIED_NOT_STARTED
PANDA_REBUTTAL_B02_M12_WV3_S135_20261001_v1,RBM12_WV3_S1_R3_SS261001103_ADVMEAN_F50K_v1,WV3,s1,3,261001103,M12_s1_R3_SS261001103,ADVMEAN,STEP2_FITTING,50000,EXACT_50000,RR_VAL_ERGAS_MIN,FRESH_SHARED_WITHIN_BLOCK,FROZEN_F1_CLONE_THEN_TRAINABLE,FH12_S1_T_P0_W112_D123_WV3_S71001_FRESH50_v1,50000,work_dir/_panda_rb/20261001/B02_M12/train/s1/R3/ADVMEAN,False,SPECIFIED_NOT_STARTED
PANDA_REBUTTAL_B02_M12_WV3_S135_20261001_v1,RBM12_WV3_S1_R4_SS261001104_QFULL_F50K_v1,WV3,s1,4,261001104,M12_s1_R4_SS261001104,QFULL,STEP1_QROUTE,50000,EXACT_50000,RR_VAL_ERGAS_MIN,FRESH_SHARED_WITHIN_BLOCK,FROZEN_F1_CLONE_THEN_TRAINABLE,FH12_S1_T_P0_W112_D123_WV3_S71001_FRESH50_v1,50000,work_dir/_panda_rb/20261001/B02_M12/train/s1/R4/QFULL,False,SPECIFIED_NOT_STARTED
PANDA_REBUTTAL_B02_M12_WV3_S135_20261001_v1,RBM12_WV3_S1_R4_SS261001104_QMEAN_F50K_v1,WV3,s1,4,261001104,M12_s1_R4_SS261001104,QMEAN,STEP1_QROUTE,50000,EXACT_50000,RR_VAL_ERGAS_MIN,FRESH_SHARED_WITHIN_BLOCK,FROZEN_F1_CLONE_THEN_TRAINABLE,FH12_S1_T_P0_W112_D123_WV3_S71001_FRESH50_v1,50000,work_dir/_panda_rb/20261001/B02_M12/train/s1/R4/QMEAN,False,SPECIFIED_NOT_STARTED
PANDA_REBUTTAL_B02_M12_WV3_S135_20261001_v1,RBM12_WV3_S1_R4_SS261001104_QSHUF_F50K_v1,WV3,s1,4,261001104,M12_s1_R4_SS261001104,QSHUF,STEP1_QROUTE,50000,EXACT_50000,RR_VAL_ERGAS_MIN,FRESH_SHARED_WITHIN_BLOCK,FROZEN_F1_CLONE_THEN_TRAINABLE,FH12_S1_T_P0_W112_D123_WV3_S71001_FRESH50_v1,50000,work_dir/_panda_rb/20261001/B02_M12/train/s1/R4/QSHUF,False,SPECIFIED_NOT_STARTED
PANDA_REBUTTAL_B02_M12_WV3_S135_20261001_v1,RBM12_WV3_S1_R4_SS261001104_QESUR_F50K_v1,WV3,s1,4,261001104,M12_s1_R4_SS261001104,QESUR,STEP1_QROUTE,50000,EXACT_50000,RR_VAL_ERGAS_MIN,FRESH_SHARED_WITHIN_BLOCK,FROZEN_F1_CLONE_THEN_TRAINABLE,FH12_S1_T_P0_W112_D123_WV3_S71001_FRESH50_v1,50000,work_dir/_panda_rb/20261001/B02_M12/train/s1/R4/QESUR,False,SPECIFIED_NOT_STARTED
PANDA_REBUTTAL_B02_M12_WV3_S135_20261001_v1,RBM12_WV3_S1_R4_SS261001104_QEDGE_F50K_v1,WV3,s1,4,261001104,M12_s1_R4_SS261001104,QEDGE,STEP1_QROUTE,50000,EXACT_50000,RR_VAL_ERGAS_MIN,FRESH_SHARED_WITHIN_BLOCK,FROZEN_F1_CLONE_THEN_TRAINABLE,FH12_S1_T_P0_W112_D123_WV3_S71001_FRESH50_v1,50000,work_dir/_panda_rb/20261001/B02_M12/train/s1/R4/QEDGE,False,SPECIFIED_NOT_STARTED
PANDA_REBUTTAL_B02_M12_WV3_S135_20261001_v1,RBM12_WV3_S1_R4_SS261001104_QALIGN_F50K_v1,WV3,s1,4,261001104,M12_s1_R4_SS261001104,QALIGN,STEP1_QROUTE,50000,EXACT_50000,RR_VAL_ERGAS_MIN,FRESH_SHARED_WITHIN_BLOCK,FROZEN_F1_CLONE_THEN_TRAINABLE,FH12_S1_T_P0_W112_D123_WV3_S71001_FRESH50_v1,50000,work_dir/_panda_rb/20261001/B02_M12/train/s1/R4/QALIGN,False,SPECIFIED_NOT_STARTED
PANDA_REBUTTAL_B02_M12_WV3_S135_20261001_v1,RBM12_WV3_S1_R4_SS261001104_H0_F50K_v1,WV3,s1,4,261001104,M12_s1_R4_SS261001104,H0,STEP2_FITTING,50000,EXACT_50000,RR_VAL_ERGAS_MIN,FRESH_SHARED_WITHIN_BLOCK,FROZEN_F1_CLONE_THEN_TRAINABLE,FH12_S1_T_P0_W112_D123_WV3_S71001_FRESH50_v1,50000,work_dir/_panda_rb/20261001/B02_M12/train/s1/R4/H0,False,SPECIFIED_NOT_STARTED
PANDA_REBUTTAL_B02_M12_WV3_S135_20261001_v1,RBM12_WV3_S1_R4_SS261001104_HSPMEAN_F50K_v1,WV3,s1,4,261001104,M12_s1_R4_SS261001104,HSPMEAN,STEP2_FITTING,50000,EXACT_50000,RR_VAL_ERGAS_MIN,FRESH_SHARED_WITHIN_BLOCK,FROZEN_F1_CLONE_THEN_TRAINABLE,FH12_S1_T_P0_W112_D123_WV3_S71001_FRESH50_v1,50000,work_dir/_panda_rb/20261001/B02_M12/train/s1/R4/HSPMEAN,False,SPECIFIED_NOT_STARTED
PANDA_REBUTTAL_B02_M12_WV3_S135_20261001_v1,RBM12_WV3_S1_R4_SS261001104_NOADV_F50K_v1,WV3,s1,4,261001104,M12_s1_R4_SS261001104,NOADV,STEP2_FITTING,50000,EXACT_50000,RR_VAL_ERGAS_MIN,FRESH_SHARED_WITHIN_BLOCK,FROZEN_F1_CLONE_THEN_TRAINABLE,FH12_S1_T_P0_W112_D123_WV3_S71001_FRESH50_v1,50000,work_dir/_panda_rb/20261001/B02_M12/train/s1/R4/NOADV,False,SPECIFIED_NOT_STARTED
PANDA_REBUTTAL_B02_M12_WV3_S135_20261001_v1,RBM12_WV3_S1_R4_SS261001104_ADVMEAN_F50K_v1,WV3,s1,4,261001104,M12_s1_R4_SS261001104,ADVMEAN,STEP2_FITTING,50000,EXACT_50000,RR_VAL_ERGAS_MIN,FRESH_SHARED_WITHIN_BLOCK,FROZEN_F1_CLONE_THEN_TRAINABLE,FH12_S1_T_P0_W112_D123_WV3_S71001_FRESH50_v1,50000,work_dir/_panda_rb/20261001/B02_M12/train/s1/R4/ADVMEAN,False,SPECIFIED_NOT_STARTED
PANDA_REBUTTAL_B02_M12_WV3_S135_20261001_v1,RBM12_WV3_S3_R1_SS261001301_QFULL_F50K_v1,WV3,s3,1,261001301,M12_s3_R1_SS261001301,QFULL,STEP1_QROUTE,50000,EXACT_50000,RR_VAL_ERGAS_MIN,FRESH_SHARED_WITHIN_BLOCK,FROZEN_F1_CLONE_THEN_TRAINABLE,FH12_S1_T_P0_W112_D123_WV3_S71001_FRESH50_v1,50000,work_dir/_panda_rb/20261001/B02_M12/train/s3/R1/QFULL,False,SPECIFIED_NOT_STARTED
PANDA_REBUTTAL_B02_M12_WV3_S135_20261001_v1,RBM12_WV3_S3_R1_SS261001301_QMEAN_F50K_v1,WV3,s3,1,261001301,M12_s3_R1_SS261001301,QMEAN,STEP1_QROUTE,50000,EXACT_50000,RR_VAL_ERGAS_MIN,FRESH_SHARED_WITHIN_BLOCK,FROZEN_F1_CLONE_THEN_TRAINABLE,FH12_S1_T_P0_W112_D123_WV3_S71001_FRESH50_v1,50000,work_dir/_panda_rb/20261001/B02_M12/train/s3/R1/QMEAN,False,SPECIFIED_NOT_STARTED
PANDA_REBUTTAL_B02_M12_WV3_S135_20261001_v1,RBM12_WV3_S3_R1_SS261001301_QSHUF_F50K_v1,WV3,s3,1,261001301,M12_s3_R1_SS261001301,QSHUF,STEP1_QROUTE,50000,EXACT_50000,RR_VAL_ERGAS_MIN,FRESH_SHARED_WITHIN_BLOCK,FROZEN_F1_CLONE_THEN_TRAINABLE,FH12_S1_T_P0_W112_D123_WV3_S71001_FRESH50_v1,50000,work_dir/_panda_rb/20261001/B02_M12/train/s3/R1/QSHUF,False,SPECIFIED_NOT_STARTED
PANDA_REBUTTAL_B02_M12_WV3_S135_20261001_v1,RBM12_WV3_S3_R1_SS261001301_QESUR_F50K_v1,WV3,s3,1,261001301,M12_s3_R1_SS261001301,QESUR,STEP1_QROUTE,50000,EXACT_50000,RR_VAL_ERGAS_MIN,FRESH_SHARED_WITHIN_BLOCK,FROZEN_F1_CLONE_THEN_TRAINABLE,FH12_S1_T_P0_W112_D123_WV3_S71001_FRESH50_v1,50000,work_dir/_panda_rb/20261001/B02_M12/train/s3/R1/QESUR,False,SPECIFIED_NOT_STARTED
PANDA_REBUTTAL_B02_M12_WV3_S135_20261001_v1,RBM12_WV3_S3_R1_SS261001301_QEDGE_F50K_v1,WV3,s3,1,261001301,M12_s3_R1_SS261001301,QEDGE,STEP1_QROUTE,50000,EXACT_50000,RR_VAL_ERGAS_MIN,FRESH_SHARED_WITHIN_BLOCK,FROZEN_F1_CLONE_THEN_TRAINABLE,FH12_S1_T_P0_W112_D123_WV3_S71001_FRESH50_v1,50000,work_dir/_panda_rb/20261001/B02_M12/train/s3/R1/QEDGE,False,SPECIFIED_NOT_STARTED
PANDA_REBUTTAL_B02_M12_WV3_S135_20261001_v1,RBM12_WV3_S3_R1_SS261001301_QALIGN_F50K_v1,WV3,s3,1,261001301,M12_s3_R1_SS261001301,QALIGN,STEP1_QROUTE,50000,EXACT_50000,RR_VAL_ERGAS_MIN,FRESH_SHARED_WITHIN_BLOCK,FROZEN_F1_CLONE_THEN_TRAINABLE,FH12_S1_T_P0_W112_D123_WV3_S71001_FRESH50_v1,50000,work_dir/_panda_rb/20261001/B02_M12/train/s3/R1/QALIGN,False,SPECIFIED_NOT_STARTED
PANDA_REBUTTAL_B02_M12_WV3_S135_20261001_v1,RBM12_WV3_S3_R1_SS261001301_H0_F50K_v1,WV3,s3,1,261001301,M12_s3_R1_SS261001301,H0,STEP2_FITTING,50000,EXACT_50000,RR_VAL_ERGAS_MIN,FRESH_SHARED_WITHIN_BLOCK,FROZEN_F1_CLONE_THEN_TRAINABLE,FH12_S1_T_P0_W112_D123_WV3_S71001_FRESH50_v1,50000,work_dir/_panda_rb/20261001/B02_M12/train/s3/R1/H0,False,SPECIFIED_NOT_STARTED
PANDA_REBUTTAL_B02_M12_WV3_S135_20261001_v1,RBM12_WV3_S3_R1_SS261001301_HSPMEAN_F50K_v1,WV3,s3,1,261001301,M12_s3_R1_SS261001301,HSPMEAN,STEP2_FITTING,50000,EXACT_50000,RR_VAL_ERGAS_MIN,FRESH_SHARED_WITHIN_BLOCK,FROZEN_F1_CLONE_THEN_TRAINABLE,FH12_S1_T_P0_W112_D123_WV3_S71001_FRESH50_v1,50000,work_dir/_panda_rb/20261001/B02_M12/train/s3/R1/HSPMEAN,False,SPECIFIED_NOT_STARTED
PANDA_REBUTTAL_B02_M12_WV3_S135_20261001_v1,RBM12_WV3_S3_R1_SS261001301_NOADV_F50K_v1,WV3,s3,1,261001301,M12_s3_R1_SS261001301,NOADV,STEP2_FITTING,50000,EXACT_50000,RR_VAL_ERGAS_MIN,FRESH_SHARED_WITHIN_BLOCK,FROZEN_F1_CLONE_THEN_TRAINABLE,FH12_S1_T_P0_W112_D123_WV3_S71001_FRESH50_v1,50000,work_dir/_panda_rb/20261001/B02_M12/train/s3/R1/NOADV,False,SPECIFIED_NOT_STARTED
PANDA_REBUTTAL_B02_M12_WV3_S135_20261001_v1,RBM12_WV3_S3_R1_SS261001301_ADVMEAN_F50K_v1,WV3,s3,1,261001301,M12_s3_R1_SS261001301,ADVMEAN,STEP2_FITTING,50000,EXACT_50000,RR_VAL_ERGAS_MIN,FRESH_SHARED_WITHIN_BLOCK,FROZEN_F1_CLONE_THEN_TRAINABLE,FH12_S1_T_P0_W112_D123_WV3_S71001_FRESH50_v1,50000,work_dir/_panda_rb/20261001/B02_M12/train/s3/R1/ADVMEAN,False,SPECIFIED_NOT_STARTED
PANDA_REBUTTAL_B02_M12_WV3_S135_20261001_v1,RBM12_WV3_S3_R2_SS261001302_QFULL_F50K_v1,WV3,s3,2,261001302,M12_s3_R2_SS261001302,QFULL,STEP1_QROUTE,50000,EXACT_50000,RR_VAL_ERGAS_MIN,FRESH_SHARED_WITHIN_BLOCK,FROZEN_F1_CLONE_THEN_TRAINABLE,FH12_S1_T_P0_W112_D123_WV3_S71001_FRESH50_v1,50000,work_dir/_panda_rb/20261001/B02_M12/train/s3/R2/QFULL,False,SPECIFIED_NOT_STARTED
PANDA_REBUTTAL_B02_M12_WV3_S135_20261001_v1,RBM12_WV3_S3_R2_SS261001302_QMEAN_F50K_v1,WV3,s3,2,261001302,M12_s3_R2_SS261001302,QMEAN,STEP1_QROUTE,50000,EXACT_50000,RR_VAL_ERGAS_MIN,FRESH_SHARED_WITHIN_BLOCK,FROZEN_F1_CLONE_THEN_TRAINABLE,FH12_S1_T_P0_W112_D123_WV3_S71001_FRESH50_v1,50000,work_dir/_panda_rb/20261001/B02_M12/train/s3/R2/QMEAN,False,SPECIFIED_NOT_STARTED
PANDA_REBUTTAL_B02_M12_WV3_S135_20261001_v1,RBM12_WV3_S3_R2_SS261001302_QSHUF_F50K_v1,WV3,s3,2,261001302,M12_s3_R2_SS261001302,QSHUF,STEP1_QROUTE,50000,EXACT_50000,RR_VAL_ERGAS_MIN,FRESH_SHARED_WITHIN_BLOCK,FROZEN_F1_CLONE_THEN_TRAINABLE,FH12_S1_T_P0_W112_D123_WV3_S71001_FRESH50_v1,50000,work_dir/_panda_rb/20261001/B02_M12/train/s3/R2/QSHUF,False,SPECIFIED_NOT_STARTED
PANDA_REBUTTAL_B02_M12_WV3_S135_20261001_v1,RBM12_WV3_S3_R2_SS261001302_QESUR_F50K_v1,WV3,s3,2,261001302,M12_s3_R2_SS261001302,QESUR,STEP1_QROUTE,50000,EXACT_50000,RR_VAL_ERGAS_MIN,FRESH_SHARED_WITHIN_BLOCK,FROZEN_F1_CLONE_THEN_TRAINABLE,FH12_S1_T_P0_W112_D123_WV3_S71001_FRESH50_v1,50000,work_dir/_panda_rb/20261001/B02_M12/train/s3/R2/QESUR,False,SPECIFIED_NOT_STARTED
PANDA_REBUTTAL_B02_M12_WV3_S135_20261001_v1,RBM12_WV3_S3_R2_SS261001302_QEDGE_F50K_v1,WV3,s3,2,261001302,M12_s3_R2_SS261001302,QEDGE,STEP1_QROUTE,50000,EXACT_50000,RR_VAL_ERGAS_MIN,FRESH_SHARED_WITHIN_BLOCK,FROZEN_F1_CLONE_THEN_TRAINABLE,FH12_S1_T_P0_W112_D123_WV3_S71001_FRESH50_v1,50000,work_dir/_panda_rb/20261001/B02_M12/train/s3/R2/QEDGE,False,SPECIFIED_NOT_STARTED
PANDA_REBUTTAL_B02_M12_WV3_S135_20261001_v1,RBM12_WV3_S3_R2_SS261001302_QALIGN_F50K_v1,WV3,s3,2,261001302,M12_s3_R2_SS261001302,QALIGN,STEP1_QROUTE,50000,EXACT_50000,RR_VAL_ERGAS_MIN,FRESH_SHARED_WITHIN_BLOCK,FROZEN_F1_CLONE_THEN_TRAINABLE,FH12_S1_T_P0_W112_D123_WV3_S71001_FRESH50_v1,50000,work_dir/_panda_rb/20261001/B02_M12/train/s3/R2/QALIGN,False,SPECIFIED_NOT_STARTED
PANDA_REBUTTAL_B02_M12_WV3_S135_20261001_v1,RBM12_WV3_S3_R2_SS261001302_H0_F50K_v1,WV3,s3,2,261001302,M12_s3_R2_SS261001302,H0,STEP2_FITTING,50000,EXACT_50000,RR_VAL_ERGAS_MIN,FRESH_SHARED_WITHIN_BLOCK,FROZEN_F1_CLONE_THEN_TRAINABLE,FH12_S1_T_P0_W112_D123_WV3_S71001_FRESH50_v1,50000,work_dir/_panda_rb/20261001/B02_M12/train/s3/R2/H0,False,SPECIFIED_NOT_STARTED
PANDA_REBUTTAL_B02_M12_WV3_S135_20261001_v1,RBM12_WV3_S3_R2_SS261001302_HSPMEAN_F50K_v1,WV3,s3,2,261001302,M12_s3_R2_SS261001302,HSPMEAN,STEP2_FITTING,50000,EXACT_50000,RR_VAL_ERGAS_MIN,FRESH_SHARED_WITHIN_BLOCK,FROZEN_F1_CLONE_THEN_TRAINABLE,FH12_S1_T_P0_W112_D123_WV3_S71001_FRESH50_v1,50000,work_dir/_panda_rb/20261001/B02_M12/train/s3/R2/HSPMEAN,False,SPECIFIED_NOT_STARTED
PANDA_REBUTTAL_B02_M12_WV3_S135_20261001_v1,RBM12_WV3_S3_R2_SS261001302_NOADV_F50K_v1,WV3,s3,2,261001302,M12_s3_R2_SS261001302,NOADV,STEP2_FITTING,50000,EXACT_50000,RR_VAL_ERGAS_MIN,FRESH_SHARED_WITHIN_BLOCK,FROZEN_F1_CLONE_THEN_TRAINABLE,FH12_S1_T_P0_W112_D123_WV3_S71001_FRESH50_v1,50000,work_dir/_panda_rb/20261001/B02_M12/train/s3/R2/NOADV,False,SPECIFIED_NOT_STARTED
PANDA_REBUTTAL_B02_M12_WV3_S135_20261001_v1,RBM12_WV3_S3_R2_SS261001302_ADVMEAN_F50K_v1,WV3,s3,2,261001302,M12_s3_R2_SS261001302,ADVMEAN,STEP2_FITTING,50000,EXACT_50000,RR_VAL_ERGAS_MIN,FRESH_SHARED_WITHIN_BLOCK,FROZEN_F1_CLONE_THEN_TRAINABLE,FH12_S1_T_P0_W112_D123_WV3_S71001_FRESH50_v1,50000,work_dir/_panda_rb/20261001/B02_M12/train/s3/R2/ADVMEAN,False,SPECIFIED_NOT_STARTED
PANDA_REBUTTAL_B02_M12_WV3_S135_20261001_v1,RBM12_WV3_S3_R3_SS261001303_QFULL_F50K_v1,WV3,s3,3,261001303,M12_s3_R3_SS261001303,QFULL,STEP1_QROUTE,50000,EXACT_50000,RR_VAL_ERGAS_MIN,FRESH_SHARED_WITHIN_BLOCK,FROZEN_F1_CLONE_THEN_TRAINABLE,FH12_S1_T_P0_W112_D123_WV3_S71001_FRESH50_v1,50000,work_dir/_panda_rb/20261001/B02_M12/train/s3/R3/QFULL,False,SPECIFIED_NOT_STARTED
PANDA_REBUTTAL_B02_M12_WV3_S135_20261001_v1,RBM12_WV3_S3_R3_SS261001303_QMEAN_F50K_v1,WV3,s3,3,261001303,M12_s3_R3_SS261001303,QMEAN,STEP1_QROUTE,50000,EXACT_50000,RR_VAL_ERGAS_MIN,FRESH_SHARED_WITHIN_BLOCK,FROZEN_F1_CLONE_THEN_TRAINABLE,FH12_S1_T_P0_W112_D123_WV3_S71001_FRESH50_v1,50000,work_dir/_panda_rb/20261001/B02_M12/train/s3/R3/QMEAN,False,SPECIFIED_NOT_STARTED
PANDA_REBUTTAL_B02_M12_WV3_S135_20261001_v1,RBM12_WV3_S3_R3_SS261001303_QSHUF_F50K_v1,WV3,s3,3,261001303,M12_s3_R3_SS261001303,QSHUF,STEP1_QROUTE,50000,EXACT_50000,RR_VAL_ERGAS_MIN,FRESH_SHARED_WITHIN_BLOCK,FROZEN_F1_CLONE_THEN_TRAINABLE,FH12_S1_T_P0_W112_D123_WV3_S71001_FRESH50_v1,50000,work_dir/_panda_rb/20261001/B02_M12/train/s3/R3/QSHUF,False,SPECIFIED_NOT_STARTED
PANDA_REBUTTAL_B02_M12_WV3_S135_20261001_v1,RBM12_WV3_S3_R3_SS261001303_QESUR_F50K_v1,WV3,s3,3,261001303,M12_s3_R3_SS261001303,QESUR,STEP1_QROUTE,50000,EXACT_50000,RR_VAL_ERGAS_MIN,FRESH_SHARED_WITHIN_BLOCK,FROZEN_F1_CLONE_THEN_TRAINABLE,FH12_S1_T_P0_W112_D123_WV3_S71001_FRESH50_v1,50000,work_dir/_panda_rb/20261001/B02_M12/train/s3/R3/QESUR,False,SPECIFIED_NOT_STARTED
PANDA_REBUTTAL_B02_M12_WV3_S135_20261001_v1,RBM12_WV3_S3_R3_SS261001303_QEDGE_F50K_v1,WV3,s3,3,261001303,M12_s3_R3_SS261001303,QEDGE,STEP1_QROUTE,50000,EXACT_50000,RR_VAL_ERGAS_MIN,FRESH_SHARED_WITHIN_BLOCK,FROZEN_F1_CLONE_THEN_TRAINABLE,FH12_S1_T_P0_W112_D123_WV3_S71001_FRESH50_v1,50000,work_dir/_panda_rb/20261001/B02_M12/train/s3/R3/QEDGE,False,SPECIFIED_NOT_STARTED
PANDA_REBUTTAL_B02_M12_WV3_S135_20261001_v1,RBM12_WV3_S3_R3_SS261001303_QALIGN_F50K_v1,WV3,s3,3,261001303,M12_s3_R3_SS261001303,QALIGN,STEP1_QROUTE,50000,EXACT_50000,RR_VAL_ERGAS_MIN,FRESH_SHARED_WITHIN_BLOCK,FROZEN_F1_CLONE_THEN_TRAINABLE,FH12_S1_T_P0_W112_D123_WV3_S71001_FRESH50_v1,50000,work_dir/_panda_rb/20261001/B02_M12/train/s3/R3/QALIGN,False,SPECIFIED_NOT_STARTED
PANDA_REBUTTAL_B02_M12_WV3_S135_20261001_v1,RBM12_WV3_S3_R3_SS261001303_H0_F50K_v1,WV3,s3,3,261001303,M12_s3_R3_SS261001303,H0,STEP2_FITTING,50000,EXACT_50000,RR_VAL_ERGAS_MIN,FRESH_SHARED_WITHIN_BLOCK,FROZEN_F1_CLONE_THEN_TRAINABLE,FH12_S1_T_P0_W112_D123_WV3_S71001_FRESH50_v1,50000,work_dir/_panda_rb/20261001/B02_M12/train/s3/R3/H0,False,SPECIFIED_NOT_STARTED
PANDA_REBUTTAL_B02_M12_WV3_S135_20261001_v1,RBM12_WV3_S3_R3_SS261001303_HSPMEAN_F50K_v1,WV3,s3,3,261001303,M12_s3_R3_SS261001303,HSPMEAN,STEP2_FITTING,50000,EXACT_50000,RR_VAL_ERGAS_MIN,FRESH_SHARED_WITHIN_BLOCK,FROZEN_F1_CLONE_THEN_TRAINABLE,FH12_S1_T_P0_W112_D123_WV3_S71001_FRESH50_v1,50000,work_dir/_panda_rb/20261001/B02_M12/train/s3/R3/HSPMEAN,False,SPECIFIED_NOT_STARTED
PANDA_REBUTTAL_B02_M12_WV3_S135_20261001_v1,RBM12_WV3_S3_R3_SS261001303_NOADV_F50K_v1,WV3,s3,3,261001303,M12_s3_R3_SS261001303,NOADV,STEP2_FITTING,50000,EXACT_50000,RR_VAL_ERGAS_MIN,FRESH_SHARED_WITHIN_BLOCK,FROZEN_F1_CLONE_THEN_TRAINABLE,FH12_S1_T_P0_W112_D123_WV3_S71001_FRESH50_v1,50000,work_dir/_panda_rb/20261001/B02_M12/train/s3/R3/NOADV,False,SPECIFIED_NOT_STARTED
PANDA_REBUTTAL_B02_M12_WV3_S135_20261001_v1,RBM12_WV3_S3_R3_SS261001303_ADVMEAN_F50K_v1,WV3,s3,3,261001303,M12_s3_R3_SS261001303,ADVMEAN,STEP2_FITTING,50000,EXACT_50000,RR_VAL_ERGAS_MIN,FRESH_SHARED_WITHIN_BLOCK,FROZEN_F1_CLONE_THEN_TRAINABLE,FH12_S1_T_P0_W112_D123_WV3_S71001_FRESH50_v1,50000,work_dir/_panda_rb/20261001/B02_M12/train/s3/R3/ADVMEAN,False,SPECIFIED_NOT_STARTED
PANDA_REBUTTAL_B02_M12_WV3_S135_20261001_v1,RBM12_WV3_S3_R4_SS261001304_QFULL_F50K_v1,WV3,s3,4,261001304,M12_s3_R4_SS261001304,QFULL,STEP1_QROUTE,50000,EXACT_50000,RR_VAL_ERGAS_MIN,FRESH_SHARED_WITHIN_BLOCK,FROZEN_F1_CLONE_THEN_TRAINABLE,FH12_S1_T_P0_W112_D123_WV3_S71001_FRESH50_v1,50000,work_dir/_panda_rb/20261001/B02_M12/train/s3/R4/QFULL,False,SPECIFIED_NOT_STARTED
PANDA_REBUTTAL_B02_M12_WV3_S135_20261001_v1,RBM12_WV3_S3_R4_SS261001304_QMEAN_F50K_v1,WV3,s3,4,261001304,M12_s3_R4_SS261001304,QMEAN,STEP1_QROUTE,50000,EXACT_50000,RR_VAL_ERGAS_MIN,FRESH_SHARED_WITHIN_BLOCK,FROZEN_F1_CLONE_THEN_TRAINABLE,FH12_S1_T_P0_W112_D123_WV3_S71001_FRESH50_v1,50000,work_dir/_panda_rb/20261001/B02_M12/train/s3/R4/QMEAN,False,SPECIFIED_NOT_STARTED
PANDA_REBUTTAL_B02_M12_WV3_S135_20261001_v1,RBM12_WV3_S3_R4_SS261001304_QSHUF_F50K_v1,WV3,s3,4,261001304,M12_s3_R4_SS261001304,QSHUF,STEP1_QROUTE,50000,EXACT_50000,RR_VAL_ERGAS_MIN,FRESH_SHARED_WITHIN_BLOCK,FROZEN_F1_CLONE_THEN_TRAINABLE,FH12_S1_T_P0_W112_D123_WV3_S71001_FRESH50_v1,50000,work_dir/_panda_rb/20261001/B02_M12/train/s3/R4/QSHUF,False,SPECIFIED_NOT_STARTED
PANDA_REBUTTAL_B02_M12_WV3_S135_20261001_v1,RBM12_WV3_S3_R4_SS261001304_QESUR_F50K_v1,WV3,s3,4,261001304,M12_s3_R4_SS261001304,QESUR,STEP1_QROUTE,50000,EXACT_50000,RR_VAL_ERGAS_MIN,FRESH_SHARED_WITHIN_BLOCK,FROZEN_F1_CLONE_THEN_TRAINABLE,FH12_S1_T_P0_W112_D123_WV3_S71001_FRESH50_v1,50000,work_dir/_panda_rb/20261001/B02_M12/train/s3/R4/QESUR,False,SPECIFIED_NOT_STARTED
PANDA_REBUTTAL_B02_M12_WV3_S135_20261001_v1,RBM12_WV3_S3_R4_SS261001304_QEDGE_F50K_v1,WV3,s3,4,261001304,M12_s3_R4_SS261001304,QEDGE,STEP1_QROUTE,50000,EXACT_50000,RR_VAL_ERGAS_MIN,FRESH_SHARED_WITHIN_BLOCK,FROZEN_F1_CLONE_THEN_TRAINABLE,FH12_S1_T_P0_W112_D123_WV3_S71001_FRESH50_v1,50000,work_dir/_panda_rb/20261001/B02_M12/train/s3/R4/QEDGE,False,SPECIFIED_NOT_STARTED
PANDA_REBUTTAL_B02_M12_WV3_S135_20261001_v1,RBM12_WV3_S3_R4_SS261001304_QALIGN_F50K_v1,WV3,s3,4,261001304,M12_s3_R4_SS261001304,QALIGN,STEP1_QROUTE,50000,EXACT_50000,RR_VAL_ERGAS_MIN,FRESH_SHARED_WITHIN_BLOCK,FROZEN_F1_CLONE_THEN_TRAINABLE,FH12_S1_T_P0_W112_D123_WV3_S71001_FRESH50_v1,50000,work_dir/_panda_rb/20261001/B02_M12/train/s3/R4/QALIGN,False,SPECIFIED_NOT_STARTED
PANDA_REBUTTAL_B02_M12_WV3_S135_20261001_v1,RBM12_WV3_S3_R4_SS261001304_H0_F50K_v1,WV3,s3,4,261001304,M12_s3_R4_SS261001304,H0,STEP2_FITTING,50000,EXACT_50000,RR_VAL_ERGAS_MIN,FRESH_SHARED_WITHIN_BLOCK,FROZEN_F1_CLONE_THEN_TRAINABLE,FH12_S1_T_P0_W112_D123_WV3_S71001_FRESH50_v1,50000,work_dir/_panda_rb/20261001/B02_M12/train/s3/R4/H0,False,SPECIFIED_NOT_STARTED
PANDA_REBUTTAL_B02_M12_WV3_S135_20261001_v1,RBM12_WV3_S3_R4_SS261001304_HSPMEAN_F50K_v1,WV3,s3,4,261001304,M12_s3_R4_SS261001304,HSPMEAN,STEP2_FITTING,50000,EXACT_50000,RR_VAL_ERGAS_MIN,FRESH_SHARED_WITHIN_BLOCK,FROZEN_F1_CLONE_THEN_TRAINABLE,FH12_S1_T_P0_W112_D123_WV3_S71001_FRESH50_v1,50000,work_dir/_panda_rb/20261001/B02_M12/train/s3/R4/HSPMEAN,False,SPECIFIED_NOT_STARTED
PANDA_REBUTTAL_B02_M12_WV3_S135_20261001_v1,RBM12_WV3_S3_R4_SS261001304_NOADV_F50K_v1,WV3,s3,4,261001304,M12_s3_R4_SS261001304,NOADV,STEP2_FITTING,50000,EXACT_50000,RR_VAL_ERGAS_MIN,FRESH_SHARED_WITHIN_BLOCK,FROZEN_F1_CLONE_THEN_TRAINABLE,FH12_S1_T_P0_W112_D123_WV3_S71001_FRESH50_v1,50000,work_dir/_panda_rb/20261001/B02_M12/train/s3/R4/NOADV,False,SPECIFIED_NOT_STARTED
PANDA_REBUTTAL_B02_M12_WV3_S135_20261001_v1,RBM12_WV3_S3_R4_SS261001304_ADVMEAN_F50K_v1,WV3,s3,4,261001304,M12_s3_R4_SS261001304,ADVMEAN,STEP2_FITTING,50000,EXACT_50000,RR_VAL_ERGAS_MIN,FRESH_SHARED_WITHIN_BLOCK,FROZEN_F1_CLONE_THEN_TRAINABLE,FH12_S1_T_P0_W112_D123_WV3_S71001_FRESH50_v1,50000,work_dir/_panda_rb/20261001/B02_M12/train/s3/R4/ADVMEAN,False,SPECIFIED_NOT_STARTED
PANDA_REBUTTAL_B02_M12_WV3_S135_20261001_v1,RBM12_WV3_S5_R1_SS261001501_QFULL_F50K_v1,WV3,s5,1,261001501,M12_s5_R1_SS261001501,QFULL,STEP1_QROUTE,50000,EXACT_50000,RR_VAL_ERGAS_MIN,FRESH_SHARED_WITHIN_BLOCK,FROZEN_F1_CLONE_THEN_TRAINABLE,FH12_S1_T_P0_W112_D123_WV3_S71001_FRESH50_v1,50000,work_dir/_panda_rb/20261001/B02_M12/train/s5/R1/QFULL,False,SPECIFIED_NOT_STARTED
PANDA_REBUTTAL_B02_M12_WV3_S135_20261001_v1,RBM12_WV3_S5_R1_SS261001501_QMEAN_F50K_v1,WV3,s5,1,261001501,M12_s5_R1_SS261001501,QMEAN,STEP1_QROUTE,50000,EXACT_50000,RR_VAL_ERGAS_MIN,FRESH_SHARED_WITHIN_BLOCK,FROZEN_F1_CLONE_THEN_TRAINABLE,FH12_S1_T_P0_W112_D123_WV3_S71001_FRESH50_v1,50000,work_dir/_panda_rb/20261001/B02_M12/train/s5/R1/QMEAN,False,SPECIFIED_NOT_STARTED
PANDA_REBUTTAL_B02_M12_WV3_S135_20261001_v1,RBM12_WV3_S5_R1_SS261001501_QSHUF_F50K_v1,WV3,s5,1,261001501,M12_s5_R1_SS261001501,QSHUF,STEP1_QROUTE,50000,EXACT_50000,RR_VAL_ERGAS_MIN,FRESH_SHARED_WITHIN_BLOCK,FROZEN_F1_CLONE_THEN_TRAINABLE,FH12_S1_T_P0_W112_D123_WV3_S71001_FRESH50_v1,50000,work_dir/_panda_rb/20261001/B02_M12/train/s5/R1/QSHUF,False,SPECIFIED_NOT_STARTED
PANDA_REBUTTAL_B02_M12_WV3_S135_20261001_v1,RBM12_WV3_S5_R1_SS261001501_QESUR_F50K_v1,WV3,s5,1,261001501,M12_s5_R1_SS261001501,QESUR,STEP1_QROUTE,50000,EXACT_50000,RR_VAL_ERGAS_MIN,FRESH_SHARED_WITHIN_BLOCK,FROZEN_F1_CLONE_THEN_TRAINABLE,FH12_S1_T_P0_W112_D123_WV3_S71001_FRESH50_v1,50000,work_dir/_panda_rb/20261001/B02_M12/train/s5/R1/QESUR,False,SPECIFIED_NOT_STARTED
PANDA_REBUTTAL_B02_M12_WV3_S135_20261001_v1,RBM12_WV3_S5_R1_SS261001501_QEDGE_F50K_v1,WV3,s5,1,261001501,M12_s5_R1_SS261001501,QEDGE,STEP1_QROUTE,50000,EXACT_50000,RR_VAL_ERGAS_MIN,FRESH_SHARED_WITHIN_BLOCK,FROZEN_F1_CLONE_THEN_TRAINABLE,FH12_S1_T_P0_W112_D123_WV3_S71001_FRESH50_v1,50000,work_dir/_panda_rb/20261001/B02_M12/train/s5/R1/QEDGE,False,SPECIFIED_NOT_STARTED
PANDA_REBUTTAL_B02_M12_WV3_S135_20261001_v1,RBM12_WV3_S5_R1_SS261001501_QALIGN_F50K_v1,WV3,s5,1,261001501,M12_s5_R1_SS261001501,QALIGN,STEP1_QROUTE,50000,EXACT_50000,RR_VAL_ERGAS_MIN,FRESH_SHARED_WITHIN_BLOCK,FROZEN_F1_CLONE_THEN_TRAINABLE,FH12_S1_T_P0_W112_D123_WV3_S71001_FRESH50_v1,50000,work_dir/_panda_rb/20261001/B02_M12/train/s5/R1/QALIGN,False,SPECIFIED_NOT_STARTED
PANDA_REBUTTAL_B02_M12_WV3_S135_20261001_v1,RBM12_WV3_S5_R1_SS261001501_H0_F50K_v1,WV3,s5,1,261001501,M12_s5_R1_SS261001501,H0,STEP2_FITTING,50000,EXACT_50000,RR_VAL_ERGAS_MIN,FRESH_SHARED_WITHIN_BLOCK,FROZEN_F1_CLONE_THEN_TRAINABLE,FH12_S1_T_P0_W112_D123_WV3_S71001_FRESH50_v1,50000,work_dir/_panda_rb/20261001/B02_M12/train/s5/R1/H0,False,SPECIFIED_NOT_STARTED
PANDA_REBUTTAL_B02_M12_WV3_S135_20261001_v1,RBM12_WV3_S5_R1_SS261001501_HSPMEAN_F50K_v1,WV3,s5,1,261001501,M12_s5_R1_SS261001501,HSPMEAN,STEP2_FITTING,50000,EXACT_50000,RR_VAL_ERGAS_MIN,FRESH_SHARED_WITHIN_BLOCK,FROZEN_F1_CLONE_THEN_TRAINABLE,FH12_S1_T_P0_W112_D123_WV3_S71001_FRESH50_v1,50000,work_dir/_panda_rb/20261001/B02_M12/train/s5/R1/HSPMEAN,False,SPECIFIED_NOT_STARTED
PANDA_REBUTTAL_B02_M12_WV3_S135_20261001_v1,RBM12_WV3_S5_R1_SS261001501_NOADV_F50K_v1,WV3,s5,1,261001501,M12_s5_R1_SS261001501,NOADV,STEP2_FITTING,50000,EXACT_50000,RR_VAL_ERGAS_MIN,FRESH_SHARED_WITHIN_BLOCK,FROZEN_F1_CLONE_THEN_TRAINABLE,FH12_S1_T_P0_W112_D123_WV3_S71001_FRESH50_v1,50000,work_dir/_panda_rb/20261001/B02_M12/train/s5/R1/NOADV,False,SPECIFIED_NOT_STARTED
PANDA_REBUTTAL_B02_M12_WV3_S135_20261001_v1,RBM12_WV3_S5_R1_SS261001501_ADVMEAN_F50K_v1,WV3,s5,1,261001501,M12_s5_R1_SS261001501,ADVMEAN,STEP2_FITTING,50000,EXACT_50000,RR_VAL_ERGAS_MIN,FRESH_SHARED_WITHIN_BLOCK,FROZEN_F1_CLONE_THEN_TRAINABLE,FH12_S1_T_P0_W112_D123_WV3_S71001_FRESH50_v1,50000,work_dir/_panda_rb/20261001/B02_M12/train/s5/R1/ADVMEAN,False,SPECIFIED_NOT_STARTED
PANDA_REBUTTAL_B02_M12_WV3_S135_20261001_v1,RBM12_WV3_S5_R2_SS261001502_QFULL_F50K_v1,WV3,s5,2,261001502,M12_s5_R2_SS261001502,QFULL,STEP1_QROUTE,50000,EXACT_50000,RR_VAL_ERGAS_MIN,FRESH_SHARED_WITHIN_BLOCK,FROZEN_F1_CLONE_THEN_TRAINABLE,FH12_S1_T_P0_W112_D123_WV3_S71001_FRESH50_v1,50000,work_dir/_panda_rb/20261001/B02_M12/train/s5/R2/QFULL,False,SPECIFIED_NOT_STARTED
PANDA_REBUTTAL_B02_M12_WV3_S135_20261001_v1,RBM12_WV3_S5_R2_SS261001502_QMEAN_F50K_v1,WV3,s5,2,261001502,M12_s5_R2_SS261001502,QMEAN,STEP1_QROUTE,50000,EXACT_50000,RR_VAL_ERGAS_MIN,FRESH_SHARED_WITHIN_BLOCK,FROZEN_F1_CLONE_THEN_TRAINABLE,FH12_S1_T_P0_W112_D123_WV3_S71001_FRESH50_v1,50000,work_dir/_panda_rb/20261001/B02_M12/train/s5/R2/QMEAN,False,SPECIFIED_NOT_STARTED
PANDA_REBUTTAL_B02_M12_WV3_S135_20261001_v1,RBM12_WV3_S5_R2_SS261001502_QSHUF_F50K_v1,WV3,s5,2,261001502,M12_s5_R2_SS261001502,QSHUF,STEP1_QROUTE,50000,EXACT_50000,RR_VAL_ERGAS_MIN,FRESH_SHARED_WITHIN_BLOCK,FROZEN_F1_CLONE_THEN_TRAINABLE,FH12_S1_T_P0_W112_D123_WV3_S71001_FRESH50_v1,50000,work_dir/_panda_rb/20261001/B02_M12/train/s5/R2/QSHUF,False,SPECIFIED_NOT_STARTED
PANDA_REBUTTAL_B02_M12_WV3_S135_20261001_v1,RBM12_WV3_S5_R2_SS261001502_QESUR_F50K_v1,WV3,s5,2,261001502,M12_s5_R2_SS261001502,QESUR,STEP1_QROUTE,50000,EXACT_50000,RR_VAL_ERGAS_MIN,FRESH_SHARED_WITHIN_BLOCK,FROZEN_F1_CLONE_THEN_TRAINABLE,FH12_S1_T_P0_W112_D123_WV3_S71001_FRESH50_v1,50000,work_dir/_panda_rb/20261001/B02_M12/train/s5/R2/QESUR,False,SPECIFIED_NOT_STARTED
PANDA_REBUTTAL_B02_M12_WV3_S135_20261001_v1,RBM12_WV3_S5_R2_SS261001502_QEDGE_F50K_v1,WV3,s5,2,261001502,M12_s5_R2_SS261001502,QEDGE,STEP1_QROUTE,50000,EXACT_50000,RR_VAL_ERGAS_MIN,FRESH_SHARED_WITHIN_BLOCK,FROZEN_F1_CLONE_THEN_TRAINABLE,FH12_S1_T_P0_W112_D123_WV3_S71001_FRESH50_v1,50000,work_dir/_panda_rb/20261001/B02_M12/train/s5/R2/QEDGE,False,SPECIFIED_NOT_STARTED
PANDA_REBUTTAL_B02_M12_WV3_S135_20261001_v1,RBM12_WV3_S5_R2_SS261001502_QALIGN_F50K_v1,WV3,s5,2,261001502,M12_s5_R2_SS261001502,QALIGN,STEP1_QROUTE,50000,EXACT_50000,RR_VAL_ERGAS_MIN,FRESH_SHARED_WITHIN_BLOCK,FROZEN_F1_CLONE_THEN_TRAINABLE,FH12_S1_T_P0_W112_D123_WV3_S71001_FRESH50_v1,50000,work_dir/_panda_rb/20261001/B02_M12/train/s5/R2/QALIGN,False,SPECIFIED_NOT_STARTED
PANDA_REBUTTAL_B02_M12_WV3_S135_20261001_v1,RBM12_WV3_S5_R2_SS261001502_H0_F50K_v1,WV3,s5,2,261001502,M12_s5_R2_SS261001502,H0,STEP2_FITTING,50000,EXACT_50000,RR_VAL_ERGAS_MIN,FRESH_SHARED_WITHIN_BLOCK,FROZEN_F1_CLONE_THEN_TRAINABLE,FH12_S1_T_P0_W112_D123_WV3_S71001_FRESH50_v1,50000,work_dir/_panda_rb/20261001/B02_M12/train/s5/R2/H0,False,SPECIFIED_NOT_STARTED
PANDA_REBUTTAL_B02_M12_WV3_S135_20261001_v1,RBM12_WV3_S5_R2_SS261001502_HSPMEAN_F50K_v1,WV3,s5,2,261001502,M12_s5_R2_SS261001502,HSPMEAN,STEP2_FITTING,50000,EXACT_50000,RR_VAL_ERGAS_MIN,FRESH_SHARED_WITHIN_BLOCK,FROZEN_F1_CLONE_THEN_TRAINABLE,FH12_S1_T_P0_W112_D123_WV3_S71001_FRESH50_v1,50000,work_dir/_panda_rb/20261001/B02_M12/train/s5/R2/HSPMEAN,False,SPECIFIED_NOT_STARTED
PANDA_REBUTTAL_B02_M12_WV3_S135_20261001_v1,RBM12_WV3_S5_R2_SS261001502_NOADV_F50K_v1,WV3,s5,2,261001502,M12_s5_R2_SS261001502,NOADV,STEP2_FITTING,50000,EXACT_50000,RR_VAL_ERGAS_MIN,FRESH_SHARED_WITHIN_BLOCK,FROZEN_F1_CLONE_THEN_TRAINABLE,FH12_S1_T_P0_W112_D123_WV3_S71001_FRESH50_v1,50000,work_dir/_panda_rb/20261001/B02_M12/train/s5/R2/NOADV,False,SPECIFIED_NOT_STARTED
PANDA_REBUTTAL_B02_M12_WV3_S135_20261001_v1,RBM12_WV3_S5_R2_SS261001502_ADVMEAN_F50K_v1,WV3,s5,2,261001502,M12_s5_R2_SS261001502,ADVMEAN,STEP2_FITTING,50000,EXACT_50000,RR_VAL_ERGAS_MIN,FRESH_SHARED_WITHIN_BLOCK,FROZEN_F1_CLONE_THEN_TRAINABLE,FH12_S1_T_P0_W112_D123_WV3_S71001_FRESH50_v1,50000,work_dir/_panda_rb/20261001/B02_M12/train/s5/R2/ADVMEAN,False,SPECIFIED_NOT_STARTED
PANDA_REBUTTAL_B02_M12_WV3_S135_20261001_v1,RBM12_WV3_S5_R3_SS261001503_QFULL_F50K_v1,WV3,s5,3,261001503,M12_s5_R3_SS261001503,QFULL,STEP1_QROUTE,50000,EXACT_50000,RR_VAL_ERGAS_MIN,FRESH_SHARED_WITHIN_BLOCK,FROZEN_F1_CLONE_THEN_TRAINABLE,FH12_S1_T_P0_W112_D123_WV3_S71001_FRESH50_v1,50000,work_dir/_panda_rb/20261001/B02_M12/train/s5/R3/QFULL,False,SPECIFIED_NOT_STARTED
PANDA_REBUTTAL_B02_M12_WV3_S135_20261001_v1,RBM12_WV3_S5_R3_SS261001503_QMEAN_F50K_v1,WV3,s5,3,261001503,M12_s5_R3_SS261001503,QMEAN,STEP1_QROUTE,50000,EXACT_50000,RR_VAL_ERGAS_MIN,FRESH_SHARED_WITHIN_BLOCK,FROZEN_F1_CLONE_THEN_TRAINABLE,FH12_S1_T_P0_W112_D123_WV3_S71001_FRESH50_v1,50000,work_dir/_panda_rb/20261001/B02_M12/train/s5/R3/QMEAN,False,SPECIFIED_NOT_STARTED
PANDA_REBUTTAL_B02_M12_WV3_S135_20261001_v1,RBM12_WV3_S5_R3_SS261001503_QSHUF_F50K_v1,WV3,s5,3,261001503,M12_s5_R3_SS261001503,QSHUF,STEP1_QROUTE,50000,EXACT_50000,RR_VAL_ERGAS_MIN,FRESH_SHARED_WITHIN_BLOCK,FROZEN_F1_CLONE_THEN_TRAINABLE,FH12_S1_T_P0_W112_D123_WV3_S71001_FRESH50_v1,50000,work_dir/_panda_rb/20261001/B02_M12/train/s5/R3/QSHUF,False,SPECIFIED_NOT_STARTED
PANDA_REBUTTAL_B02_M12_WV3_S135_20261001_v1,RBM12_WV3_S5_R3_SS261001503_QESUR_F50K_v1,WV3,s5,3,261001503,M12_s5_R3_SS261001503,QESUR,STEP1_QROUTE,50000,EXACT_50000,RR_VAL_ERGAS_MIN,FRESH_SHARED_WITHIN_BLOCK,FROZEN_F1_CLONE_THEN_TRAINABLE,FH12_S1_T_P0_W112_D123_WV3_S71001_FRESH50_v1,50000,work_dir/_panda_rb/20261001/B02_M12/train/s5/R3/QESUR,False,SPECIFIED_NOT_STARTED
PANDA_REBUTTAL_B02_M12_WV3_S135_20261001_v1,RBM12_WV3_S5_R3_SS261001503_QEDGE_F50K_v1,WV3,s5,3,261001503,M12_s5_R3_SS261001503,QEDGE,STEP1_QROUTE,50000,EXACT_50000,RR_VAL_ERGAS_MIN,FRESH_SHARED_WITHIN_BLOCK,FROZEN_F1_CLONE_THEN_TRAINABLE,FH12_S1_T_P0_W112_D123_WV3_S71001_FRESH50_v1,50000,work_dir/_panda_rb/20261001/B02_M12/train/s5/R3/QEDGE,False,SPECIFIED_NOT_STARTED
PANDA_REBUTTAL_B02_M12_WV3_S135_20261001_v1,RBM12_WV3_S5_R3_SS261001503_QALIGN_F50K_v1,WV3,s5,3,261001503,M12_s5_R3_SS261001503,QALIGN,STEP1_QROUTE,50000,EXACT_50000,RR_VAL_ERGAS_MIN,FRESH_SHARED_WITHIN_BLOCK,FROZEN_F1_CLONE_THEN_TRAINABLE,FH12_S1_T_P0_W112_D123_WV3_S71001_FRESH50_v1,50000,work_dir/_panda_rb/20261001/B02_M12/train/s5/R3/QALIGN,False,SPECIFIED_NOT_STARTED
PANDA_REBUTTAL_B02_M12_WV3_S135_20261001_v1,RBM12_WV3_S5_R3_SS261001503_H0_F50K_v1,WV3,s5,3,261001503,M12_s5_R3_SS261001503,H0,STEP2_FITTING,50000,EXACT_50000,RR_VAL_ERGAS_MIN,FRESH_SHARED_WITHIN_BLOCK,FROZEN_F1_CLONE_THEN_TRAINABLE,FH12_S1_T_P0_W112_D123_WV3_S71001_FRESH50_v1,50000,work_dir/_panda_rb/20261001/B02_M12/train/s5/R3/H0,False,SPECIFIED_NOT_STARTED
PANDA_REBUTTAL_B02_M12_WV3_S135_20261001_v1,RBM12_WV3_S5_R3_SS261001503_HSPMEAN_F50K_v1,WV3,s5,3,261001503,M12_s5_R3_SS261001503,HSPMEAN,STEP2_FITTING,50000,EXACT_50000,RR_VAL_ERGAS_MIN,FRESH_SHARED_WITHIN_BLOCK,FROZEN_F1_CLONE_THEN_TRAINABLE,FH12_S1_T_P0_W112_D123_WV3_S71001_FRESH50_v1,50000,work_dir/_panda_rb/20261001/B02_M12/train/s5/R3/HSPMEAN,False,SPECIFIED_NOT_STARTED
PANDA_REBUTTAL_B02_M12_WV3_S135_20261001_v1,RBM12_WV3_S5_R3_SS261001503_NOADV_F50K_v1,WV3,s5,3,261001503,M12_s5_R3_SS261001503,NOADV,STEP2_FITTING,50000,EXACT_50000,RR_VAL_ERGAS_MIN,FRESH_SHARED_WITHIN_BLOCK,FROZEN_F1_CLONE_THEN_TRAINABLE,FH12_S1_T_P0_W112_D123_WV3_S71001_FRESH50_v1,50000,work_dir/_panda_rb/20261001/B02_M12/train/s5/R3/NOADV,False,SPECIFIED_NOT_STARTED
PANDA_REBUTTAL_B02_M12_WV3_S135_20261001_v1,RBM12_WV3_S5_R3_SS261001503_ADVMEAN_F50K_v1,WV3,s5,3,261001503,M12_s5_R3_SS261001503,ADVMEAN,STEP2_FITTING,50000,EXACT_50000,RR_VAL_ERGAS_MIN,FRESH_SHARED_WITHIN_BLOCK,FROZEN_F1_CLONE_THEN_TRAINABLE,FH12_S1_T_P0_W112_D123_WV3_S71001_FRESH50_v1,50000,work_dir/_panda_rb/20261001/B02_M12/train/s5/R3/ADVMEAN,False,SPECIFIED_NOT_STARTED
PANDA_REBUTTAL_B02_M12_WV3_S135_20261001_v1,RBM12_WV3_S5_R4_SS261001504_QFULL_F50K_v1,WV3,s5,4,261001504,M12_s5_R4_SS261001504,QFULL,STEP1_QROUTE,50000,EXACT_50000,RR_VAL_ERGAS_MIN,FRESH_SHARED_WITHIN_BLOCK,FROZEN_F1_CLONE_THEN_TRAINABLE,FH12_S1_T_P0_W112_D123_WV3_S71001_FRESH50_v1,50000,work_dir/_panda_rb/20261001/B02_M12/train/s5/R4/QFULL,False,SPECIFIED_NOT_STARTED
PANDA_REBUTTAL_B02_M12_WV3_S135_20261001_v1,RBM12_WV3_S5_R4_SS261001504_QMEAN_F50K_v1,WV3,s5,4,261001504,M12_s5_R4_SS261001504,QMEAN,STEP1_QROUTE,50000,EXACT_50000,RR_VAL_ERGAS_MIN,FRESH_SHARED_WITHIN_BLOCK,FROZEN_F1_CLONE_THEN_TRAINABLE,FH12_S1_T_P0_W112_D123_WV3_S71001_FRESH50_v1,50000,work_dir/_panda_rb/20261001/B02_M12/train/s5/R4/QMEAN,False,SPECIFIED_NOT_STARTED
PANDA_REBUTTAL_B02_M12_WV3_S135_20261001_v1,RBM12_WV3_S5_R4_SS261001504_QSHUF_F50K_v1,WV3,s5,4,261001504,M12_s5_R4_SS261001504,QSHUF,STEP1_QROUTE,50000,EXACT_50000,RR_VAL_ERGAS_MIN,FRESH_SHARED_WITHIN_BLOCK,FROZEN_F1_CLONE_THEN_TRAINABLE,FH12_S1_T_P0_W112_D123_WV3_S71001_FRESH50_v1,50000,work_dir/_panda_rb/20261001/B02_M12/train/s5/R4/QSHUF,False,SPECIFIED_NOT_STARTED
PANDA_REBUTTAL_B02_M12_WV3_S135_20261001_v1,RBM12_WV3_S5_R4_SS261001504_QESUR_F50K_v1,WV3,s5,4,261001504,M12_s5_R4_SS261001504,QESUR,STEP1_QROUTE,50000,EXACT_50000,RR_VAL_ERGAS_MIN,FRESH_SHARED_WITHIN_BLOCK,FROZEN_F1_CLONE_THEN_TRAINABLE,FH12_S1_T_P0_W112_D123_WV3_S71001_FRESH50_v1,50000,work_dir/_panda_rb/20261001/B02_M12/train/s5/R4/QESUR,False,SPECIFIED_NOT_STARTED
PANDA_REBUTTAL_B02_M12_WV3_S135_20261001_v1,RBM12_WV3_S5_R4_SS261001504_QEDGE_F50K_v1,WV3,s5,4,261001504,M12_s5_R4_SS261001504,QEDGE,STEP1_QROUTE,50000,EXACT_50000,RR_VAL_ERGAS_MIN,FRESH_SHARED_WITHIN_BLOCK,FROZEN_F1_CLONE_THEN_TRAINABLE,FH12_S1_T_P0_W112_D123_WV3_S71001_FRESH50_v1,50000,work_dir/_panda_rb/20261001/B02_M12/train/s5/R4/QEDGE,False,SPECIFIED_NOT_STARTED
PANDA_REBUTTAL_B02_M12_WV3_S135_20261001_v1,RBM12_WV3_S5_R4_SS261001504_QALIGN_F50K_v1,WV3,s5,4,261001504,M12_s5_R4_SS261001504,QALIGN,STEP1_QROUTE,50000,EXACT_50000,RR_VAL_ERGAS_MIN,FRESH_SHARED_WITHIN_BLOCK,FROZEN_F1_CLONE_THEN_TRAINABLE,FH12_S1_T_P0_W112_D123_WV3_S71001_FRESH50_v1,50000,work_dir/_panda_rb/20261001/B02_M12/train/s5/R4/QALIGN,False,SPECIFIED_NOT_STARTED
PANDA_REBUTTAL_B02_M12_WV3_S135_20261001_v1,RBM12_WV3_S5_R4_SS261001504_H0_F50K_v1,WV3,s5,4,261001504,M12_s5_R4_SS261001504,H0,STEP2_FITTING,50000,EXACT_50000,RR_VAL_ERGAS_MIN,FRESH_SHARED_WITHIN_BLOCK,FROZEN_F1_CLONE_THEN_TRAINABLE,FH12_S1_T_P0_W112_D123_WV3_S71001_FRESH50_v1,50000,work_dir/_panda_rb/20261001/B02_M12/train/s5/R4/H0,False,SPECIFIED_NOT_STARTED
PANDA_REBUTTAL_B02_M12_WV3_S135_20261001_v1,RBM12_WV3_S5_R4_SS261001504_HSPMEAN_F50K_v1,WV3,s5,4,261001504,M12_s5_R4_SS261001504,HSPMEAN,STEP2_FITTING,50000,EXACT_50000,RR_VAL_ERGAS_MIN,FRESH_SHARED_WITHIN_BLOCK,FROZEN_F1_CLONE_THEN_TRAINABLE,FH12_S1_T_P0_W112_D123_WV3_S71001_FRESH50_v1,50000,work_dir/_panda_rb/20261001/B02_M12/train/s5/R4/HSPMEAN,False,SPECIFIED_NOT_STARTED
PANDA_REBUTTAL_B02_M12_WV3_S135_20261001_v1,RBM12_WV3_S5_R4_SS261001504_NOADV_F50K_v1,WV3,s5,4,261001504,M12_s5_R4_SS261001504,NOADV,STEP2_FITTING,50000,EXACT_50000,RR_VAL_ERGAS_MIN,FRESH_SHARED_WITHIN_BLOCK,FROZEN_F1_CLONE_THEN_TRAINABLE,FH12_S1_T_P0_W112_D123_WV3_S71001_FRESH50_v1,50000,work_dir/_panda_rb/20261001/B02_M12/train/s5/R4/NOADV,False,SPECIFIED_NOT_STARTED
PANDA_REBUTTAL_B02_M12_WV3_S135_20261001_v1,RBM12_WV3_S5_R4_SS261001504_ADVMEAN_F50K_v1,WV3,s5,4,261001504,M12_s5_R4_SS261001504,ADVMEAN,STEP2_FITTING,50000,EXACT_50000,RR_VAL_ERGAS_MIN,FRESH_SHARED_WITHIN_BLOCK,FROZEN_F1_CLONE_THEN_TRAINABLE,FH12_S1_T_P0_W112_D123_WV3_S71001_FRESH50_v1,50000,work_dir/_panda_rb/20261001/B02_M12/train/s5/R4/ADVMEAN,False,SPECIFIED_NOT_STARTED
